sim_id,job_id,scenario_key,replicate_num,run_date,project_version,master_seed,ac_amount,fragmentation,habitat,niche_breadth,dispersal_type,dispersal_kernel,dispersal_ratio,dispersal_dist,edge_effect,status,state_file,sampled_files
0001,recovered,ac0.1_hab0.15_frag0.2_edge1_disp2,001,2026-05-22,1.2,113,0.1,0.2,0.15,0.1,short_long,exponential,1,2,1,complete,output/model_states/0001_ac0.1_hab0.15_frag0.2_edge1_disp2_r001.rds,output/sampled_data/0001_ac0.1_hab0.15_frag0.2_edge1_disp2_r001_all.csv; output/sampled_data/0001_ac0.1_hab0.15_frag0.2_edge1_disp2_r001_cb.csv; output/sampled_data/0001_ac0.1_hab0.15_frag0.2_edge1_disp2_r001_rand.csv
0002,recovered,ac0.1_hab0.15_frag0.5_edge1_disp2,001,2026-05-22,1.2,114,0.1,0.5,0.15,0.1,short_long,exponential,1,2,1,complete,output/model_states/0002_ac0.1_hab0.15_frag0.5_edge1_disp2_r001.rds,output/sampled_data/0002_ac0.1_hab0.15_frag0.5_edge1_disp2_r001_all.csv; output/sampled_data/0002_ac0.1_hab0.15_frag0.5_edge1_disp2_r001_cb.csv; output/sampled_data/0002_ac0.1_hab0.15_frag0.5_edge1_disp2_r001_rand.csv
0003,recovered,ac0.1_hab0.15_frag0.8_edge1_disp2,001,2026-05-22,1.2,115,0.1,0.8,0.15,0.1,short_long,exponential,1,2,1,complete,output/model_states/0003_ac0.1_hab0.15_frag0.8_edge1_disp2_r001.rds,output/sampled_data/0003_ac0.1_hab0.15_frag0.8_edge1_disp2_r001_all.csv; output/sampled_data/0003_ac0.1_hab0.15_frag0.8_edge1_disp2_r001_cb.csv; output/sampled_data/0003_ac0.1_hab0.15_frag0.8_edge1_disp2_r001_rand.csv
0004,recovered,ac0.3_hab0.15_frag0.2_edge1_disp2,001,2026-05-22,1.2,116,0.3,0.2,0.15,0.1,short_long,exponential,1,2,1,complete,output/model_states/0004_ac0.3_hab0.15_frag0.2_edge1_disp2_r001.rds,output/sampled_data/0004_ac0.3_hab0.15_frag0.2_edge1_disp2_r001_all.csv; output/sampled_data/0004_ac0.3_hab0.15_frag0.2_edge1_disp2_r001_cb.csv; output/sampled_data/0004_ac0.3_hab0.15_frag0.2_edge1_disp2_r001_rand.csv
0005,recovered,ac0.3_hab0.15_frag0.5_edge1_disp2,001,2026-05-22,1.2,117,0.3,0.5,0.15,0.1,short_long,exponential,1,2,1,complete,output/model_states/0005_ac0.3_hab0.15_frag0.5_edge1_disp2_r001.rds,output/sampled_data/0005_ac0.3_hab0.15_frag0.5_edge1_disp2_r001_all.csv; output/sampled_data/0005_ac0.3_hab0.15_frag0.5_edge1_disp2_r001_cb.csv; output/sampled_data/0005_ac0.3_hab0.15_frag0.5_edge1_disp2_r001_rand.csv
0006,recovered,ac0.3_hab0.15_frag0.8_edge1_disp2,001,2026-05-22,1.2,118,0.3,0.8,0.15,0.1,short_long,exponential,1,2,1,complete,output/model_states/0006_ac0.3_hab0.15_frag0.8_edge1_disp2_r001.rds,output/sampled_data/0006_ac0.3_hab0.15_frag0.8_edge1_disp2_r001_all.csv; output/sampled_data/0006_ac0.3_hab0.15_frag0.8_edge1_disp2_r001_cb.csv; output/sampled_data/0006_ac0.3_hab0.15_frag0.8_edge1_disp2_r001_rand.csv
0007,recovered,ac0.5_hab0.15_frag0.2_edge1_disp2,001,2026-05-22,1.2,119,0.5,0.2,0.15,0.1,short_long,exponential,1,2,1,complete,output/model_states/0007_ac0.5_hab0.15_frag0.2_edge1_disp2_r001.rds,output/sampled_data/0007_ac0.5_hab0.15_frag0.2_edge1_disp2_r001_all.csv; output/sampled_data/0007_ac0.5_hab0.15_frag0.2_edge1_disp2_r001_cb.csv; output/sampled_data/0007_ac0.5_hab0.15_frag0.2_edge1_disp2_r001_rand.csv
0008,recovered,ac0.5_hab0.15_frag0.5_edge1_disp2,001,2026-05-22,1.2,120,0.5,0.5,0.15,0.1,short_long,exponential,1,2,1,complete,output/model_states/0008_ac0.5_hab0.15_frag0.5_edge1_disp2_r001.rds,output/sampled_data/0008_ac0.5_hab0.15_frag0.5_edge1_disp2_r001_all.csv; output/sampled_data/0008_ac0.5_hab0.15_frag0.5_edge1_disp2_r001_cb.csv; output/sampled_data/0008_ac0.5_hab0.15_frag0.5_edge1_disp2_r001_rand.csv
0009,recovered,ac0.5_hab0.15_frag0.8_edge1_disp2,001,2026-05-22,1.2,121,0.5,0.8,0.15,0.1,short_long,exponential,1,2,1,complete,output/model_states/0009_ac0.5_hab0.15_frag0.8_edge1_disp2_r001.rds,output/sampled_data/0009_ac0.5_hab0.15_frag0.8_edge1_disp2_r001_all.csv; output/sampled_data/0009_ac0.5_hab0.15_frag0.8_edge1_disp2_r001_cb.csv; output/sampled_data/0009_ac0.5_hab0.15_frag0.8_edge1_disp2_r001_rand.csv
0010,recovered,ac0.7_hab0.15_frag0.2_edge1_disp2,001,2026-05-22,1.2,122,0.7,0.2,0.15,0.1,short_long,exponential,1,2,1,complete,output/model_states/0010_ac0.7_hab0.15_frag0.2_edge1_disp2_r001.rds,output/sampled_data/0010_ac0.7_hab0.15_frag0.2_edge1_disp2_r001_all.csv; output/sampled_data/0010_ac0.7_hab0.15_frag0.2_edge1_disp2_r001_cb.csv; output/sampled_data/0010_ac0.7_hab0.15_frag0.2_edge1_disp2_r001_rand.csv
0011,recovered,ac0.7_hab0.15_frag0.5_edge1_disp2,001,2026-05-22,1.2,123,0.7,0.5,0.15,0.1,short_long,exponential,1,2,1,complete,output/model_states/0011_ac0.7_hab0.15_frag0.5_edge1_disp2_r001.rds,output/sampled_data/0011_ac0.7_hab0.15_frag0.5_edge1_disp2_r001_all.csv; output/sampled_data/0011_ac0.7_hab0.15_frag0.5_edge1_disp2_r001_cb.csv; output/sampled_data/0011_ac0.7_hab0.15_frag0.5_edge1_disp2_r001_rand.csv
0012,recovered,ac0.7_hab0.15_frag0.8_edge1_disp2,001,2026-05-22,1.2,124,0.7,0.8,0.15,0.1,short_long,exponential,1,2,1,complete,output/model_states/0012_ac0.7_hab0.15_frag0.8_edge1_disp2_r001.rds,output/sampled_data/0012_ac0.7_hab0.15_frag0.8_edge1_disp2_r001_all.csv; output/sampled_data/0012_ac0.7_hab0.15_frag0.8_edge1_disp2_r001_cb.csv; output/sampled_data/0012_ac0.7_hab0.15_frag0.8_edge1_disp2_r001_rand.csv
0013,recovered,ac0.9_hab0.15_frag0.2_edge1_disp2,001,2026-05-22,1.2,125,0.9,0.2,0.15,0.1,short_long,exponential,1,2,1,complete,output/model_states/0013_ac0.9_hab0.15_frag0.2_edge1_disp2_r001.rds,output/sampled_data/0013_ac0.9_hab0.15_frag0.2_edge1_disp2_r001_all.csv; output/sampled_data/0013_ac0.9_hab0.15_frag0.2_edge1_disp2_r001_cb.csv; output/sampled_data/0013_ac0.9_hab0.15_frag0.2_edge1_disp2_r001_rand.csv
0014,recovered,ac0.9_hab0.15_frag0.5_edge1_disp2,001,2026-05-22,1.2,126,0.9,0.5,0.15,0.1,short_long,exponential,1,2,1,complete,output/model_states/0014_ac0.9_hab0.15_frag0.5_edge1_disp2_r001.rds,output/sampled_data/0014_ac0.9_hab0.15_frag0.5_edge1_disp2_r001_all.csv; output/sampled_data/0014_ac0.9_hab0.15_frag0.5_edge1_disp2_r001_cb.csv; output/sampled_data/0014_ac0.9_hab0.15_frag0.5_edge1_disp2_r001_rand.csv
0015,recovered,ac0.9_hab0.15_frag0.8_edge1_disp2,001,2026-05-22,1.2,127,0.9,0.8,0.15,0.1,short_long,exponential,1,2,1,complete,output/model_states/0015_ac0.9_hab0.15_frag0.8_edge1_disp2_r001.rds,output/sampled_data/0015_ac0.9_hab0.15_frag0.8_edge1_disp2_r001_all.csv; output/sampled_data/0015_ac0.9_hab0.15_frag0.8_edge1_disp2_r001_cb.csv; output/sampled_data/0015_ac0.9_hab0.15_frag0.8_edge1_disp2_r001_rand.csv
0016,recovered,ac0.7_hab0.15_frag0.2_edge1_disp2,002,2026-05-22,1.2,870,0.7,0.2,0.15,0.1,short_long,exponential,1,2,1,complete,output/model_states/0016_ac0.7_hab0.15_frag0.2_edge1_disp2_r002.rds,output/sampled_data/0016_ac0.7_hab0.15_frag0.2_edge1_disp2_r002_all.csv; output/sampled_data/0016_ac0.7_hab0.15_frag0.2_edge1_disp2_r002_cb.csv; output/sampled_data/0016_ac0.7_hab0.15_frag0.2_edge1_disp2_r002_rand.csv
0017,recovered,ac0.7_hab0.15_frag0.5_edge1_disp2,002,2026-05-22,1.2,871,0.7,0.5,0.15,0.1,short_long,exponential,1,2,1,complete,output/model_states/0017_ac0.7_hab0.15_frag0.5_edge1_disp2_r002.rds,output/sampled_data/0017_ac0.7_hab0.15_frag0.5_edge1_disp2_r002_all.csv; output/sampled_data/0017_ac0.7_hab0.15_frag0.5_edge1_disp2_r002_cb.csv; output/sampled_data/0017_ac0.7_hab0.15_frag0.5_edge1_disp2_r002_rand.csv
0018,recovered,ac0.7_hab0.15_frag0.8_edge1_disp2,002,2026-05-22,1.2,872,0.7,0.8,0.15,0.1,short_long,exponential,1,2,1,complete,output/model_states/0018_ac0.7_hab0.15_frag0.8_edge1_disp2_r002.rds,output/sampled_data/0018_ac0.7_hab0.15_frag0.8_edge1_disp2_r002_all.csv; output/sampled_data/0018_ac0.7_hab0.15_frag0.8_edge1_disp2_r002_cb.csv; output/sampled_data/0018_ac0.7_hab0.15_frag0.8_edge1_disp2_r002_rand.csv
0019,recovered,ac0.7_hab0.15_frag0.2_edge1_disp2,003,2026-05-22,1.2,873,0.7,0.2,0.15,0.1,short_long,exponential,1,2,1,complete,output/model_states/0019_ac0.7_hab0.15_frag0.2_edge1_disp2_r003.rds,output/sampled_data/0019_ac0.7_hab0.15_frag0.2_edge1_disp2_r003_all.csv; output/sampled_data/0019_ac0.7_hab0.15_frag0.2_edge1_disp2_r003_cb.csv; output/sampled_data/0019_ac0.7_hab0.15_frag0.2_edge1_disp2_r003_rand.csv
0020,recovered,ac0.7_hab0.15_frag0.5_edge1_disp2,003,2026-05-22,1.2,874,0.7,0.5,0.15,0.1,short_long,exponential,1,2,1,complete,output/model_states/0020_ac0.7_hab0.15_frag0.5_edge1_disp2_r003.rds,output/sampled_data/0020_ac0.7_hab0.15_frag0.5_edge1_disp2_r003_all.csv; output/sampled_data/0020_ac0.7_hab0.15_frag0.5_edge1_disp2_r003_cb.csv; output/sampled_data/0020_ac0.7_hab0.15_frag0.5_edge1_disp2_r003_rand.csv
0021,recovered,ac0.7_hab0.15_frag0.8_edge1_disp2,003,2026-05-22,1.2,875,0.7,0.8,0.15,0.1,short_long,exponential,1,2,1,complete,output/model_states/0021_ac0.7_hab0.15_frag0.8_edge1_disp2_r003.rds,output/sampled_data/0021_ac0.7_hab0.15_frag0.8_edge1_disp2_r003_all.csv; output/sampled_data/0021_ac0.7_hab0.15_frag0.8_edge1_disp2_r003_cb.csv; output/sampled_data/0021_ac0.7_hab0.15_frag0.8_edge1_disp2_r003_rand.csv
0022,recovered,ac0.7_hab0.15_frag0.2_edge1_disp2,004,2026-05-22,1.2,876,0.7,0.2,0.15,0.1,short_long,exponential,1,2,1,complete,output/model_states/0022_ac0.7_hab0.15_frag0.2_edge1_disp2_r004.rds,output/sampled_data/0022_ac0.7_hab0.15_frag0.2_edge1_disp2_r004_all.csv; output/sampled_data/0022_ac0.7_hab0.15_frag0.2_edge1_disp2_r004_cb.csv; output/sampled_data/0022_ac0.7_hab0.15_frag0.2_edge1_disp2_r004_rand.csv
0023,recovered,ac0.7_hab0.15_frag0.5_edge1_disp2,004,2026-05-22,1.2,877,0.7,0.5,0.15,0.1,short_long,exponential,1,2,1,complete,output/model_states/0023_ac0.7_hab0.15_frag0.5_edge1_disp2_r004.rds,output/sampled_data/0023_ac0.7_hab0.15_frag0.5_edge1_disp2_r004_all.csv; output/sampled_data/0023_ac0.7_hab0.15_frag0.5_edge1_disp2_r004_cb.csv; output/sampled_data/0023_ac0.7_hab0.15_frag0.5_edge1_disp2_r004_rand.csv
0024,recovered,ac0.7_hab0.15_frag0.8_edge1_disp2,004,2026-05-22,1.2,878,0.7,0.8,0.15,0.1,short_long,exponential,1,2,1,complete,output/model_states/0024_ac0.7_hab0.15_frag0.8_edge1_disp2_r004.rds,output/sampled_data/0024_ac0.7_hab0.15_frag0.8_edge1_disp2_r004_all.csv; output/sampled_data/0024_ac0.7_hab0.15_frag0.8_edge1_disp2_r004_cb.csv; output/sampled_data/0024_ac0.7_hab0.15_frag0.8_edge1_disp2_r004_rand.csv
0025,recovered,ac0.7_hab0.15_frag0.2_edge1_disp2,005,2026-05-22,1.2,879,0.7,0.2,0.15,0.1,short_long,exponential,1,2,1,complete,output/model_states/0025_ac0.7_hab0.15_frag0.2_edge1_disp2_r005.rds,output/sampled_data/0025_ac0.7_hab0.15_frag0.2_edge1_disp2_r005_all.csv; output/sampled_data/0025_ac0.7_hab0.15_frag0.2_edge1_disp2_r005_cb.csv; output/sampled_data/0025_ac0.7_hab0.15_frag0.2_edge1_disp2_r005_rand.csv
0026,recovered,ac0.7_hab0.15_frag0.5_edge1_disp2,005,2026-05-22,1.2,880,0.7,0.5,0.15,0.1,short_long,exponential,1,2,1,complete,output/model_states/0026_ac0.7_hab0.15_frag0.5_edge1_disp2_r005.rds,output/sampled_data/0026_ac0.7_hab0.15_frag0.5_edge1_disp2_r005_all.csv; output/sampled_data/0026_ac0.7_hab0.15_frag0.5_edge1_disp2_r005_cb.csv; output/sampled_data/0026_ac0.7_hab0.15_frag0.5_edge1_disp2_r005_rand.csv
0027,recovered,ac0.7_hab0.15_frag0.8_edge1_disp2,005,2026-05-22,1.2,881,0.7,0.8,0.15,0.1,short_long,exponential,1,2,1,complete,output/model_states/0027_ac0.7_hab0.15_frag0.8_edge1_disp2_r005.rds,output/sampled_data/0027_ac0.7_hab0.15_frag0.8_edge1_disp2_r005_all.csv; output/sampled_data/0027_ac0.7_hab0.15_frag0.8_edge1_disp2_r005_cb.csv; output/sampled_data/0027_ac0.7_hab0.15_frag0.8_edge1_disp2_r005_rand.csv
0028,recovered,ac0.7_hab0.15_frag0.2_edge1_disp2,006,2026-05-22,1.2,882,0.7,0.2,0.15,0.1,short_long,exponential,1,2,1,complete,output/model_states/0028_ac0.7_hab0.15_frag0.2_edge1_disp2_r006.rds,output/sampled_data/0028_ac0.7_hab0.15_frag0.2_edge1_disp2_r006_all.csv; output/sampled_data/0028_ac0.7_hab0.15_frag0.2_edge1_disp2_r006_cb.csv; output/sampled_data/0028_ac0.7_hab0.15_frag0.2_edge1_disp2_r006_rand.csv
0029,recovered,ac0.7_hab0.15_frag0.5_edge1_disp2,006,2026-05-22,1.2,883,0.7,0.5,0.15,0.1,short_long,exponential,1,2,1,complete,output/model_states/0029_ac0.7_hab0.15_frag0.5_edge1_disp2_r006.rds,output/sampled_data/0029_ac0.7_hab0.15_frag0.5_edge1_disp2_r006_all.csv; output/sampled_data/0029_ac0.7_hab0.15_frag0.5_edge1_disp2_r006_cb.csv; output/sampled_data/0029_ac0.7_hab0.15_frag0.5_edge1_disp2_r006_rand.csv
0030,recovered,ac0.7_hab0.15_frag0.8_edge1_disp2,006,2026-05-22,1.2,884,0.7,0.8,0.15,0.1,short_long,exponential,1,2,1,complete,output/model_states/0030_ac0.7_hab0.15_frag0.8_edge1_disp2_r006.rds,output/sampled_data/0030_ac0.7_hab0.15_frag0.8_edge1_disp2_r006_all.csv; output/sampled_data/0030_ac0.7_hab0.15_frag0.8_edge1_disp2_r006_cb.csv; output/sampled_data/0030_ac0.7_hab0.15_frag0.8_edge1_disp2_r006_rand.csv
0031,recovered,ac0.7_hab0.15_frag0.2_edge1_disp2,007,2026-05-22,1.2,885,0.7,0.2,0.15,0.1,short_long,exponential,1,2,1,complete,output/model_states/0031_ac0.7_hab0.15_frag0.2_edge1_disp2_r007.rds,output/sampled_data/0031_ac0.7_hab0.15_frag0.2_edge1_disp2_r007_all.csv; output/sampled_data/0031_ac0.7_hab0.15_frag0.2_edge1_disp2_r007_cb.csv; output/sampled_data/0031_ac0.7_hab0.15_frag0.2_edge1_disp2_r007_rand.csv
0032,recovered,ac0.7_hab0.15_frag0.5_edge1_disp2,007,2026-05-22,1.2,886,0.7,0.5,0.15,0.1,short_long,exponential,1,2,1,complete,output/model_states/0032_ac0.7_hab0.15_frag0.5_edge1_disp2_r007.rds,output/sampled_data/0032_ac0.7_hab0.15_frag0.5_edge1_disp2_r007_all.csv; output/sampled_data/0032_ac0.7_hab0.15_frag0.5_edge1_disp2_r007_cb.csv; output/sampled_data/0032_ac0.7_hab0.15_frag0.5_edge1_disp2_r007_rand.csv
0033,recovered,ac0.7_hab0.15_frag0.8_edge1_disp2,007,2026-05-22,1.2,887,0.7,0.8,0.15,0.1,short_long,exponential,1,2,1,complete,output/model_states/0033_ac0.7_hab0.15_frag0.8_edge1_disp2_r007.rds,output/sampled_data/0033_ac0.7_hab0.15_frag0.8_edge1_disp2_r007_all.csv; output/sampled_data/0033_ac0.7_hab0.15_frag0.8_edge1_disp2_r007_cb.csv; output/sampled_data/0033_ac0.7_hab0.15_frag0.8_edge1_disp2_r007_rand.csv
0034,recovered,ac0.7_hab0.15_frag0.2_edge1_disp2,008,2026-05-22,1.2,888,0.7,0.2,0.15,0.1,short_long,exponential,1,2,1,complete,output/model_states/0034_ac0.7_hab0.15_frag0.2_edge1_disp2_r008.rds,output/sampled_data/0034_ac0.7_hab0.15_frag0.2_edge1_disp2_r008_all.csv; output/sampled_data/0034_ac0.7_hab0.15_frag0.2_edge1_disp2_r008_cb.csv; output/sampled_data/0034_ac0.7_hab0.15_frag0.2_edge1_disp2_r008_rand.csv
0035,recovered,ac0.7_hab0.15_frag0.5_edge1_disp2,008,2026-05-22,1.2,889,0.7,0.5,0.15,0.1,short_long,exponential,1,2,1,complete,output/model_states/0035_ac0.7_hab0.15_frag0.5_edge1_disp2_r008.rds,output/sampled_data/0035_ac0.7_hab0.15_frag0.5_edge1_disp2_r008_all.csv; output/sampled_data/0035_ac0.7_hab0.15_frag0.5_edge1_disp2_r008_cb.csv; output/sampled_data/0035_ac0.7_hab0.15_frag0.5_edge1_disp2_r008_rand.csv
0036,recovered,ac0.7_hab0.15_frag0.8_edge1_disp2,008,2026-05-22,1.2,890,0.7,0.8,0.15,0.1,short_long,exponential,1,2,1,complete,output/model_states/0036_ac0.7_hab0.15_frag0.8_edge1_disp2_r008.rds,output/sampled_data/0036_ac0.7_hab0.15_frag0.8_edge1_disp2_r008_all.csv; output/sampled_data/0036_ac0.7_hab0.15_frag0.8_edge1_disp2_r008_cb.csv; output/sampled_data/0036_ac0.7_hab0.15_frag0.8_edge1_disp2_r008_rand.csv
0037,recovered,ac0.7_hab0.15_frag0.2_edge1_disp2,009,2026-05-22,1.2,891,0.7,0.2,0.15,0.1,short_long,exponential,1,2,1,complete,output/model_states/0037_ac0.7_hab0.15_frag0.2_edge1_disp2_r009.rds,output/sampled_data/0037_ac0.7_hab0.15_frag0.2_edge1_disp2_r009_all.csv; output/sampled_data/0037_ac0.7_hab0.15_frag0.2_edge1_disp2_r009_cb.csv; output/sampled_data/0037_ac0.7_hab0.15_frag0.2_edge1_disp2_r009_rand.csv
0038,recovered,ac0.7_hab0.15_frag0.5_edge1_disp2,009,2026-05-22,1.2,892,0.7,0.5,0.15,0.1,short_long,exponential,1,2,1,complete,output/model_states/0038_ac0.7_hab0.15_frag0.5_edge1_disp2_r009.rds,output/sampled_data/0038_ac0.7_hab0.15_frag0.5_edge1_disp2_r009_all.csv; output/sampled_data/0038_ac0.7_hab0.15_frag0.5_edge1_disp2_r009_cb.csv; output/sampled_data/0038_ac0.7_hab0.15_frag0.5_edge1_disp2_r009_rand.csv
0039,recovered,ac0.7_hab0.15_frag0.8_edge1_disp2,009,2026-05-22,1.2,893,0.7,0.8,0.15,0.1,short_long,exponential,1,2,1,complete,output/model_states/0039_ac0.7_hab0.15_frag0.8_edge1_disp2_r009.rds,output/sampled_data/0039_ac0.7_hab0.15_frag0.8_edge1_disp2_r009_all.csv; output/sampled_data/0039_ac0.7_hab0.15_frag0.8_edge1_disp2_r009_cb.csv; output/sampled_data/0039_ac0.7_hab0.15_frag0.8_edge1_disp2_r009_rand.csv
0040,recovered,ac0.7_hab0.15_frag0.2_edge1_disp2,010,2026-05-22,1.2,894,0.7,0.2,0.15,0.1,short_long,exponential,1,2,1,complete,output/model_states/0040_ac0.7_hab0.15_frag0.2_edge1_disp2_r010.rds,output/sampled_data/0040_ac0.7_hab0.15_frag0.2_edge1_disp2_r010_all.csv; output/sampled_data/0040_ac0.7_hab0.15_frag0.2_edge1_disp2_r010_cb.csv; output/sampled_data/0040_ac0.7_hab0.15_frag0.2_edge1_disp2_r010_rand.csv
0041,recovered,ac0.7_hab0.15_frag0.5_edge1_disp2,010,2026-05-22,1.2,895,0.7,0.5,0.15,0.1,short_long,exponential,1,2,1,complete,output/model_states/0041_ac0.7_hab0.15_frag0.5_edge1_disp2_r010.rds,output/sampled_data/0041_ac0.7_hab0.15_frag0.5_edge1_disp2_r010_all.csv; output/sampled_data/0041_ac0.7_hab0.15_frag0.5_edge1_disp2_r010_cb.csv; output/sampled_data/0041_ac0.7_hab0.15_frag0.5_edge1_disp2_r010_rand.csv
0042,recovered,ac0.7_hab0.15_frag0.8_edge1_disp2,010,2026-05-22,1.2,896,0.7,0.8,0.15,0.1,short_long,exponential,1,2,1,complete,output/model_states/0042_ac0.7_hab0.15_frag0.8_edge1_disp2_r010.rds,output/sampled_data/0042_ac0.7_hab0.15_frag0.8_edge1_disp2_r010_all.csv; output/sampled_data/0042_ac0.7_hab0.15_frag0.8_edge1_disp2_r010_cb.csv; output/sampled_data/0042_ac0.7_hab0.15_frag0.8_edge1_disp2_r010_rand.csv
0043,recovered,ac0.7_hab0.15_frag0.2_edge1_disp2,011,2026-05-22,1.2,897,0.7,0.2,0.15,0.1,short_long,exponential,1,2,1,complete,output/model_states/0043_ac0.7_hab0.15_frag0.2_edge1_disp2_r011.rds,output/sampled_data/0043_ac0.7_hab0.15_frag0.2_edge1_disp2_r011_all.csv; output/sampled_data/0043_ac0.7_hab0.15_frag0.2_edge1_disp2_r011_cb.csv; output/sampled_data/0043_ac0.7_hab0.15_frag0.2_edge1_disp2_r011_rand.csv
0044,recovered,ac0.7_hab0.15_frag0.5_edge1_disp2,011,2026-05-22,1.2,898,0.7,0.5,0.15,0.1,short_long,exponential,1,2,1,complete,output/model_states/0044_ac0.7_hab0.15_frag0.5_edge1_disp2_r011.rds,output/sampled_data/0044_ac0.7_hab0.15_frag0.5_edge1_disp2_r011_all.csv; output/sampled_data/0044_ac0.7_hab0.15_frag0.5_edge1_disp2_r011_cb.csv; output/sampled_data/0044_ac0.7_hab0.15_frag0.5_edge1_disp2_r011_rand.csv
0045,recovered,ac0.7_hab0.15_frag0.8_edge1_disp2,011,2026-05-22,1.2,899,0.7,0.8,0.15,0.1,short_long,exponential,1,2,1,complete,output/model_states/0045_ac0.7_hab0.15_frag0.8_edge1_disp2_r011.rds,output/sampled_data/0045_ac0.7_hab0.15_frag0.8_edge1_disp2_r011_all.csv; output/sampled_data/0045_ac0.7_hab0.15_frag0.8_edge1_disp2_r011_cb.csv; output/sampled_data/0045_ac0.7_hab0.15_frag0.8_edge1_disp2_r011_rand.csv
0046,recovered,ac0.7_hab0.15_frag0.2_edge1_disp2,012,2026-05-22,1.2,536,0.7,0.2,0.15,0.1,short_long,exponential,1,2,1,complete,output/model_states/0046_ac0.7_hab0.15_frag0.2_edge1_disp2_r012.rds,output/sampled_data/0046_ac0.7_hab0.15_frag0.2_edge1_disp2_r012_all.csv; output/sampled_data/0046_ac0.7_hab0.15_frag0.2_edge1_disp2_r012_cb.csv; output/sampled_data/0046_ac0.7_hab0.15_frag0.2_edge1_disp2_r012_rand.csv
0047,recovered,ac0.7_hab0.15_frag0.5_edge1_disp2,012,2026-05-22,1.2,537,0.7,0.5,0.15,0.1,short_long,exponential,1,2,1,complete,output/model_states/0047_ac0.7_hab0.15_frag0.5_edge1_disp2_r012.rds,output/sampled_data/0047_ac0.7_hab0.15_frag0.5_edge1_disp2_r012_all.csv; output/sampled_data/0047_ac0.7_hab0.15_frag0.5_edge1_disp2_r012_cb.csv; output/sampled_data/0047_ac0.7_hab0.15_frag0.5_edge1_disp2_r012_rand.csv
0048,recovered,ac0.7_hab0.15_frag0.8_edge1_disp2,012,2026-05-22,1.2,538,0.7,0.8,0.15,0.1,short_long,exponential,1,2,1,complete,output/model_states/0048_ac0.7_hab0.15_frag0.8_edge1_disp2_r012.rds,output/sampled_data/0048_ac0.7_hab0.15_frag0.8_edge1_disp2_r012_all.csv; output/sampled_data/0048_ac0.7_hab0.15_frag0.8_edge1_disp2_r012_cb.csv; output/sampled_data/0048_ac0.7_hab0.15_frag0.8_edge1_disp2_r012_rand.csv
0049,recovered,ac0.7_hab0.15_frag0.2_edge1_disp2,013,2026-05-22,1.2,539,0.7,0.2,0.15,0.1,short_long,exponential,1,2,1,complete,output/model_states/0049_ac0.7_hab0.15_frag0.2_edge1_disp2_r013.rds,output/sampled_data/0049_ac0.7_hab0.15_frag0.2_edge1_disp2_r013_all.csv; output/sampled_data/0049_ac0.7_hab0.15_frag0.2_edge1_disp2_r013_cb.csv; output/sampled_data/0049_ac0.7_hab0.15_frag0.2_edge1_disp2_r013_rand.csv
0050,recovered,ac0.7_hab0.15_frag0.5_edge1_disp2,013,2026-05-22,1.2,540,0.7,0.5,0.15,0.1,short_long,exponential,1,2,1,complete,output/model_states/0050_ac0.7_hab0.15_frag0.5_edge1_disp2_r013.rds,output/sampled_data/0050_ac0.7_hab0.15_frag0.5_edge1_disp2_r013_all.csv; output/sampled_data/0050_ac0.7_hab0.15_frag0.5_edge1_disp2_r013_cb.csv; output/sampled_data/0050_ac0.7_hab0.15_frag0.5_edge1_disp2_r013_rand.csv
0051,recovered,ac0.7_hab0.15_frag0.8_edge1_disp2,013,2026-05-22,1.2,541,0.7,0.8,0.15,0.1,short_long,exponential,1,2,1,complete,output/model_states/0051_ac0.7_hab0.15_frag0.8_edge1_disp2_r013.rds,output/sampled_data/0051_ac0.7_hab0.15_frag0.8_edge1_disp2_r013_all.csv; output/sampled_data/0051_ac0.7_hab0.15_frag0.8_edge1_disp2_r013_cb.csv; output/sampled_data/0051_ac0.7_hab0.15_frag0.8_edge1_disp2_r013_rand.csv
0052,recovered,ac0.7_hab0.15_frag0.2_edge1_disp2,014,2026-05-22,1.2,542,0.7,0.2,0.15,0.1,short_long,exponential,1,2,1,complete,output/model_states/0052_ac0.7_hab0.15_frag0.2_edge1_disp2_r014.rds,output/sampled_data/0052_ac0.7_hab0.15_frag0.2_edge1_disp2_r014_all.csv; output/sampled_data/0052_ac0.7_hab0.15_frag0.2_edge1_disp2_r014_cb.csv; output/sampled_data/0052_ac0.7_hab0.15_frag0.2_edge1_disp2_r014_rand.csv
0053,recovered,ac0.7_hab0.15_frag0.5_edge1_disp2,014,2026-05-22,1.2,543,0.7,0.5,0.15,0.1,short_long,exponential,1,2,1,complete,output/model_states/0053_ac0.7_hab0.15_frag0.5_edge1_disp2_r014.rds,output/sampled_data/0053_ac0.7_hab0.15_frag0.5_edge1_disp2_r014_all.csv; output/sampled_data/0053_ac0.7_hab0.15_frag0.5_edge1_disp2_r014_cb.csv; output/sampled_data/0053_ac0.7_hab0.15_frag0.5_edge1_disp2_r014_rand.csv
0054,recovered,ac0.7_hab0.15_frag0.8_edge1_disp2,014,2026-05-22,1.2,544,0.7,0.8,0.15,0.1,short_long,exponential,1,2,1,complete,output/model_states/0054_ac0.7_hab0.15_frag0.8_edge1_disp2_r014.rds,output/sampled_data/0054_ac0.7_hab0.15_frag0.8_edge1_disp2_r014_all.csv; output/sampled_data/0054_ac0.7_hab0.15_frag0.8_edge1_disp2_r014_cb.csv; output/sampled_data/0054_ac0.7_hab0.15_frag0.8_edge1_disp2_r014_rand.csv
0055,recovered,ac0.7_hab0.15_frag0.2_edge1_disp2,015,2026-05-22,1.2,545,0.7,0.2,0.15,0.1,short_long,exponential,1,2,1,complete,output/model_states/0055_ac0.7_hab0.15_frag0.2_edge1_disp2_r015.rds,output/sampled_data/0055_ac0.7_hab0.15_frag0.2_edge1_disp2_r015_all.csv; output/sampled_data/0055_ac0.7_hab0.15_frag0.2_edge1_disp2_r015_cb.csv; output/sampled_data/0055_ac0.7_hab0.15_frag0.2_edge1_disp2_r015_rand.csv
0056,recovered,ac0.7_hab0.15_frag0.5_edge1_disp2,015,2026-05-22,1.2,546,0.7,0.5,0.15,0.1,short_long,exponential,1,2,1,complete,output/model_states/0056_ac0.7_hab0.15_frag0.5_edge1_disp2_r015.rds,output/sampled_data/0056_ac0.7_hab0.15_frag0.5_edge1_disp2_r015_all.csv; output/sampled_data/0056_ac0.7_hab0.15_frag0.5_edge1_disp2_r015_cb.csv; output/sampled_data/0056_ac0.7_hab0.15_frag0.5_edge1_disp2_r015_rand.csv
0057,recovered,ac0.7_hab0.15_frag0.8_edge1_disp2,015,2026-05-22,1.2,547,0.7,0.8,0.15,0.1,short_long,exponential,1,2,1,complete,output/model_states/0057_ac0.7_hab0.15_frag0.8_edge1_disp2_r015.rds,output/sampled_data/0057_ac0.7_hab0.15_frag0.8_edge1_disp2_r015_all.csv; output/sampled_data/0057_ac0.7_hab0.15_frag0.8_edge1_disp2_r015_cb.csv; output/sampled_data/0057_ac0.7_hab0.15_frag0.8_edge1_disp2_r015_rand.csv
0058,recovered,ac0.7_hab0.15_frag0.2_edge1_disp2,016,2026-05-22,1.2,548,0.7,0.2,0.15,0.1,short_long,exponential,1,2,1,complete,output/model_states/0058_ac0.7_hab0.15_frag0.2_edge1_disp2_r016.rds,output/sampled_data/0058_ac0.7_hab0.15_frag0.2_edge1_disp2_r016_all.csv; output/sampled_data/0058_ac0.7_hab0.15_frag0.2_edge1_disp2_r016_cb.csv; output/sampled_data/0058_ac0.7_hab0.15_frag0.2_edge1_disp2_r016_rand.csv
0059,recovered,ac0.7_hab0.15_frag0.5_edge1_disp2,016,2026-05-22,1.2,549,0.7,0.5,0.15,0.1,short_long,exponential,1,2,1,complete,output/model_states/0059_ac0.7_hab0.15_frag0.5_edge1_disp2_r016.rds,output/sampled_data/0059_ac0.7_hab0.15_frag0.5_edge1_disp2_r016_all.csv; output/sampled_data/0059_ac0.7_hab0.15_frag0.5_edge1_disp2_r016_cb.csv; output/sampled_data/0059_ac0.7_hab0.15_frag0.5_edge1_disp2_r016_rand.csv
0060,recovered,ac0.7_hab0.15_frag0.8_edge1_disp2,016,2026-05-22,1.2,550,0.7,0.8,0.15,0.1,short_long,exponential,1,2,1,complete,output/model_states/0060_ac0.7_hab0.15_frag0.8_edge1_disp2_r016.rds,output/sampled_data/0060_ac0.7_hab0.15_frag0.8_edge1_disp2_r016_all.csv; output/sampled_data/0060_ac0.7_hab0.15_frag0.8_edge1_disp2_r016_cb.csv; output/sampled_data/0060_ac0.7_hab0.15_frag0.8_edge1_disp2_r016_rand.csv
0061,recovered,ac0.7_hab0.15_frag0.2_edge1_disp2,017,2026-05-22,1.2,551,0.7,0.2,0.15,0.1,short_long,exponential,1,2,1,complete,output/model_states/0061_ac0.7_hab0.15_frag0.2_edge1_disp2_r017.rds,output/sampled_data/0061_ac0.7_hab0.15_frag0.2_edge1_disp2_r017_all.csv; output/sampled_data/0061_ac0.7_hab0.15_frag0.2_edge1_disp2_r017_cb.csv; output/sampled_data/0061_ac0.7_hab0.15_frag0.2_edge1_disp2_r017_rand.csv
0062,recovered,ac0.7_hab0.15_frag0.5_edge1_disp2,017,2026-05-22,1.2,552,0.7,0.5,0.15,0.1,short_long,exponential,1,2,1,complete,output/model_states/0062_ac0.7_hab0.15_frag0.5_edge1_disp2_r017.rds,output/sampled_data/0062_ac0.7_hab0.15_frag0.5_edge1_disp2_r017_all.csv; output/sampled_data/0062_ac0.7_hab0.15_frag0.5_edge1_disp2_r017_cb.csv; output/sampled_data/0062_ac0.7_hab0.15_frag0.5_edge1_disp2_r017_rand.csv
0063,recovered,ac0.7_hab0.15_frag0.8_edge1_disp2,017,2026-05-22,1.2,553,0.7,0.8,0.15,0.1,short_long,exponential,1,2,1,complete,output/model_states/0063_ac0.7_hab0.15_frag0.8_edge1_disp2_r017.rds,output/sampled_data/0063_ac0.7_hab0.15_frag0.8_edge1_disp2_r017_all.csv; output/sampled_data/0063_ac0.7_hab0.15_frag0.8_edge1_disp2_r017_cb.csv; output/sampled_data/0063_ac0.7_hab0.15_frag0.8_edge1_disp2_r017_rand.csv
0064,recovered,ac0.7_hab0.15_frag0.2_edge1_disp2,018,2026-05-22,1.2,554,0.7,0.2,0.15,0.1,short_long,exponential,1,2,1,complete,output/model_states/0064_ac0.7_hab0.15_frag0.2_edge1_disp2_r018.rds,output/sampled_data/0064_ac0.7_hab0.15_frag0.2_edge1_disp2_r018_all.csv; output/sampled_data/0064_ac0.7_hab0.15_frag0.2_edge1_disp2_r018_cb.csv; output/sampled_data/0064_ac0.7_hab0.15_frag0.2_edge1_disp2_r018_rand.csv
0065,recovered,ac0.7_hab0.15_frag0.5_edge1_disp2,018,2026-05-22,1.2,555,0.7,0.5,0.15,0.1,short_long,exponential,1,2,1,complete,output/model_states/0065_ac0.7_hab0.15_frag0.5_edge1_disp2_r018.rds,output/sampled_data/0065_ac0.7_hab0.15_frag0.5_edge1_disp2_r018_all.csv; output/sampled_data/0065_ac0.7_hab0.15_frag0.5_edge1_disp2_r018_cb.csv; output/sampled_data/0065_ac0.7_hab0.15_frag0.5_edge1_disp2_r018_rand.csv
0066,recovered,ac0.7_hab0.15_frag0.8_edge1_disp2,018,2026-05-22,1.2,556,0.7,0.8,0.15,0.1,short_long,exponential,1,2,1,complete,output/model_states/0066_ac0.7_hab0.15_frag0.8_edge1_disp2_r018.rds,output/sampled_data/0066_ac0.7_hab0.15_frag0.8_edge1_disp2_r018_all.csv; output/sampled_data/0066_ac0.7_hab0.15_frag0.8_edge1_disp2_r018_cb.csv; output/sampled_data/0066_ac0.7_hab0.15_frag0.8_edge1_disp2_r018_rand.csv
0067,recovered,ac0.7_hab0.15_frag0.2_edge1_disp2,019,2026-05-22,1.2,557,0.7,0.2,0.15,0.1,short_long,exponential,1,2,1,complete,output/model_states/0067_ac0.7_hab0.15_frag0.2_edge1_disp2_r019.rds,output/sampled_data/0067_ac0.7_hab0.15_frag0.2_edge1_disp2_r019_all.csv; output/sampled_data/0067_ac0.7_hab0.15_frag0.2_edge1_disp2_r019_cb.csv; output/sampled_data/0067_ac0.7_hab0.15_frag0.2_edge1_disp2_r019_rand.csv
0068,recovered,ac0.7_hab0.15_frag0.5_edge1_disp2,019,2026-05-22,1.2,558,0.7,0.5,0.15,0.1,short_long,exponential,1,2,1,complete,output/model_states/0068_ac0.7_hab0.15_frag0.5_edge1_disp2_r019.rds,output/sampled_data/0068_ac0.7_hab0.15_frag0.5_edge1_disp2_r019_all.csv; output/sampled_data/0068_ac0.7_hab0.15_frag0.5_edge1_disp2_r019_cb.csv; output/sampled_data/0068_ac0.7_hab0.15_frag0.5_edge1_disp2_r019_rand.csv
0069,recovered,ac0.7_hab0.15_frag0.8_edge1_disp2,019,2026-05-22,1.2,559,0.7,0.8,0.15,0.1,short_long,exponential,1,2,1,complete,output/model_states/0069_ac0.7_hab0.15_frag0.8_edge1_disp2_r019.rds,output/sampled_data/0069_ac0.7_hab0.15_frag0.8_edge1_disp2_r019_all.csv; output/sampled_data/0069_ac0.7_hab0.15_frag0.8_edge1_disp2_r019_cb.csv; output/sampled_data/0069_ac0.7_hab0.15_frag0.8_edge1_disp2_r019_rand.csv
0070,recovered,ac0.7_hab0.15_frag0.2_edge1_disp2,020,2026-05-22,1.2,560,0.7,0.2,0.15,0.1,short_long,exponential,1,2,1,complete,output/model_states/0070_ac0.7_hab0.15_frag0.2_edge1_disp2_r020.rds,output/sampled_data/0070_ac0.7_hab0.15_frag0.2_edge1_disp2_r020_all.csv; output/sampled_data/0070_ac0.7_hab0.15_frag0.2_edge1_disp2_r020_cb.csv; output/sampled_data/0070_ac0.7_hab0.15_frag0.2_edge1_disp2_r020_rand.csv
0071,recovered,ac0.7_hab0.15_frag0.5_edge1_disp2,020,2026-05-22,1.2,561,0.7,0.5,0.15,0.1,short_long,exponential,1,2,1,complete,output/model_states/0071_ac0.7_hab0.15_frag0.5_edge1_disp2_r020.rds,output/sampled_data/0071_ac0.7_hab0.15_frag0.5_edge1_disp2_r020_all.csv; output/sampled_data/0071_ac0.7_hab0.15_frag0.5_edge1_disp2_r020_cb.csv; output/sampled_data/0071_ac0.7_hab0.15_frag0.5_edge1_disp2_r020_rand.csv
0072,recovered,ac0.7_hab0.15_frag0.8_edge1_disp2,020,2026-05-22,1.2,562,0.7,0.8,0.15,0.1,short_long,exponential,1,2,1,complete,output/model_states/0072_ac0.7_hab0.15_frag0.8_edge1_disp2_r020.rds,output/sampled_data/0072_ac0.7_hab0.15_frag0.8_edge1_disp2_r020_all.csv; output/sampled_data/0072_ac0.7_hab0.15_frag0.8_edge1_disp2_r020_cb.csv; output/sampled_data/0072_ac0.7_hab0.15_frag0.8_edge1_disp2_r020_rand.csv
0073,recovered,ac0.7_hab0.15_frag0.2_edge1_disp2,021,2026-05-22,1.2,563,0.7,0.2,0.15,0.1,short_long,exponential,1,2,1,complete,output/model_states/0073_ac0.7_hab0.15_frag0.2_edge1_disp2_r021.rds,output/sampled_data/0073_ac0.7_hab0.15_frag0.2_edge1_disp2_r021_all.csv; output/sampled_data/0073_ac0.7_hab0.15_frag0.2_edge1_disp2_r021_cb.csv; output/sampled_data/0073_ac0.7_hab0.15_frag0.2_edge1_disp2_r021_rand.csv
0074,recovered,ac0.7_hab0.15_frag0.5_edge1_disp2,021,2026-05-22,1.2,564,0.7,0.5,0.15,0.1,short_long,exponential,1,2,1,complete,output/model_states/0074_ac0.7_hab0.15_frag0.5_edge1_disp2_r021.rds,output/sampled_data/0074_ac0.7_hab0.15_frag0.5_edge1_disp2_r021_all.csv; output/sampled_data/0074_ac0.7_hab0.15_frag0.5_edge1_disp2_r021_cb.csv; output/sampled_data/0074_ac0.7_hab0.15_frag0.5_edge1_disp2_r021_rand.csv
0075,recovered,ac0.7_hab0.15_frag0.8_edge1_disp2,021,2026-05-22,1.2,565,0.7,0.8,0.15,0.1,short_long,exponential,1,2,1,complete,output/model_states/0075_ac0.7_hab0.15_frag0.8_edge1_disp2_r021.rds,output/sampled_data/0075_ac0.7_hab0.15_frag0.8_edge1_disp2_r021_all.csv; output/sampled_data/0075_ac0.7_hab0.15_frag0.8_edge1_disp2_r021_cb.csv; output/sampled_data/0075_ac0.7_hab0.15_frag0.8_edge1_disp2_r021_rand.csv
0076,recovered,ac0.7_hab0.15_frag0.2_edge1_disp1,001,2026-06-06,1.2,415,0.7,0.2,0.15,0.1,short_long,exponential,1,1,1,complete,output/model_states/0076_ac0.7_hab0.15_frag0.2_edge1_disp1_r001.rds,output/sampled_data/0076_ac0.7_hab0.15_frag0.2_edge1_disp1_r001_all.csv; output/sampled_data/0076_ac0.7_hab0.15_frag0.2_edge1_disp1_r001_cb.csv; output/sampled_data/0076_ac0.7_hab0.15_frag0.2_edge1_disp1_r001_rand.csv
0077,recovered,ac0.7_hab0.15_frag0.5_edge1_disp1,001,2026-06-06,1.2,416,0.7,0.5,0.15,0.1,short_long,exponential,1,1,1,complete,output/model_states/0077_ac0.7_hab0.15_frag0.5_edge1_disp1_r001.rds,output/sampled_data/0077_ac0.7_hab0.15_frag0.5_edge1_disp1_r001_all.csv; output/sampled_data/0077_ac0.7_hab0.15_frag0.5_edge1_disp1_r001_cb.csv; output/sampled_data/0077_ac0.7_hab0.15_frag0.5_edge1_disp1_r001_rand.csv
0078,recovered,ac0.7_hab0.15_frag0.8_edge1_disp1,001,2026-06-06,1.2,417,0.7,0.8,0.15,0.1,short_long,exponential,1,1,1,complete,output/model_states/0078_ac0.7_hab0.15_frag0.8_edge1_disp1_r001.rds,output/sampled_data/0078_ac0.7_hab0.15_frag0.8_edge1_disp1_r001_all.csv; output/sampled_data/0078_ac0.7_hab0.15_frag0.8_edge1_disp1_r001_cb.csv; output/sampled_data/0078_ac0.7_hab0.15_frag0.8_edge1_disp1_r001_rand.csv
0079,recovered,ac0.7_hab0.15_frag0.2_edge1_disp5,001,2026-06-06,1.2,418,0.7,0.2,0.15,0.1,short_long,exponential,1,5,1,complete,output/model_states/0079_ac0.7_hab0.15_frag0.2_edge1_disp5_r001.rds,output/sampled_data/0079_ac0.7_hab0.15_frag0.2_edge1_disp5_r001_all.csv; output/sampled_data/0079_ac0.7_hab0.15_frag0.2_edge1_disp5_r001_cb.csv; output/sampled_data/0079_ac0.7_hab0.15_frag0.2_edge1_disp5_r001_rand.csv
0080,recovered,ac0.7_hab0.15_frag0.5_edge1_disp5,001,2026-06-06,1.2,419,0.7,0.5,0.15,0.1,short_long,exponential,1,5,1,complete,output/model_states/0080_ac0.7_hab0.15_frag0.5_edge1_disp5_r001.rds,output/sampled_data/0080_ac0.7_hab0.15_frag0.5_edge1_disp5_r001_all.csv; output/sampled_data/0080_ac0.7_hab0.15_frag0.5_edge1_disp5_r001_cb.csv; output/sampled_data/0080_ac0.7_hab0.15_frag0.5_edge1_disp5_r001_rand.csv
0081,recovered,ac0.7_hab0.15_frag0.8_edge1_disp5,001,2026-06-06,1.2,420,0.7,0.8,0.15,0.1,short_long,exponential,1,5,1,complete,output/model_states/0081_ac0.7_hab0.15_frag0.8_edge1_disp5_r001.rds,output/sampled_data/0081_ac0.7_hab0.15_frag0.8_edge1_disp5_r001_all.csv; output/sampled_data/0081_ac0.7_hab0.15_frag0.8_edge1_disp5_r001_cb.csv; output/sampled_data/0081_ac0.7_hab0.15_frag0.8_edge1_disp5_r001_rand.csv
0082,recovered,ac0.7_hab0.15_frag0.2_edge1_disp10,001,2026-06-06,1.2,421,0.7,0.2,0.15,0.1,short_long,exponential,1,10,1,complete,output/model_states/0082_ac0.7_hab0.15_frag0.2_edge1_disp10_r001.rds,output/sampled_data/0082_ac0.7_hab0.15_frag0.2_edge1_disp10_r001_all.csv; output/sampled_data/0082_ac0.7_hab0.15_frag0.2_edge1_disp10_r001_cb.csv; output/sampled_data/0082_ac0.7_hab0.15_frag0.2_edge1_disp10_r001_rand.csv
0083,recovered,ac0.7_hab0.15_frag0.5_edge1_disp10,001,2026-06-06,1.2,422,0.7,0.5,0.15,0.1,short_long,exponential,1,10,1,complete,output/model_states/0083_ac0.7_hab0.15_frag0.5_edge1_disp10_r001.rds,output/sampled_data/0083_ac0.7_hab0.15_frag0.5_edge1_disp10_r001_all.csv; output/sampled_data/0083_ac0.7_hab0.15_frag0.5_edge1_disp10_r001_cb.csv; output/sampled_data/0083_ac0.7_hab0.15_frag0.5_edge1_disp10_r001_rand.csv
0084,recovered,ac0.7_hab0.15_frag0.8_edge1_disp10,001,2026-06-06,1.2,423,0.7,0.8,0.15,0.1,short_long,exponential,1,10,1,complete,output/model_states/0084_ac0.7_hab0.15_frag0.8_edge1_disp10_r001.rds,output/sampled_data/0084_ac0.7_hab0.15_frag0.8_edge1_disp10_r001_all.csv; output/sampled_data/0084_ac0.7_hab0.15_frag0.8_edge1_disp10_r001_cb.csv; output/sampled_data/0084_ac0.7_hab0.15_frag0.8_edge1_disp10_r001_rand.csv
0085,recovered,ac0.7_hab0.15_frag0.2_edge0.5_disp2,001,2026-06-06,1.2,158,0.7,0.2,0.15,0.1,short_long,exponential,1,2,0.5,complete,output/model_states/0085_ac0.7_hab0.15_frag0.2_edge0.5_disp2_r001.rds,output/sampled_data/0085_ac0.7_hab0.15_frag0.2_edge0.5_disp2_r001_all.csv; output/sampled_data/0085_ac0.7_hab0.15_frag0.2_edge0.5_disp2_r001_cb.csv; output/sampled_data/0085_ac0.7_hab0.15_frag0.2_edge0.5_disp2_r001_rand.csv
0086,recovered,ac0.7_hab0.15_frag0.5_edge0.5_disp2,001,2026-06-06,1.2,159,0.7,0.5,0.15,0.1,short_long,exponential,1,2,0.5,complete,output/model_states/0086_ac0.7_hab0.15_frag0.5_edge0.5_disp2_r001.rds,output/sampled_data/0086_ac0.7_hab0.15_frag0.5_edge0.5_disp2_r001_all.csv; output/sampled_data/0086_ac0.7_hab0.15_frag0.5_edge0.5_disp2_r001_cb.csv; output/sampled_data/0086_ac0.7_hab0.15_frag0.5_edge0.5_disp2_r001_rand.csv
0087,recovered,ac0.7_hab0.15_frag0.8_edge0.5_disp2,001,2026-06-06,1.2,160,0.7,0.8,0.15,0.1,short_long,exponential,1,2,0.5,complete,output/model_states/0087_ac0.7_hab0.15_frag0.8_edge0.5_disp2_r001.rds,output/sampled_data/0087_ac0.7_hab0.15_frag0.8_edge0.5_disp2_r001_all.csv; output/sampled_data/0087_ac0.7_hab0.15_frag0.8_edge0.5_disp2_r001_cb.csv; output/sampled_data/0087_ac0.7_hab0.15_frag0.8_edge0.5_disp2_r001_rand.csv
0088,recovered,ac0.7_hab0.15_frag0.2_edge1_disp2,022,2026-06-06,1.2,161,0.7,0.2,0.15,0.1,short_long,exponential,1,2,1,complete,output/model_states/0088_ac0.7_hab0.15_frag0.2_edge1_disp2_r022.rds,output/sampled_data/0088_ac0.7_hab0.15_frag0.2_edge1_disp2_r022_all.csv; output/sampled_data/0088_ac0.7_hab0.15_frag0.2_edge1_disp2_r022_cb.csv; output/sampled_data/0088_ac0.7_hab0.15_frag0.2_edge1_disp2_r022_rand.csv
0089,recovered,ac0.7_hab0.15_frag0.5_edge1_disp2,022,2026-06-06,1.2,162,0.7,0.5,0.15,0.1,short_long,exponential,1,2,1,complete,output/model_states/0089_ac0.7_hab0.15_frag0.5_edge1_disp2_r022.rds,output/sampled_data/0089_ac0.7_hab0.15_frag0.5_edge1_disp2_r022_all.csv; output/sampled_data/0089_ac0.7_hab0.15_frag0.5_edge1_disp2_r022_cb.csv; output/sampled_data/0089_ac0.7_hab0.15_frag0.5_edge1_disp2_r022_rand.csv
0090,recovered,ac0.7_hab0.15_frag0.8_edge1_disp2,022,2026-06-06,1.2,163,0.7,0.8,0.15,0.1,short_long,exponential,1,2,1,complete,output/model_states/0090_ac0.7_hab0.15_frag0.8_edge1_disp2_r022.rds,output/sampled_data/0090_ac0.7_hab0.15_frag0.8_edge1_disp2_r022_all.csv; output/sampled_data/0090_ac0.7_hab0.15_frag0.8_edge1_disp2_r022_cb.csv; output/sampled_data/0090_ac0.7_hab0.15_frag0.8_edge1_disp2_r022_rand.csv
0091,recovered,ac0.7_hab0.15_frag0.2_edge2_disp2,001,2026-06-06,1.2,164,0.7,0.2,0.15,0.1,short_long,exponential,1,2,2,complete,output/model_states/0091_ac0.7_hab0.15_frag0.2_edge2_disp2_r001.rds,output/sampled_data/0091_ac0.7_hab0.15_frag0.2_edge2_disp2_r001_all.csv; output/sampled_data/0091_ac0.7_hab0.15_frag0.2_edge2_disp2_r001_cb.csv; output/sampled_data/0091_ac0.7_hab0.15_frag0.2_edge2_disp2_r001_rand.csv
0092,recovered,ac0.7_hab0.15_frag0.5_edge2_disp2,001,2026-06-06,1.2,165,0.7,0.5,0.15,0.1,short_long,exponential,1,2,2,complete,output/model_states/0092_ac0.7_hab0.15_frag0.5_edge2_disp2_r001.rds,output/sampled_data/0092_ac0.7_hab0.15_frag0.5_edge2_disp2_r001_all.csv; output/sampled_data/0092_ac0.7_hab0.15_frag0.5_edge2_disp2_r001_cb.csv; output/sampled_data/0092_ac0.7_hab0.15_frag0.5_edge2_disp2_r001_rand.csv
0093,recovered,ac0.7_hab0.15_frag0.8_edge2_disp2,001,2026-06-06,1.2,166,0.7,0.8,0.15,0.1,short_long,exponential,1,2,2,complete,output/model_states/0093_ac0.7_hab0.15_frag0.8_edge2_disp2_r001.rds,output/sampled_data/0093_ac0.7_hab0.15_frag0.8_edge2_disp2_r001_all.csv; output/sampled_data/0093_ac0.7_hab0.15_frag0.8_edge2_disp2_r001_cb.csv; output/sampled_data/0093_ac0.7_hab0.15_frag0.8_edge2_disp2_r001_rand.csv
0094,recovered,ac0.7_hab0.1_frag0.2_edge1_disp2,001,2026-06-07,1.2,726,0.7,0.2,0.1,0.1,short_long,exponential,1,2,1,complete,output/model_states/0094_ac0.7_hab0.1_frag0.2_edge1_disp2_r001.rds,output/sampled_data/0094_ac0.7_hab0.1_frag0.2_edge1_disp2_r001_all.csv; output/sampled_data/0094_ac0.7_hab0.1_frag0.2_edge1_disp2_r001_cb.csv; output/sampled_data/0094_ac0.7_hab0.1_frag0.2_edge1_disp2_r001_rand.csv
0095,recovered,ac0.7_hab0.1_frag0.5_edge1_disp2,001,2026-06-07,1.2,727,0.7,0.5,0.1,0.1,short_long,exponential,1,2,1,complete,output/model_states/0095_ac0.7_hab0.1_frag0.5_edge1_disp2_r001.rds,output/sampled_data/0095_ac0.7_hab0.1_frag0.5_edge1_disp2_r001_all.csv; output/sampled_data/0095_ac0.7_hab0.1_frag0.5_edge1_disp2_r001_cb.csv; output/sampled_data/0095_ac0.7_hab0.1_frag0.5_edge1_disp2_r001_rand.csv
0096,recovered,ac0.7_hab0.1_frag0.8_edge1_disp2,001,2026-06-07,1.2,728,0.7,0.8,0.1,0.1,short_long,exponential,1,2,1,complete,output/model_states/0096_ac0.7_hab0.1_frag0.8_edge1_disp2_r001.rds,output/sampled_data/0096_ac0.7_hab0.1_frag0.8_edge1_disp2_r001_all.csv; output/sampled_data/0096_ac0.7_hab0.1_frag0.8_edge1_disp2_r001_cb.csv; output/sampled_data/0096_ac0.7_hab0.1_frag0.8_edge1_disp2_r001_rand.csv
0097,recovered,ac0.7_hab0.3_frag0.2_edge1_disp2,001,2026-06-07,1.2,729,0.7,0.2,0.3,0.1,short_long,exponential,1,2,1,complete,output/model_states/0097_ac0.7_hab0.3_frag0.2_edge1_disp2_r001.rds,output/sampled_data/0097_ac0.7_hab0.3_frag0.2_edge1_disp2_r001_all.csv; output/sampled_data/0097_ac0.7_hab0.3_frag0.2_edge1_disp2_r001_cb.csv; output/sampled_data/0097_ac0.7_hab0.3_frag0.2_edge1_disp2_r001_rand.csv
0098,recovered,ac0.7_hab0.3_frag0.5_edge1_disp2,001,2026-06-07,1.2,730,0.7,0.5,0.3,0.1,short_long,exponential,1,2,1,complete,output/model_states/0098_ac0.7_hab0.3_frag0.5_edge1_disp2_r001.rds,output/sampled_data/0098_ac0.7_hab0.3_frag0.5_edge1_disp2_r001_all.csv; output/sampled_data/0098_ac0.7_hab0.3_frag0.5_edge1_disp2_r001_cb.csv; output/sampled_data/0098_ac0.7_hab0.3_frag0.5_edge1_disp2_r001_rand.csv
0099,recovered,ac0.7_hab0.3_frag0.8_edge1_disp2,001,2026-06-07,1.2,731,0.7,0.8,0.3,0.1,short_long,exponential,1,2,1,complete,output/model_states/0099_ac0.7_hab0.3_frag0.8_edge1_disp2_r001.rds,output/sampled_data/0099_ac0.7_hab0.3_frag0.8_edge1_disp2_r001_all.csv; output/sampled_data/0099_ac0.7_hab0.3_frag0.8_edge1_disp2_r001_cb.csv; output/sampled_data/0099_ac0.7_hab0.3_frag0.8_edge1_disp2_r001_rand.csv
0100,recovered,ac0.7_hab0.5_frag0.2_edge1_disp2,001,2026-06-07,1.2,732,0.7,0.2,0.5,0.1,short_long,exponential,1,2,1,complete,output/model_states/0100_ac0.7_hab0.5_frag0.2_edge1_disp2_r001.rds,output/sampled_data/0100_ac0.7_hab0.5_frag0.2_edge1_disp2_r001_all.csv; output/sampled_data/0100_ac0.7_hab0.5_frag0.2_edge1_disp2_r001_cb.csv; output/sampled_data/0100_ac0.7_hab0.5_frag0.2_edge1_disp2_r001_rand.csv
0101,recovered,ac0.7_hab0.5_frag0.5_edge1_disp2,001,2026-06-07,1.2,733,0.7,0.5,0.5,0.1,short_long,exponential,1,2,1,complete,output/model_states/0101_ac0.7_hab0.5_frag0.5_edge1_disp2_r001.rds,output/sampled_data/0101_ac0.7_hab0.5_frag0.5_edge1_disp2_r001_all.csv; output/sampled_data/0101_ac0.7_hab0.5_frag0.5_edge1_disp2_r001_cb.csv; output/sampled_data/0101_ac0.7_hab0.5_frag0.5_edge1_disp2_r001_rand.csv
0102,recovered,ac0.7_hab0.5_frag0.8_edge1_disp2,001,2026-06-07,1.2,734,0.7,0.8,0.5,0.1,short_long,exponential,1,2,1,complete,output/model_states/0102_ac0.7_hab0.5_frag0.8_edge1_disp2_r001.rds,output/sampled_data/0102_ac0.7_hab0.5_frag0.8_edge1_disp2_r001_all.csv; output/sampled_data/0102_ac0.7_hab0.5_frag0.8_edge1_disp2_r001_cb.csv; output/sampled_data/0102_ac0.7_hab0.5_frag0.8_edge1_disp2_r001_rand.csv
0103,local,ac0_hab0.15_frag0.5_edge1_disp2,001,2026-07-28,1.1,42,0,0.5,0.15,0.1,short_long,exponential,1,2,1,complete,output/model_states/0103_ac0_hab0.15_frag0.5_edge1_disp2_r001.rds,output/sampled_data/0103_ac0_hab0.15_frag0.5_edge1_disp2_r001_rand.csv
0104,local,ac0_hab0.15_frag0.5_edge1_rand_disp,001,2026-07-28,1.1,42,0,0.5,0.15,0.1,random,,,,1,complete,output/model_states/0104_ac0_hab0.15_frag0.5_edge1_rand_disp_r001.rds,output/sampled_data/0104_ac0_hab0.15_frag0.5_edge1_rand_disp_r001_rand.csv
