sim_id,master_seed,grid_size,fragmentation,ac_amount,habitat,niche_breadth,edge_effect,dispersal,dispersal_dist,step,step_label,samp_method,sample_id,cell_id,x_loc,y_loc,patch_id,patch_size,species_id,n
24,878,50,0.8,0.7,0.15,0.1,1,1,2,40,"post_fragmentation","random",1,598,12,48,49,11,708,1
24,878,50,0.8,0.7,0.15,0.1,1,1,2,40,"post_fragmentation","random",1,598,12,48,49,11,741,1
24,878,50,0.8,0.7,0.15,0.1,1,1,2,40,"post_fragmentation","random",1,598,12,48,49,11,742,1
24,878,50,0.8,0.7,0.15,0.1,1,1,2,40,"post_fragmentation","random",1,598,12,48,49,11,744,1
24,878,50,0.8,0.7,0.15,0.1,1,1,2,40,"post_fragmentation","random",1,598,12,48,49,11,745,1
24,878,50,0.8,0.7,0.15,0.1,1,1,2,40,"post_fragmentation","random",1,598,12,48,49,11,752,1
24,878,50,0.8,0.7,0.15,0.1,1,1,2,40,"post_fragmentation","random",1,598,12,48,49,11,770,1
24,878,50,0.8,0.7,0.15,0.1,1,1,2,40,"post_fragmentation","random",1,598,12,48,49,11,778,2
24,878,50,0.8,0.7,0.15,0.1,1,1,2,40,"post_fragmentation","random",1,598,12,48,49,11,809,1
24,878,50,0.8,0.7,0.15,0.1,1,1,2,40,"post_fragmentation","random",1,598,12,48,49,11,815,1
24,878,50,0.8,0.7,0.15,0.1,1,1,2,40,"post_fragmentation","random",1,598,12,48,49,11,818,2
24,878,50,0.8,0.7,0.15,0.1,1,1,2,40,"post_fragmentation","random",1,598,12,48,49,11,827,1
24,878,50,0.8,0.7,0.15,0.1,1,1,2,40,"post_fragmentation","random",1,598,12,48,49,11,837,3
24,878,50,0.8,0.7,0.15,0.1,1,1,2,40,"post_fragmentation","random",1,598,12,48,49,11,845,1
24,878,50,0.8,0.7,0.15,0.1,1,1,2,40,"post_fragmentation","random",1,598,12,48,49,11,855,1
24,878,50,0.8,0.7,0.15,0.1,1,1,2,40,"post_fragmentation","random",1,598,12,48,49,11,856,2
24,878,50,0.8,0.7,0.15,0.1,1,1,2,40,"post_fragmentation","random",1,598,12,48,49,11,857,1
24,878,50,0.8,0.7,0.15,0.1,1,1,2,40,"post_fragmentation","random",1,598,12,48,49,11,858,2
24,878,50,0.8,0.7,0.15,0.1,1,1,2,40,"post_fragmentation","random",1,598,12,48,49,11,859,2
24,878,50,0.8,0.7,0.15,0.1,1,1,2,40,"post_fragmentation","random",1,598,12,48,49,11,864,1
24,878,50,0.8,0.7,0.15,0.1,1,1,2,40,"post_fragmentation","random",1,598,12,48,49,11,866,1
24,878,50,0.8,0.7,0.15,0.1,1,1,2,40,"post_fragmentation","random",1,598,12,48,49,11,869,1
24,878,50,0.8,0.7,0.15,0.1,1,1,2,40,"post_fragmentation","random",1,598,12,48,49,11,870,1
24,878,50,0.8,0.7,0.15,0.1,1,1,2,40,"post_fragmentation","random",1,598,12,48,49,11,886,2
24,878,50,0.8,0.7,0.15,0.1,1,1,2,40,"post_fragmentation","random",1,598,12,48,49,11,894,1
24,878,50,0.8,0.7,0.15,0.1,1,1,2,40,"post_fragmentation","random",1,598,12,48,49,11,901,1
24,878,50,0.8,0.7,0.15,0.1,1,1,2,40,"post_fragmentation","random",1,598,12,48,49,11,906,1
24,878,50,0.8,0.7,0.15,0.1,1,1,2,40,"post_fragmentation","random",1,598,12,48,49,11,912,1
24,878,50,0.8,0.7,0.15,0.1,1,1,2,40,"post_fragmentation","random",1,598,12,48,49,11,930,2
24,878,50,0.8,0.7,0.15,0.1,1,1,2,40,"post_fragmentation","random",1,598,12,48,49,11,951,1
24,878,50,0.8,0.7,0.15,0.1,1,1,2,40,"post_fragmentation","random",2,968,20,18,75,3,146,1
24,878,50,0.8,0.7,0.15,0.1,1,1,2,40,"post_fragmentation","random",2,968,20,18,75,3,178,1
24,878,50,0.8,0.7,0.15,0.1,1,1,2,40,"post_fragmentation","random",2,968,20,18,75,3,193,1
24,878,50,0.8,0.7,0.15,0.1,1,1,2,40,"post_fragmentation","random",2,968,20,18,75,3,194,2
24,878,50,0.8,0.7,0.15,0.1,1,1,2,40,"post_fragmentation","random",2,968,20,18,75,3,204,4
24,878,50,0.8,0.7,0.15,0.1,1,1,2,40,"post_fragmentation","random",2,968,20,18,75,3,220,1
24,878,50,0.8,0.7,0.15,0.1,1,1,2,40,"post_fragmentation","random",2,968,20,18,75,3,234,3
24,878,50,0.8,0.7,0.15,0.1,1,1,2,40,"post_fragmentation","random",2,968,20,18,75,3,247,1
24,878,50,0.8,0.7,0.15,0.1,1,1,2,40,"post_fragmentation","random",2,968,20,18,75,3,251,1
24,878,50,0.8,0.7,0.15,0.1,1,1,2,40,"post_fragmentation","random",2,968,20,18,75,3,253,1
24,878,50,0.8,0.7,0.15,0.1,1,1,2,40,"post_fragmentation","random",2,968,20,18,75,3,254,1
24,878,50,0.8,0.7,0.15,0.1,1,1,2,40,"post_fragmentation","random",2,968,20,18,75,3,256,3
24,878,50,0.8,0.7,0.15,0.1,1,1,2,40,"post_fragmentation","random",2,968,20,18,75,3,257,1
24,878,50,0.8,0.7,0.15,0.1,1,1,2,40,"post_fragmentation","random",2,968,20,18,75,3,260,1
24,878,50,0.8,0.7,0.15,0.1,1,1,2,40,"post_fragmentation","random",2,968,20,18,75,3,266,1
24,878,50,0.8,0.7,0.15,0.1,1,1,2,40,"post_fragmentation","random",2,968,20,18,75,3,267,3
24,878,50,0.8,0.7,0.15,0.1,1,1,2,40,"post_fragmentation","random",2,968,20,18,75,3,270,2
24,878,50,0.8,0.7,0.15,0.1,1,1,2,40,"post_fragmentation","random",2,968,20,18,75,3,272,1
24,878,50,0.8,0.7,0.15,0.1,1,1,2,40,"post_fragmentation","random",2,968,20,18,75,3,297,3
24,878,50,0.8,0.7,0.15,0.1,1,1,2,40,"post_fragmentation","random",2,968,20,18,75,3,307,1
24,878,50,0.8,0.7,0.15,0.1,1,1,2,40,"post_fragmentation","random",2,968,20,18,75,3,314,1
24,878,50,0.8,0.7,0.15,0.1,1,1,2,40,"post_fragmentation","random",2,968,20,18,75,3,319,1
24,878,50,0.8,0.7,0.15,0.1,1,1,2,40,"post_fragmentation","random",2,968,20,18,75,3,341,1
24,878,50,0.8,0.7,0.15,0.1,1,1,2,40,"post_fragmentation","random",2,968,20,18,75,3,415,1
24,878,50,0.8,0.7,0.15,0.1,1,1,2,40,"post_fragmentation","random",3,1758,36,8,120,1,375,1
24,878,50,0.8,0.7,0.15,0.1,1,1,2,40,"post_fragmentation","random",3,1758,36,8,120,1,386,1
24,878,50,0.8,0.7,0.15,0.1,1,1,2,40,"post_fragmentation","random",3,1758,36,8,120,1,406,1
24,878,50,0.8,0.7,0.15,0.1,1,1,2,40,"post_fragmentation","random",3,1758,36,8,120,1,421,1
24,878,50,0.8,0.7,0.15,0.1,1,1,2,40,"post_fragmentation","random",3,1758,36,8,120,1,423,2
24,878,50,0.8,0.7,0.15,0.1,1,1,2,40,"post_fragmentation","random",3,1758,36,8,120,1,440,4
24,878,50,0.8,0.7,0.15,0.1,1,1,2,40,"post_fragmentation","random",3,1758,36,8,120,1,453,2
24,878,50,0.8,0.7,0.15,0.1,1,1,2,40,"post_fragmentation","random",3,1758,36,8,120,1,462,1
24,878,50,0.8,0.7,0.15,0.1,1,1,2,40,"post_fragmentation","random",3,1758,36,8,120,1,467,1
24,878,50,0.8,0.7,0.15,0.1,1,1,2,40,"post_fragmentation","random",3,1758,36,8,120,1,472,9
24,878,50,0.8,0.7,0.15,0.1,1,1,2,40,"post_fragmentation","random",3,1758,36,8,120,1,479,5
24,878,50,0.8,0.7,0.15,0.1,1,1,2,40,"post_fragmentation","random",3,1758,36,8,120,1,496,1
24,878,50,0.8,0.7,0.15,0.1,1,1,2,40,"post_fragmentation","random",3,1758,36,8,120,1,527,3
24,878,50,0.8,0.7,0.15,0.1,1,1,2,40,"post_fragmentation","random",3,1758,36,8,120,1,546,2
24,878,50,0.8,0.7,0.15,0.1,1,1,2,40,"post_fragmentation","random",3,1758,36,8,120,1,553,1
24,878,50,0.8,0.7,0.15,0.1,1,1,2,40,"post_fragmentation","random",3,1758,36,8,120,1,564,1
24,878,50,0.8,0.7,0.15,0.1,1,1,2,40,"post_fragmentation","random",3,1758,36,8,120,1,603,1
24,878,50,0.8,0.7,0.15,0.1,1,1,2,40,"post_fragmentation","random",3,1758,36,8,120,1,611,1
24,878,50,0.8,0.7,0.15,0.1,1,1,2,40,"post_fragmentation","random",3,1758,36,8,120,1,612,1
24,878,50,0.8,0.7,0.15,0.1,1,1,2,40,"post_fragmentation","random",3,1758,36,8,120,1,647,1
24,878,50,0.8,0.7,0.15,0.1,1,1,2,40,"post_fragmentation","random",3,1758,36,8,120,1,665,1
24,878,50,0.8,0.7,0.15,0.1,1,1,2,40,"post_fragmentation","random",4,754,16,4,60,2,522,1
24,878,50,0.8,0.7,0.15,0.1,1,1,2,40,"post_fragmentation","random",4,754,16,4,60,2,523,2
24,878,50,0.8,0.7,0.15,0.1,1,1,2,40,"post_fragmentation","random",4,754,16,4,60,2,532,1
24,878,50,0.8,0.7,0.15,0.1,1,1,2,40,"post_fragmentation","random",4,754,16,4,60,2,564,3
24,878,50,0.8,0.7,0.15,0.1,1,1,2,40,"post_fragmentation","random",4,754,16,4,60,2,569,1
24,878,50,0.8,0.7,0.15,0.1,1,1,2,40,"post_fragmentation","random",4,754,16,4,60,2,576,1
24,878,50,0.8,0.7,0.15,0.1,1,1,2,40,"post_fragmentation","random",4,754,16,4,60,2,584,1
24,878,50,0.8,0.7,0.15,0.1,1,1,2,40,"post_fragmentation","random",4,754,16,4,60,2,607,1
24,878,50,0.8,0.7,0.15,0.1,1,1,2,40,"post_fragmentation","random",4,754,16,4,60,2,609,1
24,878,50,0.8,0.7,0.15,0.1,1,1,2,40,"post_fragmentation","random",4,754,16,4,60,2,625,4
24,878,50,0.8,0.7,0.15,0.1,1,1,2,40,"post_fragmentation","random",4,754,16,4,60,2,630,1
24,878,50,0.8,0.7,0.15,0.1,1,1,2,40,"post_fragmentation","random",4,754,16,4,60,2,633,1
24,878,50,0.8,0.7,0.15,0.1,1,1,2,40,"post_fragmentation","random",4,754,16,4,60,2,635,2
24,878,50,0.8,0.7,0.15,0.1,1,1,2,40,"post_fragmentation","random",4,754,16,4,60,2,649,1
24,878,50,0.8,0.7,0.15,0.1,1,1,2,40,"post_fragmentation","random",4,754,16,4,60,2,650,1
24,878,50,0.8,0.7,0.15,0.1,1,1,2,40,"post_fragmentation","random",4,754,16,4,60,2,659,1
24,878,50,0.8,0.7,0.15,0.1,1,1,2,40,"post_fragmentation","random",4,754,16,4,60,2,666,2
24,878,50,0.8,0.7,0.15,0.1,1,1,2,40,"post_fragmentation","random",4,754,16,4,60,2,668,1
24,878,50,0.8,0.7,0.15,0.1,1,1,2,40,"post_fragmentation","random",4,754,16,4,60,2,689,1
24,878,50,0.8,0.7,0.15,0.1,1,1,2,40,"post_fragmentation","random",4,754,16,4,60,2,690,1
24,878,50,0.8,0.7,0.15,0.1,1,1,2,40,"post_fragmentation","random",4,754,16,4,60,2,715,1
24,878,50,0.8,0.7,0.15,0.1,1,1,2,40,"post_fragmentation","random",4,754,16,4,60,2,718,1
24,878,50,0.8,0.7,0.15,0.1,1,1,2,40,"post_fragmentation","random",4,754,16,4,60,2,719,2
24,878,50,0.8,0.7,0.15,0.1,1,1,2,40,"post_fragmentation","random",4,754,16,4,60,2,736,2
24,878,50,0.8,0.7,0.15,0.1,1,1,2,40,"post_fragmentation","random",4,754,16,4,60,2,744,1
24,878,50,0.8,0.7,0.15,0.1,1,1,2,40,"post_fragmentation","random",4,754,16,4,60,2,773,1
24,878,50,0.8,0.7,0.15,0.1,1,1,2,40,"post_fragmentation","random",4,754,16,4,60,2,855,1
24,878,50,0.8,0.7,0.15,0.1,1,1,2,40,"post_fragmentation","random",5,2294,46,44,152,7,404,1
24,878,50,0.8,0.7,0.15,0.1,1,1,2,40,"post_fragmentation","random",5,2294,46,44,152,7,472,1
24,878,50,0.8,0.7,0.15,0.1,1,1,2,40,"post_fragmentation","random",5,2294,46,44,152,7,479,2
24,878,50,0.8,0.7,0.15,0.1,1,1,2,40,"post_fragmentation","random",5,2294,46,44,152,7,491,1
24,878,50,0.8,0.7,0.15,0.1,1,1,2,40,"post_fragmentation","random",5,2294,46,44,152,7,497,1
24,878,50,0.8,0.7,0.15,0.1,1,1,2,40,"post_fragmentation","random",5,2294,46,44,152,7,513,1
24,878,50,0.8,0.7,0.15,0.1,1,1,2,40,"post_fragmentation","random",5,2294,46,44,152,7,529,1
24,878,50,0.8,0.7,0.15,0.1,1,1,2,40,"post_fragmentation","random",5,2294,46,44,152,7,541,3
24,878,50,0.8,0.7,0.15,0.1,1,1,2,40,"post_fragmentation","random",5,2294,46,44,152,7,548,1
24,878,50,0.8,0.7,0.15,0.1,1,1,2,40,"post_fragmentation","random",5,2294,46,44,152,7,552,1
24,878,50,0.8,0.7,0.15,0.1,1,1,2,40,"post_fragmentation","random",5,2294,46,44,152,7,571,1
24,878,50,0.8,0.7,0.15,0.1,1,1,2,40,"post_fragmentation","random",5,2294,46,44,152,7,581,3
24,878,50,0.8,0.7,0.15,0.1,1,1,2,40,"post_fragmentation","random",5,2294,46,44,152,7,582,1
24,878,50,0.8,0.7,0.15,0.1,1,1,2,40,"post_fragmentation","random",5,2294,46,44,152,7,599,1
24,878,50,0.8,0.7,0.15,0.1,1,1,2,40,"post_fragmentation","random",5,2294,46,44,152,7,601,1
24,878,50,0.8,0.7,0.15,0.1,1,1,2,40,"post_fragmentation","random",5,2294,46,44,152,7,603,1
24,878,50,0.8,0.7,0.15,0.1,1,1,2,40,"post_fragmentation","random",5,2294,46,44,152,7,604,2
24,878,50,0.8,0.7,0.15,0.1,1,1,2,40,"post_fragmentation","random",5,2294,46,44,152,7,605,6
24,878,50,0.8,0.7,0.15,0.1,1,1,2,40,"post_fragmentation","random",5,2294,46,44,152,7,624,1
24,878,50,0.8,0.7,0.15,0.1,1,1,2,40,"post_fragmentation","random",5,2294,46,44,152,7,642,1
24,878,50,0.8,0.7,0.15,0.1,1,1,2,40,"post_fragmentation","random",5,2294,46,44,152,7,651,1
24,878,50,0.8,0.7,0.15,0.1,1,1,2,40,"post_fragmentation","random",5,2294,46,44,152,7,691,1
24,878,50,0.8,0.7,0.15,0.1,1,1,2,40,"post_fragmentation","random",5,2294,46,44,152,7,729,1
24,878,50,0.8,0.7,0.15,0.1,1,1,2,40,"post_fragmentation","random",5,2294,46,44,152,7,735,1
24,878,50,0.8,0.7,0.15,0.1,1,1,2,40,"post_fragmentation","random",6,2155,44,5,146,4,568,1
24,878,50,0.8,0.7,0.15,0.1,1,1,2,40,"post_fragmentation","random",6,2155,44,5,146,4,574,2
24,878,50,0.8,0.7,0.15,0.1,1,1,2,40,"post_fragmentation","random",6,2155,44,5,146,4,586,1
24,878,50,0.8,0.7,0.15,0.1,1,1,2,40,"post_fragmentation","random",6,2155,44,5,146,4,601,1
24,878,50,0.8,0.7,0.15,0.1,1,1,2,40,"post_fragmentation","random",6,2155,44,5,146,4,602,1
24,878,50,0.8,0.7,0.15,0.1,1,1,2,40,"post_fragmentation","random",6,2155,44,5,146,4,603,2
24,878,50,0.8,0.7,0.15,0.1,1,1,2,40,"post_fragmentation","random",6,2155,44,5,146,4,606,1
24,878,50,0.8,0.7,0.15,0.1,1,1,2,40,"post_fragmentation","random",6,2155,44,5,146,4,611,1
24,878,50,0.8,0.7,0.15,0.1,1,1,2,40,"post_fragmentation","random",6,2155,44,5,146,4,618,3
24,878,50,0.8,0.7,0.15,0.1,1,1,2,40,"post_fragmentation","random",6,2155,44,5,146,4,624,1
24,878,50,0.8,0.7,0.15,0.1,1,1,2,40,"post_fragmentation","random",6,2155,44,5,146,4,638,2
24,878,50,0.8,0.7,0.15,0.1,1,1,2,40,"post_fragmentation","random",6,2155,44,5,146,4,645,1
24,878,50,0.8,0.7,0.15,0.1,1,1,2,40,"post_fragmentation","random",6,2155,44,5,146,4,647,1
24,878,50,0.8,0.7,0.15,0.1,1,1,2,40,"post_fragmentation","random",6,2155,44,5,146,4,664,1
24,878,50,0.8,0.7,0.15,0.1,1,1,2,40,"post_fragmentation","random",6,2155,44,5,146,4,668,1
24,878,50,0.8,0.7,0.15,0.1,1,1,2,40,"post_fragmentation","random",6,2155,44,5,146,4,672,1
24,878,50,0.8,0.7,0.15,0.1,1,1,2,40,"post_fragmentation","random",6,2155,44,5,146,4,692,1
24,878,50,0.8,0.7,0.15,0.1,1,1,2,40,"post_fragmentation","random",6,2155,44,5,146,4,693,1
24,878,50,0.8,0.7,0.15,0.1,1,1,2,40,"post_fragmentation","random",6,2155,44,5,146,4,705,2
24,878,50,0.8,0.7,0.15,0.1,1,1,2,40,"post_fragmentation","random",6,2155,44,5,146,4,724,1
24,878,50,0.8,0.7,0.15,0.1,1,1,2,40,"post_fragmentation","random",6,2155,44,5,146,4,737,1
24,878,50,0.8,0.7,0.15,0.1,1,1,2,40,"post_fragmentation","random",6,2155,44,5,146,4,754,1
24,878,50,0.8,0.7,0.15,0.1,1,1,2,40,"post_fragmentation","random",6,2155,44,5,146,4,755,2
24,878,50,0.8,0.7,0.15,0.1,1,1,2,40,"post_fragmentation","random",6,2155,44,5,146,4,767,1
24,878,50,0.8,0.7,0.15,0.1,1,1,2,40,"post_fragmentation","random",6,2155,44,5,146,4,774,2
24,878,50,0.8,0.7,0.15,0.1,1,1,2,40,"post_fragmentation","random",6,2155,44,5,146,4,788,1
24,878,50,0.8,0.7,0.15,0.1,1,1,2,40,"post_fragmentation","random",6,2155,44,5,146,4,810,1
24,878,50,0.8,0.7,0.15,0.1,1,1,2,40,"post_fragmentation","random",6,2155,44,5,146,4,864,1
24,878,50,0.8,0.7,0.15,0.1,1,1,2,40,"post_fragmentation","random",7,1176,24,26,93,4,48,1
24,878,50,0.8,0.7,0.15,0.1,1,1,2,40,"post_fragmentation","random",7,1176,24,26,93,4,54,1
24,878,50,0.8,0.7,0.15,0.1,1,1,2,40,"post_fragmentation","random",7,1176,24,26,93,4,56,2
24,878,50,0.8,0.7,0.15,0.1,1,1,2,40,"post_fragmentation","random",7,1176,24,26,93,4,70,1
24,878,50,0.8,0.7,0.15,0.1,1,1,2,40,"post_fragmentation","random",7,1176,24,26,93,4,76,1
24,878,50,0.8,0.7,0.15,0.1,1,1,2,40,"post_fragmentation","random",7,1176,24,26,93,4,82,1
24,878,50,0.8,0.7,0.15,0.1,1,1,2,40,"post_fragmentation","random",7,1176,24,26,93,4,86,1
24,878,50,0.8,0.7,0.15,0.1,1,1,2,40,"post_fragmentation","random",7,1176,24,26,93,4,93,1
24,878,50,0.8,0.7,0.15,0.1,1,1,2,40,"post_fragmentation","random",7,1176,24,26,93,4,100,1
24,878,50,0.8,0.7,0.15,0.1,1,1,2,40,"post_fragmentation","random",7,1176,24,26,93,4,103,1
24,878,50,0.8,0.7,0.15,0.1,1,1,2,40,"post_fragmentation","random",7,1176,24,26,93,4,105,1
24,878,50,0.8,0.7,0.15,0.1,1,1,2,40,"post_fragmentation","random",7,1176,24,26,93,4,111,6
24,878,50,0.8,0.7,0.15,0.1,1,1,2,40,"post_fragmentation","random",7,1176,24,26,93,4,113,1
24,878,50,0.8,0.7,0.15,0.1,1,1,2,40,"post_fragmentation","random",7,1176,24,26,93,4,128,1
24,878,50,0.8,0.7,0.15,0.1,1,1,2,40,"post_fragmentation","random",7,1176,24,26,93,4,133,1
24,878,50,0.8,0.7,0.15,0.1,1,1,2,40,"post_fragmentation","random",7,1176,24,26,93,4,134,1
24,878,50,0.8,0.7,0.15,0.1,1,1,2,40,"post_fragmentation","random",7,1176,24,26,93,4,146,2
24,878,50,0.8,0.7,0.15,0.1,1,1,2,40,"post_fragmentation","random",7,1176,24,26,93,4,148,4
24,878,50,0.8,0.7,0.15,0.1,1,1,2,40,"post_fragmentation","random",7,1176,24,26,93,4,156,2
24,878,50,0.8,0.7,0.15,0.1,1,1,2,40,"post_fragmentation","random",7,1176,24,26,93,4,204,1
24,878,50,0.8,0.7,0.15,0.1,1,1,2,40,"post_fragmentation","random",7,1176,24,26,93,4,245,1
24,878,50,0.8,0.7,0.15,0.1,1,1,2,40,"post_fragmentation","random",7,1176,24,26,93,4,251,1
24,878,50,0.8,0.7,0.15,0.1,1,1,2,40,"post_fragmentation","random",7,1176,24,26,93,4,271,1
24,878,50,0.8,0.7,0.15,0.1,1,1,2,40,"post_fragmentation","random",7,1176,24,26,93,4,283,1
24,878,50,0.8,0.7,0.15,0.1,1,1,2,40,"post_fragmentation","random",8,831,17,31,68,1,300,1
24,878,50,0.8,0.7,0.15,0.1,1,1,2,40,"post_fragmentation","random",8,831,17,31,68,1,330,1
24,878,50,0.8,0.7,0.15,0.1,1,1,2,40,"post_fragmentation","random",8,831,17,31,68,1,336,1
24,878,50,0.8,0.7,0.15,0.1,1,1,2,40,"post_fragmentation","random",8,831,17,31,68,1,344,1
24,878,50,0.8,0.7,0.15,0.1,1,1,2,40,"post_fragmentation","random",8,831,17,31,68,1,350,1
24,878,50,0.8,0.7,0.15,0.1,1,1,2,40,"post_fragmentation","random",8,831,17,31,68,1,358,3
24,878,50,0.8,0.7,0.15,0.1,1,1,2,40,"post_fragmentation","random",8,831,17,31,68,1,359,2
24,878,50,0.8,0.7,0.15,0.1,1,1,2,40,"post_fragmentation","random",8,831,17,31,68,1,368,1
24,878,50,0.8,0.7,0.15,0.1,1,1,2,40,"post_fragmentation","random",8,831,17,31,68,1,369,1
24,878,50,0.8,0.7,0.15,0.1,1,1,2,40,"post_fragmentation","random",8,831,17,31,68,1,375,1
24,878,50,0.8,0.7,0.15,0.1,1,1,2,40,"post_fragmentation","random",8,831,17,31,68,1,378,1
24,878,50,0.8,0.7,0.15,0.1,1,1,2,40,"post_fragmentation","random",8,831,17,31,68,1,391,2
24,878,50,0.8,0.7,0.15,0.1,1,1,2,40,"post_fragmentation","random",8,831,17,31,68,1,395,1
24,878,50,0.8,0.7,0.15,0.1,1,1,2,40,"post_fragmentation","random",8,831,17,31,68,1,398,1
24,878,50,0.8,0.7,0.15,0.1,1,1,2,40,"post_fragmentation","random",8,831,17,31,68,1,400,1
24,878,50,0.8,0.7,0.15,0.1,1,1,2,40,"post_fragmentation","random",8,831,17,31,68,1,406,2
24,878,50,0.8,0.7,0.15,0.1,1,1,2,40,"post_fragmentation","random",8,831,17,31,68,1,407,1
24,878,50,0.8,0.7,0.15,0.1,1,1,2,40,"post_fragmentation","random",8,831,17,31,68,1,417,2
24,878,50,0.8,0.7,0.15,0.1,1,1,2,40,"post_fragmentation","random",8,831,17,31,68,1,439,3
24,878,50,0.8,0.7,0.15,0.1,1,1,2,40,"post_fragmentation","random",8,831,17,31,68,1,445,1
24,878,50,0.8,0.7,0.15,0.1,1,1,2,40,"post_fragmentation","random",8,831,17,31,68,1,454,4
24,878,50,0.8,0.7,0.15,0.1,1,1,2,40,"post_fragmentation","random",8,831,17,31,68,1,471,1
24,878,50,0.8,0.7,0.15,0.1,1,1,2,40,"post_fragmentation","random",8,831,17,31,68,1,510,1
24,878,50,0.8,0.7,0.15,0.1,1,1,2,40,"post_fragmentation","random",9,2212,45,12,155,1,578,1
24,878,50,0.8,0.7,0.15,0.1,1,1,2,40,"post_fragmentation","random",9,2212,45,12,155,1,582,2
24,878,50,0.8,0.7,0.15,0.1,1,1,2,40,"post_fragmentation","random",9,2212,45,12,155,1,595,1
24,878,50,0.8,0.7,0.15,0.1,1,1,2,40,"post_fragmentation","random",9,2212,45,12,155,1,597,1
24,878,50,0.8,0.7,0.15,0.1,1,1,2,40,"post_fragmentation","random",9,2212,45,12,155,1,602,1
24,878,50,0.8,0.7,0.15,0.1,1,1,2,40,"post_fragmentation","random",9,2212,45,12,155,1,611,1
24,878,50,0.8,0.7,0.15,0.1,1,1,2,40,"post_fragmentation","random",9,2212,45,12,155,1,646,1
24,878,50,0.8,0.7,0.15,0.1,1,1,2,40,"post_fragmentation","random",9,2212,45,12,155,1,648,2
24,878,50,0.8,0.7,0.15,0.1,1,1,2,40,"post_fragmentation","random",9,2212,45,12,155,1,667,1
24,878,50,0.8,0.7,0.15,0.1,1,1,2,40,"post_fragmentation","random",9,2212,45,12,155,1,698,1
24,878,50,0.8,0.7,0.15,0.1,1,1,2,40,"post_fragmentation","random",9,2212,45,12,155,1,705,1
24,878,50,0.8,0.7,0.15,0.1,1,1,2,40,"post_fragmentation","random",9,2212,45,12,155,1,708,3
24,878,50,0.8,0.7,0.15,0.1,1,1,2,40,"post_fragmentation","random",9,2212,45,12,155,1,710,1
24,878,50,0.8,0.7,0.15,0.1,1,1,2,40,"post_fragmentation","random",9,2212,45,12,155,1,721,1
24,878,50,0.8,0.7,0.15,0.1,1,1,2,40,"post_fragmentation","random",9,2212,45,12,155,1,724,7
24,878,50,0.8,0.7,0.15,0.1,1,1,2,40,"post_fragmentation","random",9,2212,45,12,155,1,739,4
24,878,50,0.8,0.7,0.15,0.1,1,1,2,40,"post_fragmentation","random",9,2212,45,12,155,1,747,2
24,878,50,0.8,0.7,0.15,0.1,1,1,2,40,"post_fragmentation","random",9,2212,45,12,155,1,775,5
24,878,50,0.8,0.7,0.15,0.1,1,1,2,40,"post_fragmentation","random",9,2212,45,12,155,1,785,1
24,878,50,0.8,0.7,0.15,0.1,1,1,2,40,"post_fragmentation","random",9,2212,45,12,155,1,799,1
24,878,50,0.8,0.7,0.15,0.1,1,1,2,40,"post_fragmentation","random",9,2212,45,12,155,1,800,1
24,878,50,0.8,0.7,0.15,0.1,1,1,2,40,"post_fragmentation","random",9,2212,45,12,155,1,810,1
24,878,50,0.8,0.7,0.15,0.1,1,1,2,40,"post_fragmentation","random",10,998,20,48,82,5,518,1
24,878,50,0.8,0.7,0.15,0.1,1,1,2,40,"post_fragmentation","random",10,998,20,48,82,5,659,1
24,878,50,0.8,0.7,0.15,0.1,1,1,2,40,"post_fragmentation","random",10,998,20,48,82,5,664,1
24,878,50,0.8,0.7,0.15,0.1,1,1,2,40,"post_fragmentation","random",10,998,20,48,82,5,678,1
24,878,50,0.8,0.7,0.15,0.1,1,1,2,40,"post_fragmentation","random",10,998,20,48,82,5,695,3
24,878,50,0.8,0.7,0.15,0.1,1,1,2,40,"post_fragmentation","random",10,998,20,48,82,5,704,2
24,878,50,0.8,0.7,0.15,0.1,1,1,2,40,"post_fragmentation","random",10,998,20,48,82,5,710,1
24,878,50,0.8,0.7,0.15,0.1,1,1,2,40,"post_fragmentation","random",10,998,20,48,82,5,711,1
24,878,50,0.8,0.7,0.15,0.1,1,1,2,40,"post_fragmentation","random",10,998,20,48,82,5,712,1
24,878,50,0.8,0.7,0.15,0.1,1,1,2,40,"post_fragmentation","random",10,998,20,48,82,5,717,1
24,878,50,0.8,0.7,0.15,0.1,1,1,2,40,"post_fragmentation","random",10,998,20,48,82,5,723,2
24,878,50,0.8,0.7,0.15,0.1,1,1,2,40,"post_fragmentation","random",10,998,20,48,82,5,726,1
24,878,50,0.8,0.7,0.15,0.1,1,1,2,40,"post_fragmentation","random",10,998,20,48,82,5,738,1
24,878,50,0.8,0.7,0.15,0.1,1,1,2,40,"post_fragmentation","random",10,998,20,48,82,5,742,4
24,878,50,0.8,0.7,0.15,0.1,1,1,2,40,"post_fragmentation","random",10,998,20,48,82,5,744,4
24,878,50,0.8,0.7,0.15,0.1,1,1,2,40,"post_fragmentation","random",10,998,20,48,82,5,747,1
24,878,50,0.8,0.7,0.15,0.1,1,1,2,40,"post_fragmentation","random",10,998,20,48,82,5,755,1
24,878,50,0.8,0.7,0.15,0.1,1,1,2,40,"post_fragmentation","random",10,998,20,48,82,5,756,2
24,878,50,0.8,0.7,0.15,0.1,1,1,2,40,"post_fragmentation","random",10,998,20,48,82,5,764,3
24,878,50,0.8,0.7,0.15,0.1,1,1,2,40,"post_fragmentation","random",10,998,20,48,82,5,765,2
24,878,50,0.8,0.7,0.15,0.1,1,1,2,40,"post_fragmentation","random",10,998,20,48,82,5,770,2
24,878,50,0.8,0.7,0.15,0.1,1,1,2,40,"post_fragmentation","random",10,998,20,48,82,5,771,1
24,878,50,0.8,0.7,0.15,0.1,1,1,2,40,"post_fragmentation","random",10,998,20,48,82,5,774,2
24,878,50,0.8,0.7,0.15,0.1,1,1,2,40,"post_fragmentation","random",10,998,20,48,82,5,824,1
24,878,50,0.8,0.7,0.15,0.1,1,1,2,40,"post_fragmentation","random",11,1083,22,33,85,3,105,1
24,878,50,0.8,0.7,0.15,0.1,1,1,2,40,"post_fragmentation","random",11,1083,22,33,85,3,192,1
24,878,50,0.8,0.7,0.15,0.1,1,1,2,40,"post_fragmentation","random",11,1083,22,33,85,3,227,1
24,878,50,0.8,0.7,0.15,0.1,1,1,2,40,"post_fragmentation","random",11,1083,22,33,85,3,231,1
24,878,50,0.8,0.7,0.15,0.1,1,1,2,40,"post_fragmentation","random",11,1083,22,33,85,3,240,1
24,878,50,0.8,0.7,0.15,0.1,1,1,2,40,"post_fragmentation","random",11,1083,22,33,85,3,249,1
24,878,50,0.8,0.7,0.15,0.1,1,1,2,40,"post_fragmentation","random",11,1083,22,33,85,3,251,1
24,878,50,0.8,0.7,0.15,0.1,1,1,2,40,"post_fragmentation","random",11,1083,22,33,85,3,259,2
24,878,50,0.8,0.7,0.15,0.1,1,1,2,40,"post_fragmentation","random",11,1083,22,33,85,3,270,1
24,878,50,0.8,0.7,0.15,0.1,1,1,2,40,"post_fragmentation","random",11,1083,22,33,85,3,271,3
24,878,50,0.8,0.7,0.15,0.1,1,1,2,40,"post_fragmentation","random",11,1083,22,33,85,3,276,1
24,878,50,0.8,0.7,0.15,0.1,1,1,2,40,"post_fragmentation","random",11,1083,22,33,85,3,283,1
24,878,50,0.8,0.7,0.15,0.1,1,1,2,40,"post_fragmentation","random",11,1083,22,33,85,3,298,1
24,878,50,0.8,0.7,0.15,0.1,1,1,2,40,"post_fragmentation","random",11,1083,22,33,85,3,304,1
24,878,50,0.8,0.7,0.15,0.1,1,1,2,40,"post_fragmentation","random",11,1083,22,33,85,3,306,1
24,878,50,0.8,0.7,0.15,0.1,1,1,2,40,"post_fragmentation","random",11,1083,22,33,85,3,309,1
24,878,50,0.8,0.7,0.15,0.1,1,1,2,40,"post_fragmentation","random",11,1083,22,33,85,3,326,1
24,878,50,0.8,0.7,0.15,0.1,1,1,2,40,"post_fragmentation","random",11,1083,22,33,85,3,342,2
24,878,50,0.8,0.7,0.15,0.1,1,1,2,40,"post_fragmentation","random",11,1083,22,33,85,3,352,1
24,878,50,0.8,0.7,0.15,0.1,1,1,2,40,"post_fragmentation","random",11,1083,22,33,85,3,357,1
24,878,50,0.8,0.7,0.15,0.1,1,1,2,40,"post_fragmentation","random",11,1083,22,33,85,3,358,2
24,878,50,0.8,0.7,0.15,0.1,1,1,2,40,"post_fragmentation","random",11,1083,22,33,85,3,364,1
24,878,50,0.8,0.7,0.15,0.1,1,1,2,40,"post_fragmentation","random",11,1083,22,33,85,3,369,6
24,878,50,0.8,0.7,0.15,0.1,1,1,2,40,"post_fragmentation","random",11,1083,22,33,85,3,406,1
24,878,50,0.8,0.7,0.15,0.1,1,1,2,40,"post_fragmentation","random",11,1083,22,33,85,3,427,1
24,878,50,0.8,0.7,0.15,0.1,1,1,2,40,"post_fragmentation","random",12,820,17,20,67,1,188,1
24,878,50,0.8,0.7,0.15,0.1,1,1,2,40,"post_fragmentation","random",12,820,17,20,67,1,234,3
24,878,50,0.8,0.7,0.15,0.1,1,1,2,40,"post_fragmentation","random",12,820,17,20,67,1,270,1
24,878,50,0.8,0.7,0.15,0.1,1,1,2,40,"post_fragmentation","random",12,820,17,20,67,1,272,1
24,878,50,0.8,0.7,0.15,0.1,1,1,2,40,"post_fragmentation","random",12,820,17,20,67,1,280,1
24,878,50,0.8,0.7,0.15,0.1,1,1,2,40,"post_fragmentation","random",12,820,17,20,67,1,281,2
24,878,50,0.8,0.7,0.15,0.1,1,1,2,40,"post_fragmentation","random",12,820,17,20,67,1,282,1
24,878,50,0.8,0.7,0.15,0.1,1,1,2,40,"post_fragmentation","random",12,820,17,20,67,1,289,2
24,878,50,0.8,0.7,0.15,0.1,1,1,2,40,"post_fragmentation","random",12,820,17,20,67,1,294,1
24,878,50,0.8,0.7,0.15,0.1,1,1,2,40,"post_fragmentation","random",12,820,17,20,67,1,295,1
24,878,50,0.8,0.7,0.15,0.1,1,1,2,40,"post_fragmentation","random",12,820,17,20,67,1,297,6
24,878,50,0.8,0.7,0.15,0.1,1,1,2,40,"post_fragmentation","random",12,820,17,20,67,1,298,4
24,878,50,0.8,0.7,0.15,0.1,1,1,2,40,"post_fragmentation","random",12,820,17,20,67,1,300,1
24,878,50,0.8,0.7,0.15,0.1,1,1,2,40,"post_fragmentation","random",12,820,17,20,67,1,304,1
24,878,50,0.8,0.7,0.15,0.1,1,1,2,40,"post_fragmentation","random",12,820,17,20,67,1,306,1
24,878,50,0.8,0.7,0.15,0.1,1,1,2,40,"post_fragmentation","random",12,820,17,20,67,1,308,1
24,878,50,0.8,0.7,0.15,0.1,1,1,2,40,"post_fragmentation","random",12,820,17,20,67,1,341,1
24,878,50,0.8,0.7,0.15,0.1,1,1,2,40,"post_fragmentation","random",12,820,17,20,67,1,344,3
24,878,50,0.8,0.7,0.15,0.1,1,1,2,40,"post_fragmentation","random",12,820,17,20,67,1,362,1
24,878,50,0.8,0.7,0.15,0.1,1,1,2,40,"post_fragmentation","random",12,820,17,20,67,1,364,1
24,878,50,0.8,0.7,0.15,0.1,1,1,2,40,"post_fragmentation","random",12,820,17,20,67,1,367,1
24,878,50,0.8,0.7,0.15,0.1,1,1,2,40,"post_fragmentation","random",12,820,17,20,67,1,368,1
24,878,50,0.8,0.7,0.15,0.1,1,1,2,40,"post_fragmentation","random",12,820,17,20,67,1,372,1
24,878,50,0.8,0.7,0.15,0.1,1,1,2,40,"post_fragmentation","random",12,820,17,20,67,1,386,1
24,878,50,0.8,0.7,0.15,0.1,1,1,2,40,"post_fragmentation","random",12,820,17,20,67,1,398,1
24,878,50,0.8,0.7,0.15,0.1,1,1,2,40,"post_fragmentation","random",12,820,17,20,67,1,437,1
24,878,50,0.8,0.7,0.15,0.1,1,1,2,40,"post_fragmentation","random",13,1930,39,30,129,19,45,1
24,878,50,0.8,0.7,0.15,0.1,1,1,2,40,"post_fragmentation","random",13,1930,39,30,129,19,56,1
24,878,50,0.8,0.7,0.15,0.1,1,1,2,40,"post_fragmentation","random",13,1930,39,30,129,19,75,3
24,878,50,0.8,0.7,0.15,0.1,1,1,2,40,"post_fragmentation","random",13,1930,39,30,129,19,79,1
24,878,50,0.8,0.7,0.15,0.1,1,1,2,40,"post_fragmentation","random",13,1930,39,30,129,19,82,3
24,878,50,0.8,0.7,0.15,0.1,1,1,2,40,"post_fragmentation","random",13,1930,39,30,129,19,83,3
24,878,50,0.8,0.7,0.15,0.1,1,1,2,40,"post_fragmentation","random",13,1930,39,30,129,19,84,3
24,878,50,0.8,0.7,0.15,0.1,1,1,2,40,"post_fragmentation","random",13,1930,39,30,129,19,90,1
24,878,50,0.8,0.7,0.15,0.1,1,1,2,40,"post_fragmentation","random",13,1930,39,30,129,19,100,2
24,878,50,0.8,0.7,0.15,0.1,1,1,2,40,"post_fragmentation","random",13,1930,39,30,129,19,101,2
24,878,50,0.8,0.7,0.15,0.1,1,1,2,40,"post_fragmentation","random",13,1930,39,30,129,19,112,2
24,878,50,0.8,0.7,0.15,0.1,1,1,2,40,"post_fragmentation","random",13,1930,39,30,129,19,113,2
24,878,50,0.8,0.7,0.15,0.1,1,1,2,40,"post_fragmentation","random",13,1930,39,30,129,19,114,1
24,878,50,0.8,0.7,0.15,0.1,1,1,2,40,"post_fragmentation","random",13,1930,39,30,129,19,123,1
24,878,50,0.8,0.7,0.15,0.1,1,1,2,40,"post_fragmentation","random",13,1930,39,30,129,19,129,1
24,878,50,0.8,0.7,0.15,0.1,1,1,2,40,"post_fragmentation","random",13,1930,39,30,129,19,133,1
24,878,50,0.8,0.7,0.15,0.1,1,1,2,40,"post_fragmentation","random",13,1930,39,30,129,19,134,1
24,878,50,0.8,0.7,0.15,0.1,1,1,2,40,"post_fragmentation","random",13,1930,39,30,129,19,165,1
24,878,50,0.8,0.7,0.15,0.1,1,1,2,40,"post_fragmentation","random",13,1930,39,30,129,19,170,1
24,878,50,0.8,0.7,0.15,0.1,1,1,2,40,"post_fragmentation","random",13,1930,39,30,129,19,171,1
24,878,50,0.8,0.7,0.15,0.1,1,1,2,40,"post_fragmentation","random",13,1930,39,30,129,19,175,1
24,878,50,0.8,0.7,0.15,0.1,1,1,2,40,"post_fragmentation","random",13,1930,39,30,129,19,190,3
24,878,50,0.8,0.7,0.15,0.1,1,1,2,40,"post_fragmentation","random",13,1930,39,30,129,19,214,1
24,878,50,0.8,0.7,0.15,0.1,1,1,2,40,"post_fragmentation","random",13,1930,39,30,129,19,234,1
24,878,50,0.8,0.7,0.15,0.1,1,1,2,40,"post_fragmentation","random",14,194,4,44,16,2,671,1
24,878,50,0.8,0.7,0.15,0.1,1,1,2,40,"post_fragmentation","random",14,194,4,44,16,2,707,1
24,878,50,0.8,0.7,0.15,0.1,1,1,2,40,"post_fragmentation","random",14,194,4,44,16,2,714,1
24,878,50,0.8,0.7,0.15,0.1,1,1,2,40,"post_fragmentation","random",14,194,4,44,16,2,720,1
24,878,50,0.8,0.7,0.15,0.1,1,1,2,40,"post_fragmentation","random",14,194,4,44,16,2,739,3
24,878,50,0.8,0.7,0.15,0.1,1,1,2,40,"post_fragmentation","random",14,194,4,44,16,2,744,2
24,878,50,0.8,0.7,0.15,0.1,1,1,2,40,"post_fragmentation","random",14,194,4,44,16,2,758,3
24,878,50,0.8,0.7,0.15,0.1,1,1,2,40,"post_fragmentation","random",14,194,4,44,16,2,762,1
24,878,50,0.8,0.7,0.15,0.1,1,1,2,40,"post_fragmentation","random",14,194,4,44,16,2,778,4
24,878,50,0.8,0.7,0.15,0.1,1,1,2,40,"post_fragmentation","random",14,194,4,44,16,2,784,1
24,878,50,0.8,0.7,0.15,0.1,1,1,2,40,"post_fragmentation","random",14,194,4,44,16,2,812,1
24,878,50,0.8,0.7,0.15,0.1,1,1,2,40,"post_fragmentation","random",14,194,4,44,16,2,813,1
24,878,50,0.8,0.7,0.15,0.1,1,1,2,40,"post_fragmentation","random",14,194,4,44,16,2,815,1
24,878,50,0.8,0.7,0.15,0.1,1,1,2,40,"post_fragmentation","random",14,194,4,44,16,2,826,2
24,878,50,0.8,0.7,0.15,0.1,1,1,2,40,"post_fragmentation","random",14,194,4,44,16,2,832,1
24,878,50,0.8,0.7,0.15,0.1,1,1,2,40,"post_fragmentation","random",14,194,4,44,16,2,834,1
24,878,50,0.8,0.7,0.15,0.1,1,1,2,40,"post_fragmentation","random",14,194,4,44,16,2,838,1
24,878,50,0.8,0.7,0.15,0.1,1,1,2,40,"post_fragmentation","random",14,194,4,44,16,2,844,1
24,878,50,0.8,0.7,0.15,0.1,1,1,2,40,"post_fragmentation","random",14,194,4,44,16,2,846,1
24,878,50,0.8,0.7,0.15,0.1,1,1,2,40,"post_fragmentation","random",14,194,4,44,16,2,850,1
24,878,50,0.8,0.7,0.15,0.1,1,1,2,40,"post_fragmentation","random",14,194,4,44,16,2,857,1
24,878,50,0.8,0.7,0.15,0.1,1,1,2,40,"post_fragmentation","random",14,194,4,44,16,2,863,1
24,878,50,0.8,0.7,0.15,0.1,1,1,2,40,"post_fragmentation","random",14,194,4,44,16,2,864,1
24,878,50,0.8,0.7,0.15,0.1,1,1,2,40,"post_fragmentation","random",14,194,4,44,16,2,870,1
24,878,50,0.8,0.7,0.15,0.1,1,1,2,40,"post_fragmentation","random",14,194,4,44,16,2,873,3
24,878,50,0.8,0.7,0.15,0.1,1,1,2,40,"post_fragmentation","random",14,194,4,44,16,2,878,1
24,878,50,0.8,0.7,0.15,0.1,1,1,2,40,"post_fragmentation","random",14,194,4,44,16,2,886,1
24,878,50,0.8,0.7,0.15,0.1,1,1,2,40,"post_fragmentation","random",14,194,4,44,16,2,903,1
24,878,50,0.8,0.7,0.15,0.1,1,1,2,40,"post_fragmentation","random",15,1141,23,41,88,2,561,1
24,878,50,0.8,0.7,0.15,0.1,1,1,2,40,"post_fragmentation","random",15,1141,23,41,88,2,572,1
24,878,50,0.8,0.7,0.15,0.1,1,1,2,40,"post_fragmentation","random",15,1141,23,41,88,2,577,1
24,878,50,0.8,0.7,0.15,0.1,1,1,2,40,"post_fragmentation","random",15,1141,23,41,88,2,590,1
24,878,50,0.8,0.7,0.15,0.1,1,1,2,40,"post_fragmentation","random",15,1141,23,41,88,2,596,1
24,878,50,0.8,0.7,0.15,0.1,1,1,2,40,"post_fragmentation","random",15,1141,23,41,88,2,600,1
24,878,50,0.8,0.7,0.15,0.1,1,1,2,40,"post_fragmentation","random",15,1141,23,41,88,2,604,1
24,878,50,0.8,0.7,0.15,0.1,1,1,2,40,"post_fragmentation","random",15,1141,23,41,88,2,606,1
24,878,50,0.8,0.7,0.15,0.1,1,1,2,40,"post_fragmentation","random",15,1141,23,41,88,2,612,1
24,878,50,0.8,0.7,0.15,0.1,1,1,2,40,"post_fragmentation","random",15,1141,23,41,88,2,620,1
24,878,50,0.8,0.7,0.15,0.1,1,1,2,40,"post_fragmentation","random",15,1141,23,41,88,2,630,1
24,878,50,0.8,0.7,0.15,0.1,1,1,2,40,"post_fragmentation","random",15,1141,23,41,88,2,637,3
24,878,50,0.8,0.7,0.15,0.1,1,1,2,40,"post_fragmentation","random",15,1141,23,41,88,2,645,2
24,878,50,0.8,0.7,0.15,0.1,1,1,2,40,"post_fragmentation","random",15,1141,23,41,88,2,662,1
24,878,50,0.8,0.7,0.15,0.1,1,1,2,40,"post_fragmentation","random",15,1141,23,41,88,2,669,9
24,878,50,0.8,0.7,0.15,0.1,1,1,2,40,"post_fragmentation","random",15,1141,23,41,88,2,674,2
24,878,50,0.8,0.7,0.15,0.1,1,1,2,40,"post_fragmentation","random",15,1141,23,41,88,2,680,2
24,878,50,0.8,0.7,0.15,0.1,1,1,2,40,"post_fragmentation","random",15,1141,23,41,88,2,681,1
24,878,50,0.8,0.7,0.15,0.1,1,1,2,40,"post_fragmentation","random",15,1141,23,41,88,2,689,1
24,878,50,0.8,0.7,0.15,0.1,1,1,2,40,"post_fragmentation","random",15,1141,23,41,88,2,698,1
24,878,50,0.8,0.7,0.15,0.1,1,1,2,40,"post_fragmentation","random",15,1141,23,41,88,2,699,1
24,878,50,0.8,0.7,0.15,0.1,1,1,2,40,"post_fragmentation","random",15,1141,23,41,88,2,702,2
24,878,50,0.8,0.7,0.15,0.1,1,1,2,40,"post_fragmentation","random",15,1141,23,41,88,2,703,1
24,878,50,0.8,0.7,0.15,0.1,1,1,2,40,"post_fragmentation","random",15,1141,23,41,88,2,716,1
24,878,50,0.8,0.7,0.15,0.1,1,1,2,40,"post_fragmentation","random",15,1141,23,41,88,2,726,1
24,878,50,0.8,0.7,0.15,0.1,1,1,2,40,"post_fragmentation","random",15,1141,23,41,88,2,736,1
24,878,50,0.8,0.7,0.15,0.1,1,1,2,40,"post_fragmentation","random",15,1141,23,41,88,2,743,1
24,878,50,0.8,0.7,0.15,0.1,1,1,2,40,"post_fragmentation","random",16,406,9,6,33,1,672,1
24,878,50,0.8,0.7,0.15,0.1,1,1,2,40,"post_fragmentation","random",16,406,9,6,33,1,689,2
24,878,50,0.8,0.7,0.15,0.1,1,1,2,40,"post_fragmentation","random",16,406,9,6,33,1,695,2
24,878,50,0.8,0.7,0.15,0.1,1,1,2,40,"post_fragmentation","random",16,406,9,6,33,1,708,3
24,878,50,0.8,0.7,0.15,0.1,1,1,2,40,"post_fragmentation","random",16,406,9,6,33,1,715,2
24,878,50,0.8,0.7,0.15,0.1,1,1,2,40,"post_fragmentation","random",16,406,9,6,33,1,716,1
24,878,50,0.8,0.7,0.15,0.1,1,1,2,40,"post_fragmentation","random",16,406,9,6,33,1,718,1
24,878,50,0.8,0.7,0.15,0.1,1,1,2,40,"post_fragmentation","random",16,406,9,6,33,1,719,1
24,878,50,0.8,0.7,0.15,0.1,1,1,2,40,"post_fragmentation","random",16,406,9,6,33,1,734,2
24,878,50,0.8,0.7,0.15,0.1,1,1,2,40,"post_fragmentation","random",16,406,9,6,33,1,738,1
24,878,50,0.8,0.7,0.15,0.1,1,1,2,40,"post_fragmentation","random",16,406,9,6,33,1,739,3
24,878,50,0.8,0.7,0.15,0.1,1,1,2,40,"post_fragmentation","random",16,406,9,6,33,1,749,4
24,878,50,0.8,0.7,0.15,0.1,1,1,2,40,"post_fragmentation","random",16,406,9,6,33,1,762,1
24,878,50,0.8,0.7,0.15,0.1,1,1,2,40,"post_fragmentation","random",16,406,9,6,33,1,765,2
24,878,50,0.8,0.7,0.15,0.1,1,1,2,40,"post_fragmentation","random",16,406,9,6,33,1,768,1
24,878,50,0.8,0.7,0.15,0.1,1,1,2,40,"post_fragmentation","random",16,406,9,6,33,1,778,1
24,878,50,0.8,0.7,0.15,0.1,1,1,2,40,"post_fragmentation","random",16,406,9,6,33,1,780,1
24,878,50,0.8,0.7,0.15,0.1,1,1,2,40,"post_fragmentation","random",16,406,9,6,33,1,789,1
24,878,50,0.8,0.7,0.15,0.1,1,1,2,40,"post_fragmentation","random",16,406,9,6,33,1,794,2
24,878,50,0.8,0.7,0.15,0.1,1,1,2,40,"post_fragmentation","random",16,406,9,6,33,1,802,1
24,878,50,0.8,0.7,0.15,0.1,1,1,2,40,"post_fragmentation","random",17,1416,29,16,107,1,87,1
24,878,50,0.8,0.7,0.15,0.1,1,1,2,40,"post_fragmentation","random",17,1416,29,16,107,1,89,1
24,878,50,0.8,0.7,0.15,0.1,1,1,2,40,"post_fragmentation","random",17,1416,29,16,107,1,100,1
24,878,50,0.8,0.7,0.15,0.1,1,1,2,40,"post_fragmentation","random",17,1416,29,16,107,1,101,1
24,878,50,0.8,0.7,0.15,0.1,1,1,2,40,"post_fragmentation","random",17,1416,29,16,107,1,111,1
24,878,50,0.8,0.7,0.15,0.1,1,1,2,40,"post_fragmentation","random",17,1416,29,16,107,1,112,1
24,878,50,0.8,0.7,0.15,0.1,1,1,2,40,"post_fragmentation","random",17,1416,29,16,107,1,118,1
24,878,50,0.8,0.7,0.15,0.1,1,1,2,40,"post_fragmentation","random",17,1416,29,16,107,1,119,1
24,878,50,0.8,0.7,0.15,0.1,1,1,2,40,"post_fragmentation","random",17,1416,29,16,107,1,122,2
24,878,50,0.8,0.7,0.15,0.1,1,1,2,40,"post_fragmentation","random",17,1416,29,16,107,1,134,2
24,878,50,0.8,0.7,0.15,0.1,1,1,2,40,"post_fragmentation","random",17,1416,29,16,107,1,141,1
24,878,50,0.8,0.7,0.15,0.1,1,1,2,40,"post_fragmentation","random",17,1416,29,16,107,1,143,1
24,878,50,0.8,0.7,0.15,0.1,1,1,2,40,"post_fragmentation","random",17,1416,29,16,107,1,144,4
24,878,50,0.8,0.7,0.15,0.1,1,1,2,40,"post_fragmentation","random",17,1416,29,16,107,1,156,1
24,878,50,0.8,0.7,0.15,0.1,1,1,2,40,"post_fragmentation","random",17,1416,29,16,107,1,161,2
24,878,50,0.8,0.7,0.15,0.1,1,1,2,40,"post_fragmentation","random",17,1416,29,16,107,1,178,3
24,878,50,0.8,0.7,0.15,0.1,1,1,2,40,"post_fragmentation","random",17,1416,29,16,107,1,188,2
24,878,50,0.8,0.7,0.15,0.1,1,1,2,40,"post_fragmentation","random",17,1416,29,16,107,1,190,2
24,878,50,0.8,0.7,0.15,0.1,1,1,2,40,"post_fragmentation","random",17,1416,29,16,107,1,208,1
24,878,50,0.8,0.7,0.15,0.1,1,1,2,40,"post_fragmentation","random",17,1416,29,16,107,1,214,1
24,878,50,0.8,0.7,0.15,0.1,1,1,2,40,"post_fragmentation","random",17,1416,29,16,107,1,218,1
24,878,50,0.8,0.7,0.15,0.1,1,1,2,40,"post_fragmentation","random",17,1416,29,16,107,1,223,1
24,878,50,0.8,0.7,0.15,0.1,1,1,2,40,"post_fragmentation","random",17,1416,29,16,107,1,234,1
24,878,50,0.8,0.7,0.15,0.1,1,1,2,40,"post_fragmentation","random",17,1416,29,16,107,1,249,2
24,878,50,0.8,0.7,0.15,0.1,1,1,2,40,"post_fragmentation","random",18,108,3,8,11,1,549,1
24,878,50,0.8,0.7,0.15,0.1,1,1,2,40,"post_fragmentation","random",18,108,3,8,11,1,566,1
24,878,50,0.8,0.7,0.15,0.1,1,1,2,40,"post_fragmentation","random",18,108,3,8,11,1,571,1
24,878,50,0.8,0.7,0.15,0.1,1,1,2,40,"post_fragmentation","random",18,108,3,8,11,1,597,1
24,878,50,0.8,0.7,0.15,0.1,1,1,2,40,"post_fragmentation","random",18,108,3,8,11,1,612,2
24,878,50,0.8,0.7,0.15,0.1,1,1,2,40,"post_fragmentation","random",18,108,3,8,11,1,636,2
24,878,50,0.8,0.7,0.15,0.1,1,1,2,40,"post_fragmentation","random",18,108,3,8,11,1,652,1
24,878,50,0.8,0.7,0.15,0.1,1,1,2,40,"post_fragmentation","random",18,108,3,8,11,1,654,1
24,878,50,0.8,0.7,0.15,0.1,1,1,2,40,"post_fragmentation","random",18,108,3,8,11,1,655,1
24,878,50,0.8,0.7,0.15,0.1,1,1,2,40,"post_fragmentation","random",18,108,3,8,11,1,660,1
24,878,50,0.8,0.7,0.15,0.1,1,1,2,40,"post_fragmentation","random",18,108,3,8,11,1,667,1
24,878,50,0.8,0.7,0.15,0.1,1,1,2,40,"post_fragmentation","random",18,108,3,8,11,1,686,1
24,878,50,0.8,0.7,0.15,0.1,1,1,2,40,"post_fragmentation","random",18,108,3,8,11,1,708,3
24,878,50,0.8,0.7,0.15,0.1,1,1,2,40,"post_fragmentation","random",18,108,3,8,11,1,723,1
24,878,50,0.8,0.7,0.15,0.1,1,1,2,40,"post_fragmentation","random",18,108,3,8,11,1,732,2
24,878,50,0.8,0.7,0.15,0.1,1,1,2,40,"post_fragmentation","random",18,108,3,8,11,1,739,1
24,878,50,0.8,0.7,0.15,0.1,1,1,2,40,"post_fragmentation","random",18,108,3,8,11,1,745,4
24,878,50,0.8,0.7,0.15,0.1,1,1,2,40,"post_fragmentation","random",18,108,3,8,11,1,747,1
24,878,50,0.8,0.7,0.15,0.1,1,1,2,40,"post_fragmentation","random",18,108,3,8,11,1,778,1
24,878,50,0.8,0.7,0.15,0.1,1,1,2,40,"post_fragmentation","random",18,108,3,8,11,1,784,1
24,878,50,0.8,0.7,0.15,0.1,1,1,2,40,"post_fragmentation","random",18,108,3,8,11,1,785,2
24,878,50,0.8,0.7,0.15,0.1,1,1,2,40,"post_fragmentation","random",18,108,3,8,11,1,789,1
24,878,50,0.8,0.7,0.15,0.1,1,1,2,40,"post_fragmentation","random",18,108,3,8,11,1,797,2
24,878,50,0.8,0.7,0.15,0.1,1,1,2,40,"post_fragmentation","random",18,108,3,8,11,1,799,2
24,878,50,0.8,0.7,0.15,0.1,1,1,2,40,"post_fragmentation","random",18,108,3,8,11,1,801,1
24,878,50,0.8,0.7,0.15,0.1,1,1,2,40,"post_fragmentation","random",18,108,3,8,11,1,808,1
24,878,50,0.8,0.7,0.15,0.1,1,1,2,40,"post_fragmentation","random",18,108,3,8,11,1,848,1
24,878,50,0.8,0.7,0.15,0.1,1,1,2,40,"post_fragmentation","random",18,108,3,8,11,1,864,1
24,878,50,0.8,0.7,0.15,0.1,1,1,2,40,"post_fragmentation","random",19,2012,41,12,142,5,440,1
24,878,50,0.8,0.7,0.15,0.1,1,1,2,40,"post_fragmentation","random",19,2012,41,12,142,5,453,1
24,878,50,0.8,0.7,0.15,0.1,1,1,2,40,"post_fragmentation","random",19,2012,41,12,142,5,462,3
24,878,50,0.8,0.7,0.15,0.1,1,1,2,40,"post_fragmentation","random",19,2012,41,12,142,5,472,3
24,878,50,0.8,0.7,0.15,0.1,1,1,2,40,"post_fragmentation","random",19,2012,41,12,142,5,473,1
24,878,50,0.8,0.7,0.15,0.1,1,1,2,40,"post_fragmentation","random",19,2012,41,12,142,5,474,2
24,878,50,0.8,0.7,0.15,0.1,1,1,2,40,"post_fragmentation","random",19,2012,41,12,142,5,482,1
24,878,50,0.8,0.7,0.15,0.1,1,1,2,40,"post_fragmentation","random",19,2012,41,12,142,5,487,1
24,878,50,0.8,0.7,0.15,0.1,1,1,2,40,"post_fragmentation","random",19,2012,41,12,142,5,510,2
24,878,50,0.8,0.7,0.15,0.1,1,1,2,40,"post_fragmentation","random",19,2012,41,12,142,5,526,1
24,878,50,0.8,0.7,0.15,0.1,1,1,2,40,"post_fragmentation","random",19,2012,41,12,142,5,546,1
24,878,50,0.8,0.7,0.15,0.1,1,1,2,40,"post_fragmentation","random",19,2012,41,12,142,5,548,1
24,878,50,0.8,0.7,0.15,0.1,1,1,2,40,"post_fragmentation","random",19,2012,41,12,142,5,560,1
24,878,50,0.8,0.7,0.15,0.1,1,1,2,40,"post_fragmentation","random",19,2012,41,12,142,5,563,3
24,878,50,0.8,0.7,0.15,0.1,1,1,2,40,"post_fragmentation","random",19,2012,41,12,142,5,567,1
24,878,50,0.8,0.7,0.15,0.1,1,1,2,40,"post_fragmentation","random",19,2012,41,12,142,5,568,4
24,878,50,0.8,0.7,0.15,0.1,1,1,2,40,"post_fragmentation","random",19,2012,41,12,142,5,569,1
24,878,50,0.8,0.7,0.15,0.1,1,1,2,40,"post_fragmentation","random",19,2012,41,12,142,5,574,1
24,878,50,0.8,0.7,0.15,0.1,1,1,2,40,"post_fragmentation","random",19,2012,41,12,142,5,582,1
24,878,50,0.8,0.7,0.15,0.1,1,1,2,40,"post_fragmentation","random",19,2012,41,12,142,5,586,1
24,878,50,0.8,0.7,0.15,0.1,1,1,2,40,"post_fragmentation","random",19,2012,41,12,142,5,602,1
24,878,50,0.8,0.7,0.15,0.1,1,1,2,40,"post_fragmentation","random",19,2012,41,12,142,5,603,1
24,878,50,0.8,0.7,0.15,0.1,1,1,2,40,"post_fragmentation","random",19,2012,41,12,142,5,621,1
24,878,50,0.8,0.7,0.15,0.1,1,1,2,40,"post_fragmentation","random",19,2012,41,12,142,5,632,1
24,878,50,0.8,0.7,0.15,0.1,1,1,2,40,"post_fragmentation","random",19,2012,41,12,142,5,656,1
24,878,50,0.8,0.7,0.15,0.1,1,1,2,40,"post_fragmentation","random",19,2012,41,12,142,5,708,1
24,878,50,0.8,0.7,0.15,0.1,1,1,2,40,"post_fragmentation","random",20,800,16,50,49,11,632,1
24,878,50,0.8,0.7,0.15,0.1,1,1,2,40,"post_fragmentation","random",20,800,16,50,49,11,653,3
24,878,50,0.8,0.7,0.15,0.1,1,1,2,40,"post_fragmentation","random",20,800,16,50,49,11,673,1
24,878,50,0.8,0.7,0.15,0.1,1,1,2,40,"post_fragmentation","random",20,800,16,50,49,11,693,1
24,878,50,0.8,0.7,0.15,0.1,1,1,2,40,"post_fragmentation","random",20,800,16,50,49,11,704,1
24,878,50,0.8,0.7,0.15,0.1,1,1,2,40,"post_fragmentation","random",20,800,16,50,49,11,714,1
24,878,50,0.8,0.7,0.15,0.1,1,1,2,40,"post_fragmentation","random",20,800,16,50,49,11,718,1
24,878,50,0.8,0.7,0.15,0.1,1,1,2,40,"post_fragmentation","random",20,800,16,50,49,11,741,1
24,878,50,0.8,0.7,0.15,0.1,1,1,2,40,"post_fragmentation","random",20,800,16,50,49,11,745,1
24,878,50,0.8,0.7,0.15,0.1,1,1,2,40,"post_fragmentation","random",20,800,16,50,49,11,747,1
24,878,50,0.8,0.7,0.15,0.1,1,1,2,40,"post_fragmentation","random",20,800,16,50,49,11,756,2
24,878,50,0.8,0.7,0.15,0.1,1,1,2,40,"post_fragmentation","random",20,800,16,50,49,11,761,1
24,878,50,0.8,0.7,0.15,0.1,1,1,2,40,"post_fragmentation","random",20,800,16,50,49,11,765,2
24,878,50,0.8,0.7,0.15,0.1,1,1,2,40,"post_fragmentation","random",20,800,16,50,49,11,778,1
24,878,50,0.8,0.7,0.15,0.1,1,1,2,40,"post_fragmentation","random",20,800,16,50,49,11,780,3
24,878,50,0.8,0.7,0.15,0.1,1,1,2,40,"post_fragmentation","random",20,800,16,50,49,11,783,2
24,878,50,0.8,0.7,0.15,0.1,1,1,2,40,"post_fragmentation","random",20,800,16,50,49,11,789,1
24,878,50,0.8,0.7,0.15,0.1,1,1,2,40,"post_fragmentation","random",20,800,16,50,49,11,799,1
24,878,50,0.8,0.7,0.15,0.1,1,1,2,40,"post_fragmentation","random",20,800,16,50,49,11,807,1
24,878,50,0.8,0.7,0.15,0.1,1,1,2,40,"post_fragmentation","random",20,800,16,50,49,11,815,1
24,878,50,0.8,0.7,0.15,0.1,1,1,2,40,"post_fragmentation","random",20,800,16,50,49,11,817,1
24,878,50,0.8,0.7,0.15,0.1,1,1,2,40,"post_fragmentation","random",20,800,16,50,49,11,866,1
24,878,50,0.8,0.7,0.15,0.1,1,1,2,40,"post_fragmentation","random",20,800,16,50,49,11,870,1
24,878,50,0.8,0.7,0.15,0.1,1,1,2,40,"post_fragmentation","random",20,800,16,50,49,11,886,1
24,878,50,0.8,0.7,0.15,0.1,1,1,2,40,"post_fragmentation","random",21,2085,42,35,145,9,77,1
24,878,50,0.8,0.7,0.15,0.1,1,1,2,40,"post_fragmentation","random",21,2085,42,35,145,9,82,1
24,878,50,0.8,0.7,0.15,0.1,1,1,2,40,"post_fragmentation","random",21,2085,42,35,145,9,89,1
24,878,50,0.8,0.7,0.15,0.1,1,1,2,40,"post_fragmentation","random",21,2085,42,35,145,9,98,1
24,878,50,0.8,0.7,0.15,0.1,1,1,2,40,"post_fragmentation","random",21,2085,42,35,145,9,100,2
24,878,50,0.8,0.7,0.15,0.1,1,1,2,40,"post_fragmentation","random",21,2085,42,35,145,9,102,1
24,878,50,0.8,0.7,0.15,0.1,1,1,2,40,"post_fragmentation","random",21,2085,42,35,145,9,108,2
24,878,50,0.8,0.7,0.15,0.1,1,1,2,40,"post_fragmentation","random",21,2085,42,35,145,9,112,1
24,878,50,0.8,0.7,0.15,0.1,1,1,2,40,"post_fragmentation","random",21,2085,42,35,145,9,114,1
24,878,50,0.8,0.7,0.15,0.1,1,1,2,40,"post_fragmentation","random",21,2085,42,35,145,9,117,2
24,878,50,0.8,0.7,0.15,0.1,1,1,2,40,"post_fragmentation","random",21,2085,42,35,145,9,122,1
24,878,50,0.8,0.7,0.15,0.1,1,1,2,40,"post_fragmentation","random",21,2085,42,35,145,9,123,1
24,878,50,0.8,0.7,0.15,0.1,1,1,2,40,"post_fragmentation","random",21,2085,42,35,145,9,134,2
24,878,50,0.8,0.7,0.15,0.1,1,1,2,40,"post_fragmentation","random",21,2085,42,35,145,9,140,1
24,878,50,0.8,0.7,0.15,0.1,1,1,2,40,"post_fragmentation","random",21,2085,42,35,145,9,141,1
24,878,50,0.8,0.7,0.15,0.1,1,1,2,40,"post_fragmentation","random",21,2085,42,35,145,9,147,1
24,878,50,0.8,0.7,0.15,0.1,1,1,2,40,"post_fragmentation","random",21,2085,42,35,145,9,165,2
24,878,50,0.8,0.7,0.15,0.1,1,1,2,40,"post_fragmentation","random",21,2085,42,35,145,9,191,1
24,878,50,0.8,0.7,0.15,0.1,1,1,2,40,"post_fragmentation","random",21,2085,42,35,145,9,193,1
24,878,50,0.8,0.7,0.15,0.1,1,1,2,40,"post_fragmentation","random",21,2085,42,35,145,9,195,1
24,878,50,0.8,0.7,0.15,0.1,1,1,2,40,"post_fragmentation","random",21,2085,42,35,145,9,201,1
24,878,50,0.8,0.7,0.15,0.1,1,1,2,40,"post_fragmentation","random",21,2085,42,35,145,9,202,2
24,878,50,0.8,0.7,0.15,0.1,1,1,2,40,"post_fragmentation","random",21,2085,42,35,145,9,213,1
24,878,50,0.8,0.7,0.15,0.1,1,1,2,40,"post_fragmentation","random",21,2085,42,35,145,9,214,1
24,878,50,0.8,0.7,0.15,0.1,1,1,2,40,"post_fragmentation","random",21,2085,42,35,145,9,228,1
24,878,50,0.8,0.7,0.15,0.1,1,1,2,40,"post_fragmentation","random",21,2085,42,35,145,9,241,1
24,878,50,0.8,0.7,0.15,0.1,1,1,2,40,"post_fragmentation","random",21,2085,42,35,145,9,245,1
24,878,50,0.8,0.7,0.15,0.1,1,1,2,40,"post_fragmentation","random",21,2085,42,35,145,9,246,2
24,878,50,0.8,0.7,0.15,0.1,1,1,2,40,"post_fragmentation","random",21,2085,42,35,145,9,259,1
24,878,50,0.8,0.7,0.15,0.1,1,1,2,40,"post_fragmentation","random",21,2085,42,35,145,9,260,1
24,878,50,0.8,0.7,0.15,0.1,1,1,2,40,"post_fragmentation","random",21,2085,42,35,145,9,278,1
24,878,50,0.8,0.7,0.15,0.1,1,1,2,40,"post_fragmentation","random",21,2085,42,35,145,9,291,2
24,878,50,0.8,0.7,0.15,0.1,1,1,2,40,"post_fragmentation","random",21,2085,42,35,145,9,295,1
24,878,50,0.8,0.7,0.15,0.1,1,1,2,40,"post_fragmentation","random",21,2085,42,35,145,9,318,1
24,878,50,0.8,0.7,0.15,0.1,1,1,2,40,"post_fragmentation","random",21,2085,42,35,145,9,377,1
24,878,50,0.8,0.7,0.15,0.1,1,1,2,40,"post_fragmentation","random",22,1078,22,28,79,5,121,1
24,878,50,0.8,0.7,0.15,0.1,1,1,2,40,"post_fragmentation","random",22,1078,22,28,79,5,146,1
24,878,50,0.8,0.7,0.15,0.1,1,1,2,40,"post_fragmentation","random",22,1078,22,28,79,5,156,1
24,878,50,0.8,0.7,0.15,0.1,1,1,2,40,"post_fragmentation","random",22,1078,22,28,79,5,170,1
24,878,50,0.8,0.7,0.15,0.1,1,1,2,40,"post_fragmentation","random",22,1078,22,28,79,5,188,2
24,878,50,0.8,0.7,0.15,0.1,1,1,2,40,"post_fragmentation","random",22,1078,22,28,79,5,209,2
24,878,50,0.8,0.7,0.15,0.1,1,1,2,40,"post_fragmentation","random",22,1078,22,28,79,5,216,2
24,878,50,0.8,0.7,0.15,0.1,1,1,2,40,"post_fragmentation","random",22,1078,22,28,79,5,225,1
24,878,50,0.8,0.7,0.15,0.1,1,1,2,40,"post_fragmentation","random",22,1078,22,28,79,5,249,1
24,878,50,0.8,0.7,0.15,0.1,1,1,2,40,"post_fragmentation","random",22,1078,22,28,79,5,251,1
24,878,50,0.8,0.7,0.15,0.1,1,1,2,40,"post_fragmentation","random",22,1078,22,28,79,5,252,1
24,878,50,0.8,0.7,0.15,0.1,1,1,2,40,"post_fragmentation","random",22,1078,22,28,79,5,271,1
24,878,50,0.8,0.7,0.15,0.1,1,1,2,40,"post_fragmentation","random",22,1078,22,28,79,5,273,3
24,878,50,0.8,0.7,0.15,0.1,1,1,2,40,"post_fragmentation","random",22,1078,22,28,79,5,283,1
24,878,50,0.8,0.7,0.15,0.1,1,1,2,40,"post_fragmentation","random",22,1078,22,28,79,5,294,1
24,878,50,0.8,0.7,0.15,0.1,1,1,2,40,"post_fragmentation","random",22,1078,22,28,79,5,302,1
24,878,50,0.8,0.7,0.15,0.1,1,1,2,40,"post_fragmentation","random",22,1078,22,28,79,5,306,2
24,878,50,0.8,0.7,0.15,0.1,1,1,2,40,"post_fragmentation","random",22,1078,22,28,79,5,309,5
24,878,50,0.8,0.7,0.15,0.1,1,1,2,40,"post_fragmentation","random",22,1078,22,28,79,5,325,1
24,878,50,0.8,0.7,0.15,0.1,1,1,2,40,"post_fragmentation","random",22,1078,22,28,79,5,343,2
24,878,50,0.8,0.7,0.15,0.1,1,1,2,40,"post_fragmentation","random",22,1078,22,28,79,5,352,1
24,878,50,0.8,0.7,0.15,0.1,1,1,2,40,"post_fragmentation","random",22,1078,22,28,79,5,404,1
24,878,50,0.8,0.7,0.15,0.1,1,1,2,40,"post_fragmentation","random",23,2423,49,23,159,4,295,1
24,878,50,0.8,0.7,0.15,0.1,1,1,2,40,"post_fragmentation","random",23,2423,49,23,159,4,323,2
24,878,50,0.8,0.7,0.15,0.1,1,1,2,40,"post_fragmentation","random",23,2423,49,23,159,4,338,1
24,878,50,0.8,0.7,0.15,0.1,1,1,2,40,"post_fragmentation","random",23,2423,49,23,159,4,347,2
24,878,50,0.8,0.7,0.15,0.1,1,1,2,40,"post_fragmentation","random",23,2423,49,23,159,4,349,1
24,878,50,0.8,0.7,0.15,0.1,1,1,2,40,"post_fragmentation","random",23,2423,49,23,159,4,350,4
24,878,50,0.8,0.7,0.15,0.1,1,1,2,40,"post_fragmentation","random",23,2423,49,23,159,4,353,1
24,878,50,0.8,0.7,0.15,0.1,1,1,2,40,"post_fragmentation","random",23,2423,49,23,159,4,362,1
24,878,50,0.8,0.7,0.15,0.1,1,1,2,40,"post_fragmentation","random",23,2423,49,23,159,4,366,1
24,878,50,0.8,0.7,0.15,0.1,1,1,2,40,"post_fragmentation","random",23,2423,49,23,159,4,370,2
24,878,50,0.8,0.7,0.15,0.1,1,1,2,40,"post_fragmentation","random",23,2423,49,23,159,4,371,1
24,878,50,0.8,0.7,0.15,0.1,1,1,2,40,"post_fragmentation","random",23,2423,49,23,159,4,378,5
24,878,50,0.8,0.7,0.15,0.1,1,1,2,40,"post_fragmentation","random",23,2423,49,23,159,4,380,1
24,878,50,0.8,0.7,0.15,0.1,1,1,2,40,"post_fragmentation","random",23,2423,49,23,159,4,395,1
24,878,50,0.8,0.7,0.15,0.1,1,1,2,40,"post_fragmentation","random",23,2423,49,23,159,4,409,1
24,878,50,0.8,0.7,0.15,0.1,1,1,2,40,"post_fragmentation","random",23,2423,49,23,159,4,416,2
24,878,50,0.8,0.7,0.15,0.1,1,1,2,40,"post_fragmentation","random",23,2423,49,23,159,4,418,1
24,878,50,0.8,0.7,0.15,0.1,1,1,2,40,"post_fragmentation","random",23,2423,49,23,159,4,430,2
24,878,50,0.8,0.7,0.15,0.1,1,1,2,40,"post_fragmentation","random",23,2423,49,23,159,4,431,1
24,878,50,0.8,0.7,0.15,0.1,1,1,2,40,"post_fragmentation","random",24,824,17,24,55,17,264,1
24,878,50,0.8,0.7,0.15,0.1,1,1,2,40,"post_fragmentation","random",24,824,17,24,55,17,297,2
24,878,50,0.8,0.7,0.15,0.1,1,1,2,40,"post_fragmentation","random",24,824,17,24,55,17,298,1
24,878,50,0.8,0.7,0.15,0.1,1,1,2,40,"post_fragmentation","random",24,824,17,24,55,17,304,1
24,878,50,0.8,0.7,0.15,0.1,1,1,2,40,"post_fragmentation","random",24,824,17,24,55,17,317,4
24,878,50,0.8,0.7,0.15,0.1,1,1,2,40,"post_fragmentation","random",24,824,17,24,55,17,321,1
24,878,50,0.8,0.7,0.15,0.1,1,1,2,40,"post_fragmentation","random",24,824,17,24,55,17,325,1
24,878,50,0.8,0.7,0.15,0.1,1,1,2,40,"post_fragmentation","random",24,824,17,24,55,17,330,1
24,878,50,0.8,0.7,0.15,0.1,1,1,2,40,"post_fragmentation","random",24,824,17,24,55,17,332,1
24,878,50,0.8,0.7,0.15,0.1,1,1,2,40,"post_fragmentation","random",24,824,17,24,55,17,333,1
24,878,50,0.8,0.7,0.15,0.1,1,1,2,40,"post_fragmentation","random",24,824,17,24,55,17,346,2
24,878,50,0.8,0.7,0.15,0.1,1,1,2,40,"post_fragmentation","random",24,824,17,24,55,17,354,1
24,878,50,0.8,0.7,0.15,0.1,1,1,2,40,"post_fragmentation","random",24,824,17,24,55,17,362,2
24,878,50,0.8,0.7,0.15,0.1,1,1,2,40,"post_fragmentation","random",24,824,17,24,55,17,364,1
24,878,50,0.8,0.7,0.15,0.1,1,1,2,40,"post_fragmentation","random",24,824,17,24,55,17,365,1
24,878,50,0.8,0.7,0.15,0.1,1,1,2,40,"post_fragmentation","random",24,824,17,24,55,17,367,2
24,878,50,0.8,0.7,0.15,0.1,1,1,2,40,"post_fragmentation","random",24,824,17,24,55,17,368,1
24,878,50,0.8,0.7,0.15,0.1,1,1,2,40,"post_fragmentation","random",24,824,17,24,55,17,372,1
24,878,50,0.8,0.7,0.15,0.1,1,1,2,40,"post_fragmentation","random",24,824,17,24,55,17,377,1
24,878,50,0.8,0.7,0.15,0.1,1,1,2,40,"post_fragmentation","random",24,824,17,24,55,17,379,1
24,878,50,0.8,0.7,0.15,0.1,1,1,2,40,"post_fragmentation","random",24,824,17,24,55,17,390,1
24,878,50,0.8,0.7,0.15,0.1,1,1,2,40,"post_fragmentation","random",24,824,17,24,55,17,415,1
24,878,50,0.8,0.7,0.15,0.1,1,1,2,40,"post_fragmentation","random",24,824,17,24,55,17,437,1
24,878,50,0.8,0.7,0.15,0.1,1,1,2,40,"post_fragmentation","random",25,1042,21,42,87,1,563,1
24,878,50,0.8,0.7,0.15,0.1,1,1,2,40,"post_fragmentation","random",25,1042,21,42,87,1,598,1
24,878,50,0.8,0.7,0.15,0.1,1,1,2,40,"post_fragmentation","random",25,1042,21,42,87,1,600,1
24,878,50,0.8,0.7,0.15,0.1,1,1,2,40,"post_fragmentation","random",25,1042,21,42,87,1,626,1
24,878,50,0.8,0.7,0.15,0.1,1,1,2,40,"post_fragmentation","random",25,1042,21,42,87,1,627,1
24,878,50,0.8,0.7,0.15,0.1,1,1,2,40,"post_fragmentation","random",25,1042,21,42,87,1,637,1
24,878,50,0.8,0.7,0.15,0.1,1,1,2,40,"post_fragmentation","random",25,1042,21,42,87,1,652,1
24,878,50,0.8,0.7,0.15,0.1,1,1,2,40,"post_fragmentation","random",25,1042,21,42,87,1,665,1
24,878,50,0.8,0.7,0.15,0.1,1,1,2,40,"post_fragmentation","random",25,1042,21,42,87,1,666,1
24,878,50,0.8,0.7,0.15,0.1,1,1,2,40,"post_fragmentation","random",25,1042,21,42,87,1,668,3
24,878,50,0.8,0.7,0.15,0.1,1,1,2,40,"post_fragmentation","random",25,1042,21,42,87,1,674,2
24,878,50,0.8,0.7,0.15,0.1,1,1,2,40,"post_fragmentation","random",25,1042,21,42,87,1,676,1
24,878,50,0.8,0.7,0.15,0.1,1,1,2,40,"post_fragmentation","random",25,1042,21,42,87,1,679,2
24,878,50,0.8,0.7,0.15,0.1,1,1,2,40,"post_fragmentation","random",25,1042,21,42,87,1,680,1
24,878,50,0.8,0.7,0.15,0.1,1,1,2,40,"post_fragmentation","random",25,1042,21,42,87,1,689,1
24,878,50,0.8,0.7,0.15,0.1,1,1,2,40,"post_fragmentation","random",25,1042,21,42,87,1,690,1
24,878,50,0.8,0.7,0.15,0.1,1,1,2,40,"post_fragmentation","random",25,1042,21,42,87,1,692,5
24,878,50,0.8,0.7,0.15,0.1,1,1,2,40,"post_fragmentation","random",25,1042,21,42,87,1,695,2
24,878,50,0.8,0.7,0.15,0.1,1,1,2,40,"post_fragmentation","random",25,1042,21,42,87,1,709,1
24,878,50,0.8,0.7,0.15,0.1,1,1,2,40,"post_fragmentation","random",25,1042,21,42,87,1,738,1
24,878,50,0.8,0.7,0.15,0.1,1,1,2,40,"post_fragmentation","random",25,1042,21,42,87,1,742,3
24,878,50,0.8,0.7,0.15,0.1,1,1,2,40,"post_fragmentation","random",25,1042,21,42,87,1,753,1
24,878,50,0.8,0.7,0.15,0.1,1,1,2,40,"post_fragmentation","random",26,1249,25,49,99,1,516,1
24,878,50,0.8,0.7,0.15,0.1,1,1,2,40,"post_fragmentation","random",26,1249,25,49,99,1,629,1
24,878,50,0.8,0.7,0.15,0.1,1,1,2,40,"post_fragmentation","random",26,1249,25,49,99,1,637,3
24,878,50,0.8,0.7,0.15,0.1,1,1,2,40,"post_fragmentation","random",26,1249,25,49,99,1,645,1
24,878,50,0.8,0.7,0.15,0.1,1,1,2,40,"post_fragmentation","random",26,1249,25,49,99,1,650,4
24,878,50,0.8,0.7,0.15,0.1,1,1,2,40,"post_fragmentation","random",26,1249,25,49,99,1,664,2
24,878,50,0.8,0.7,0.15,0.1,1,1,2,40,"post_fragmentation","random",26,1249,25,49,99,1,669,1
24,878,50,0.8,0.7,0.15,0.1,1,1,2,40,"post_fragmentation","random",26,1249,25,49,99,1,674,4
24,878,50,0.8,0.7,0.15,0.1,1,1,2,40,"post_fragmentation","random",26,1249,25,49,99,1,676,1
24,878,50,0.8,0.7,0.15,0.1,1,1,2,40,"post_fragmentation","random",26,1249,25,49,99,1,679,2
24,878,50,0.8,0.7,0.15,0.1,1,1,2,40,"post_fragmentation","random",26,1249,25,49,99,1,680,2
24,878,50,0.8,0.7,0.15,0.1,1,1,2,40,"post_fragmentation","random",26,1249,25,49,99,1,683,3
24,878,50,0.8,0.7,0.15,0.1,1,1,2,40,"post_fragmentation","random",26,1249,25,49,99,1,691,1
24,878,50,0.8,0.7,0.15,0.1,1,1,2,40,"post_fragmentation","random",26,1249,25,49,99,1,698,1
24,878,50,0.8,0.7,0.15,0.1,1,1,2,40,"post_fragmentation","random",26,1249,25,49,99,1,699,1
24,878,50,0.8,0.7,0.15,0.1,1,1,2,40,"post_fragmentation","random",26,1249,25,49,99,1,716,3
24,878,50,0.8,0.7,0.15,0.1,1,1,2,40,"post_fragmentation","random",26,1249,25,49,99,1,736,1
24,878,50,0.8,0.7,0.15,0.1,1,1,2,40,"post_fragmentation","random",26,1249,25,49,99,1,738,1
24,878,50,0.8,0.7,0.15,0.1,1,1,2,40,"post_fragmentation","random",26,1249,25,49,99,1,742,1
24,878,50,0.8,0.7,0.15,0.1,1,1,2,40,"post_fragmentation","random",26,1249,25,49,99,1,755,1
24,878,50,0.8,0.7,0.15,0.1,1,1,2,40,"post_fragmentation","random",26,1249,25,49,99,1,765,2
24,878,50,0.8,0.7,0.15,0.1,1,1,2,40,"post_fragmentation","random",26,1249,25,49,99,1,772,1
24,878,50,0.8,0.7,0.15,0.1,1,1,2,40,"post_fragmentation","random",26,1249,25,49,99,1,773,1
24,878,50,0.8,0.7,0.15,0.1,1,1,2,40,"post_fragmentation","random",27,1934,39,34,125,6,14,1
24,878,50,0.8,0.7,0.15,0.1,1,1,2,40,"post_fragmentation","random",27,1934,39,34,125,6,21,1
24,878,50,0.8,0.7,0.15,0.1,1,1,2,40,"post_fragmentation","random",27,1934,39,34,125,6,27,2
24,878,50,0.8,0.7,0.15,0.1,1,1,2,40,"post_fragmentation","random",27,1934,39,34,125,6,30,1
24,878,50,0.8,0.7,0.15,0.1,1,1,2,40,"post_fragmentation","random",27,1934,39,34,125,6,32,1
24,878,50,0.8,0.7,0.15,0.1,1,1,2,40,"post_fragmentation","random",27,1934,39,34,125,6,52,1
24,878,50,0.8,0.7,0.15,0.1,1,1,2,40,"post_fragmentation","random",27,1934,39,34,125,6,59,1
24,878,50,0.8,0.7,0.15,0.1,1,1,2,40,"post_fragmentation","random",27,1934,39,34,125,6,63,1
24,878,50,0.8,0.7,0.15,0.1,1,1,2,40,"post_fragmentation","random",27,1934,39,34,125,6,71,1
24,878,50,0.8,0.7,0.15,0.1,1,1,2,40,"post_fragmentation","random",27,1934,39,34,125,6,75,3
24,878,50,0.8,0.7,0.15,0.1,1,1,2,40,"post_fragmentation","random",27,1934,39,34,125,6,79,3
24,878,50,0.8,0.7,0.15,0.1,1,1,2,40,"post_fragmentation","random",27,1934,39,34,125,6,84,1
24,878,50,0.8,0.7,0.15,0.1,1,1,2,40,"post_fragmentation","random",27,1934,39,34,125,6,100,3
24,878,50,0.8,0.7,0.15,0.1,1,1,2,40,"post_fragmentation","random",27,1934,39,34,125,6,101,1
24,878,50,0.8,0.7,0.15,0.1,1,1,2,40,"post_fragmentation","random",27,1934,39,34,125,6,114,1
24,878,50,0.8,0.7,0.15,0.1,1,1,2,40,"post_fragmentation","random",27,1934,39,34,125,6,117,1
24,878,50,0.8,0.7,0.15,0.1,1,1,2,40,"post_fragmentation","random",27,1934,39,34,125,6,122,1
24,878,50,0.8,0.7,0.15,0.1,1,1,2,40,"post_fragmentation","random",27,1934,39,34,125,6,123,2
24,878,50,0.8,0.7,0.15,0.1,1,1,2,40,"post_fragmentation","random",27,1934,39,34,125,6,131,1
24,878,50,0.8,0.7,0.15,0.1,1,1,2,40,"post_fragmentation","random",27,1934,39,34,125,6,134,2
24,878,50,0.8,0.7,0.15,0.1,1,1,2,40,"post_fragmentation","random",27,1934,39,34,125,6,142,1
24,878,50,0.8,0.7,0.15,0.1,1,1,2,40,"post_fragmentation","random",27,1934,39,34,125,6,159,2
24,878,50,0.8,0.7,0.15,0.1,1,1,2,40,"post_fragmentation","random",27,1934,39,34,125,6,162,1
24,878,50,0.8,0.7,0.15,0.1,1,1,2,40,"post_fragmentation","random",27,1934,39,34,125,6,199,1
24,878,50,0.8,0.7,0.15,0.1,1,1,2,40,"post_fragmentation","random",27,1934,39,34,125,6,201,1
24,878,50,0.8,0.7,0.15,0.1,1,1,2,40,"post_fragmentation","random",27,1934,39,34,125,6,234,1
24,878,50,0.8,0.7,0.15,0.1,1,1,2,40,"post_fragmentation","random",28,1863,38,13,128,1,176,1
24,878,50,0.8,0.7,0.15,0.1,1,1,2,40,"post_fragmentation","random",28,1863,38,13,128,1,200,1
24,878,50,0.8,0.7,0.15,0.1,1,1,2,40,"post_fragmentation","random",28,1863,38,13,128,1,240,2
24,878,50,0.8,0.7,0.15,0.1,1,1,2,40,"post_fragmentation","random",28,1863,38,13,128,1,250,1
24,878,50,0.8,0.7,0.15,0.1,1,1,2,40,"post_fragmentation","random",28,1863,38,13,128,1,251,2
24,878,50,0.8,0.7,0.15,0.1,1,1,2,40,"post_fragmentation","random",28,1863,38,13,128,1,257,2
24,878,50,0.8,0.7,0.15,0.1,1,1,2,40,"post_fragmentation","random",28,1863,38,13,128,1,275,1
24,878,50,0.8,0.7,0.15,0.1,1,1,2,40,"post_fragmentation","random",28,1863,38,13,128,1,299,2
24,878,50,0.8,0.7,0.15,0.1,1,1,2,40,"post_fragmentation","random",28,1863,38,13,128,1,306,1
24,878,50,0.8,0.7,0.15,0.1,1,1,2,40,"post_fragmentation","random",28,1863,38,13,128,1,329,2
24,878,50,0.8,0.7,0.15,0.1,1,1,2,40,"post_fragmentation","random",28,1863,38,13,128,1,336,3
24,878,50,0.8,0.7,0.15,0.1,1,1,2,40,"post_fragmentation","random",28,1863,38,13,128,1,338,1
24,878,50,0.8,0.7,0.15,0.1,1,1,2,40,"post_fragmentation","random",28,1863,38,13,128,1,356,2
24,878,50,0.8,0.7,0.15,0.1,1,1,2,40,"post_fragmentation","random",28,1863,38,13,128,1,390,4
24,878,50,0.8,0.7,0.15,0.1,1,1,2,40,"post_fragmentation","random",28,1863,38,13,128,1,418,1
24,878,50,0.8,0.7,0.15,0.1,1,1,2,40,"post_fragmentation","random",28,1863,38,13,128,1,440,4
24,878,50,0.8,0.7,0.15,0.1,1,1,2,40,"post_fragmentation","random",28,1863,38,13,128,1,462,2
24,878,50,0.8,0.7,0.15,0.1,1,1,2,40,"post_fragmentation","random",28,1863,38,13,128,1,474,2
24,878,50,0.8,0.7,0.15,0.1,1,1,2,40,"post_fragmentation","random",28,1863,38,13,128,1,479,1
24,878,50,0.8,0.7,0.15,0.1,1,1,2,40,"post_fragmentation","random",28,1863,38,13,128,1,503,1
24,878,50,0.8,0.7,0.15,0.1,1,1,2,40,"post_fragmentation","random",28,1863,38,13,128,1,548,1
24,878,50,0.8,0.7,0.15,0.1,1,1,2,40,"post_fragmentation","random",29,476,10,26,30,8,342,1
24,878,50,0.8,0.7,0.15,0.1,1,1,2,40,"post_fragmentation","random",29,476,10,26,30,8,350,1
24,878,50,0.8,0.7,0.15,0.1,1,1,2,40,"post_fragmentation","random",29,476,10,26,30,8,359,1
24,878,50,0.8,0.7,0.15,0.1,1,1,2,40,"post_fragmentation","random",29,476,10,26,30,8,367,1
24,878,50,0.8,0.7,0.15,0.1,1,1,2,40,"post_fragmentation","random",29,476,10,26,30,8,368,1
24,878,50,0.8,0.7,0.15,0.1,1,1,2,40,"post_fragmentation","random",29,476,10,26,30,8,374,3
24,878,50,0.8,0.7,0.15,0.1,1,1,2,40,"post_fragmentation","random",29,476,10,26,30,8,387,1
24,878,50,0.8,0.7,0.15,0.1,1,1,2,40,"post_fragmentation","random",29,476,10,26,30,8,389,1
24,878,50,0.8,0.7,0.15,0.1,1,1,2,40,"post_fragmentation","random",29,476,10,26,30,8,398,1
24,878,50,0.8,0.7,0.15,0.1,1,1,2,40,"post_fragmentation","random",29,476,10,26,30,8,400,2
24,878,50,0.8,0.7,0.15,0.1,1,1,2,40,"post_fragmentation","random",29,476,10,26,30,8,406,1
24,878,50,0.8,0.7,0.15,0.1,1,1,2,40,"post_fragmentation","random",29,476,10,26,30,8,412,1
24,878,50,0.8,0.7,0.15,0.1,1,1,2,40,"post_fragmentation","random",29,476,10,26,30,8,413,1
24,878,50,0.8,0.7,0.15,0.1,1,1,2,40,"post_fragmentation","random",29,476,10,26,30,8,416,1
24,878,50,0.8,0.7,0.15,0.1,1,1,2,40,"post_fragmentation","random",29,476,10,26,30,8,430,2
24,878,50,0.8,0.7,0.15,0.1,1,1,2,40,"post_fragmentation","random",29,476,10,26,30,8,431,1
24,878,50,0.8,0.7,0.15,0.1,1,1,2,40,"post_fragmentation","random",29,476,10,26,30,8,432,3
24,878,50,0.8,0.7,0.15,0.1,1,1,2,40,"post_fragmentation","random",29,476,10,26,30,8,433,2
24,878,50,0.8,0.7,0.15,0.1,1,1,2,40,"post_fragmentation","random",29,476,10,26,30,8,443,1
24,878,50,0.8,0.7,0.15,0.1,1,1,2,40,"post_fragmentation","random",29,476,10,26,30,8,450,1
24,878,50,0.8,0.7,0.15,0.1,1,1,2,40,"post_fragmentation","random",29,476,10,26,30,8,454,1
24,878,50,0.8,0.7,0.15,0.1,1,1,2,40,"post_fragmentation","random",29,476,10,26,30,8,456,1
24,878,50,0.8,0.7,0.15,0.1,1,1,2,40,"post_fragmentation","random",29,476,10,26,30,8,471,3
24,878,50,0.8,0.7,0.15,0.1,1,1,2,40,"post_fragmentation","random",29,476,10,26,30,8,475,1
24,878,50,0.8,0.7,0.15,0.1,1,1,2,40,"post_fragmentation","random",29,476,10,26,30,8,480,1
24,878,50,0.8,0.7,0.15,0.1,1,1,2,40,"post_fragmentation","random",29,476,10,26,30,8,491,1
24,878,50,0.8,0.7,0.15,0.1,1,1,2,40,"post_fragmentation","random",29,476,10,26,30,8,510,1
24,878,50,0.8,0.7,0.15,0.1,1,1,2,40,"post_fragmentation","random",29,476,10,26,30,8,528,2
24,878,50,0.8,0.7,0.15,0.1,1,1,2,40,"post_fragmentation","random",30,723,15,23,55,17,278,1
24,878,50,0.8,0.7,0.15,0.1,1,1,2,40,"post_fragmentation","random",30,723,15,23,55,17,289,2
24,878,50,0.8,0.7,0.15,0.1,1,1,2,40,"post_fragmentation","random",30,723,15,23,55,17,304,1
24,878,50,0.8,0.7,0.15,0.1,1,1,2,40,"post_fragmentation","random",30,723,15,23,55,17,307,1
24,878,50,0.8,0.7,0.15,0.1,1,1,2,40,"post_fragmentation","random",30,723,15,23,55,17,309,1
24,878,50,0.8,0.7,0.15,0.1,1,1,2,40,"post_fragmentation","random",30,723,15,23,55,17,313,1
24,878,50,0.8,0.7,0.15,0.1,1,1,2,40,"post_fragmentation","random",30,723,15,23,55,17,314,1
24,878,50,0.8,0.7,0.15,0.1,1,1,2,40,"post_fragmentation","random",30,723,15,23,55,17,317,1
24,878,50,0.8,0.7,0.15,0.1,1,1,2,40,"post_fragmentation","random",30,723,15,23,55,17,330,1
24,878,50,0.8,0.7,0.15,0.1,1,1,2,40,"post_fragmentation","random",30,723,15,23,55,17,344,3
24,878,50,0.8,0.7,0.15,0.1,1,1,2,40,"post_fragmentation","random",30,723,15,23,55,17,350,1
24,878,50,0.8,0.7,0.15,0.1,1,1,2,40,"post_fragmentation","random",30,723,15,23,55,17,358,1
24,878,50,0.8,0.7,0.15,0.1,1,1,2,40,"post_fragmentation","random",30,723,15,23,55,17,362,1
24,878,50,0.8,0.7,0.15,0.1,1,1,2,40,"post_fragmentation","random",30,723,15,23,55,17,364,1
24,878,50,0.8,0.7,0.15,0.1,1,1,2,40,"post_fragmentation","random",30,723,15,23,55,17,365,1
24,878,50,0.8,0.7,0.15,0.1,1,1,2,40,"post_fragmentation","random",30,723,15,23,55,17,367,1
24,878,50,0.8,0.7,0.15,0.1,1,1,2,40,"post_fragmentation","random",30,723,15,23,55,17,368,1
24,878,50,0.8,0.7,0.15,0.1,1,1,2,40,"post_fragmentation","random",30,723,15,23,55,17,372,3
24,878,50,0.8,0.7,0.15,0.1,1,1,2,40,"post_fragmentation","random",30,723,15,23,55,17,373,2
24,878,50,0.8,0.7,0.15,0.1,1,1,2,40,"post_fragmentation","random",30,723,15,23,55,17,377,1
24,878,50,0.8,0.7,0.15,0.1,1,1,2,40,"post_fragmentation","random",30,723,15,23,55,17,378,1
24,878,50,0.8,0.7,0.15,0.1,1,1,2,40,"post_fragmentation","random",30,723,15,23,55,17,382,1
24,878,50,0.8,0.7,0.15,0.1,1,1,2,40,"post_fragmentation","random",30,723,15,23,55,17,384,1
24,878,50,0.8,0.7,0.15,0.1,1,1,2,40,"post_fragmentation","random",30,723,15,23,55,17,393,1
24,878,50,0.8,0.7,0.15,0.1,1,1,2,40,"post_fragmentation","random",30,723,15,23,55,17,403,1
24,878,50,0.8,0.7,0.15,0.1,1,1,2,40,"post_fragmentation","random",30,723,15,23,55,17,413,1
24,878,50,0.8,0.7,0.15,0.1,1,1,2,40,"post_fragmentation","random",30,723,15,23,55,17,418,2
24,878,50,0.8,0.7,0.15,0.1,1,1,2,40,"post_fragmentation","random",30,723,15,23,55,17,422,1
24,878,50,0.8,0.7,0.15,0.1,1,1,2,40,"post_fragmentation","random",30,723,15,23,55,17,433,1
24,878,50,0.8,0.7,0.15,0.1,1,1,2,40,"post_fragmentation","random",30,723,15,23,55,17,443,1
24,878,50,0.8,0.7,0.15,0.1,1,1,2,100,"final","random",1,923,19,23,55,17,258,2
24,878,50,0.8,0.7,0.15,0.1,1,1,2,100,"final","random",1,923,19,23,55,17,283,1
24,878,50,0.8,0.7,0.15,0.1,1,1,2,100,"final","random",1,923,19,23,55,17,297,1
24,878,50,0.8,0.7,0.15,0.1,1,1,2,100,"final","random",1,923,19,23,55,17,298,6
24,878,50,0.8,0.7,0.15,0.1,1,1,2,100,"final","random",1,923,19,23,55,17,304,6
24,878,50,0.8,0.7,0.15,0.1,1,1,2,100,"final","random",1,923,19,23,55,17,317,5
24,878,50,0.8,0.7,0.15,0.1,1,1,2,100,"final","random",1,923,19,23,55,17,319,3
24,878,50,0.8,0.7,0.15,0.1,1,1,2,100,"final","random",1,923,19,23,55,17,325,1
24,878,50,0.8,0.7,0.15,0.1,1,1,2,100,"final","random",1,923,19,23,55,17,330,2
24,878,50,0.8,0.7,0.15,0.1,1,1,2,100,"final","random",1,923,19,23,55,17,333,2
24,878,50,0.8,0.7,0.15,0.1,1,1,2,100,"final","random",1,923,19,23,55,17,336,2
24,878,50,0.8,0.7,0.15,0.1,1,1,2,100,"final","random",1,923,19,23,55,17,357,2
24,878,50,0.8,0.7,0.15,0.1,1,1,2,100,"final","random",1,923,19,23,55,17,364,2
24,878,50,0.8,0.7,0.15,0.1,1,1,2,100,"final","random",1,923,19,23,55,17,368,1
24,878,50,0.8,0.7,0.15,0.1,1,1,2,100,"final","random",1,923,19,23,55,17,374,1
24,878,50,0.8,0.7,0.15,0.1,1,1,2,100,"final","random",1,923,19,23,55,17,412,1
24,878,50,0.8,0.7,0.15,0.1,1,1,2,100,"final","random",2,757,16,7,63,2,589,4
24,878,50,0.8,0.7,0.15,0.1,1,1,2,100,"final","random",3,2201,45,1,154,5,710,10
24,878,50,0.8,0.7,0.15,0.1,1,1,2,100,"final","random",4,2245,45,45,152,7,571,3
24,878,50,0.8,0.7,0.15,0.1,1,1,2,100,"final","random",4,2245,45,45,152,7,710,1
24,878,50,0.8,0.7,0.15,0.1,1,1,2,100,"final","random",5,1933,39,33,125,6,55,3
24,878,50,0.8,0.7,0.15,0.1,1,1,2,100,"final","random",5,1933,39,33,125,6,75,1
24,878,50,0.8,0.7,0.15,0.1,1,1,2,100,"final","random",5,1933,39,33,125,6,80,2
24,878,50,0.8,0.7,0.15,0.1,1,1,2,100,"final","random",5,1933,39,33,125,6,96,4
24,878,50,0.8,0.7,0.15,0.1,1,1,2,100,"final","random",5,1933,39,33,125,6,100,1
24,878,50,0.8,0.7,0.15,0.1,1,1,2,100,"final","random",5,1933,39,33,125,6,101,3
24,878,50,0.8,0.7,0.15,0.1,1,1,2,100,"final","random",5,1933,39,33,125,6,108,3
24,878,50,0.8,0.7,0.15,0.1,1,1,2,100,"final","random",5,1933,39,33,125,6,110,2
24,878,50,0.8,0.7,0.15,0.1,1,1,2,100,"final","random",5,1933,39,33,125,6,117,2
24,878,50,0.8,0.7,0.15,0.1,1,1,2,100,"final","random",5,1933,39,33,125,6,129,5
24,878,50,0.8,0.7,0.15,0.1,1,1,2,100,"final","random",5,1933,39,33,125,6,135,2
24,878,50,0.8,0.7,0.15,0.1,1,1,2,100,"final","random",5,1933,39,33,125,6,141,6
24,878,50,0.8,0.7,0.15,0.1,1,1,2,100,"final","random",5,1933,39,33,125,6,147,1
24,878,50,0.8,0.7,0.15,0.1,1,1,2,100,"final","random",5,1933,39,33,125,6,159,3
24,878,50,0.8,0.7,0.15,0.1,1,1,2,100,"final","random",5,1933,39,33,125,6,353,1
24,878,50,0.8,0.7,0.15,0.1,1,1,2,100,"final","random",6,141,3,41,9,2,434,1
24,878,50,0.8,0.7,0.15,0.1,1,1,2,100,"final","random",6,141,3,41,9,2,739,2
24,878,50,0.8,0.7,0.15,0.1,1,1,2,100,"final","random",7,2413,49,13,163,5,636,9
24,878,50,0.8,0.7,0.15,0.1,1,1,2,100,"final","random",8,1208,25,8,95,3,491,2
24,878,50,0.8,0.7,0.15,0.1,1,1,2,100,"final","random",9,2360,48,10,163,5,797,1
24,878,50,0.8,0.7,0.15,0.1,1,1,2,100,"final","random",9,2360,48,10,163,5,823,1
24,878,50,0.8,0.7,0.15,0.1,1,1,2,100,"final","random",10,1855,38,5,127,1,538,3
24,878,50,0.8,0.7,0.15,0.1,1,1,2,100,"final","random",10,1855,38,5,127,1,651,3
24,878,50,0.8,0.7,0.15,0.1,1,1,2,100,"final","random",10,1855,38,5,127,1,672,1
24,878,50,0.8,0.7,0.15,0.1,1,1,2,100,"final","random",11,1106,23,6,90,1,NA,NA
24,878,50,0.8,0.7,0.15,0.1,1,1,2,100,"final","random",12,982,20,32,81,1,306,3
24,878,50,0.8,0.7,0.15,0.1,1,1,2,100,"final","random",13,1448,29,48,109,2,778,1
24,878,50,0.8,0.7,0.15,0.1,1,1,2,100,"final","random",14,1703,35,3,115,7,651,7
24,878,50,0.8,0.7,0.15,0.1,1,1,2,100,"final","random",14,1703,35,3,115,7,672,4
24,878,50,0.8,0.7,0.15,0.1,1,1,2,100,"final","random",14,1703,35,3,115,7,674,1
24,878,50,0.8,0.7,0.15,0.1,1,1,2,100,"final","random",14,1703,35,3,115,7,690,1
24,878,50,0.8,0.7,0.15,0.1,1,1,2,100,"final","random",15,60,2,10,1,3,809,1
24,878,50,0.8,0.7,0.15,0.1,1,1,2,100,"final","random",16,2112,43,12,142,5,538,2
24,878,50,0.8,0.7,0.15,0.1,1,1,2,100,"final","random",16,2112,43,12,142,5,564,3
24,878,50,0.8,0.7,0.15,0.1,1,1,2,100,"final","random",16,2112,43,12,142,5,582,1
24,878,50,0.8,0.7,0.15,0.1,1,1,2,100,"final","random",16,2112,43,12,142,5,636,1
24,878,50,0.8,0.7,0.15,0.1,1,1,2,100,"final","random",16,2112,43,12,142,5,640,3
24,878,50,0.8,0.7,0.15,0.1,1,1,2,100,"final","random",17,228,5,28,17,4,404,1
24,878,50,0.8,0.7,0.15,0.1,1,1,2,100,"final","random",17,228,5,28,17,4,431,1
24,878,50,0.8,0.7,0.15,0.1,1,1,2,100,"final","random",17,228,5,28,17,4,433,6
24,878,50,0.8,0.7,0.15,0.1,1,1,2,100,"final","random",17,228,5,28,17,4,439,1
24,878,50,0.8,0.7,0.15,0.1,1,1,2,100,"final","random",17,228,5,28,17,4,454,2
24,878,50,0.8,0.7,0.15,0.1,1,1,2,100,"final","random",17,228,5,28,17,4,491,5
24,878,50,0.8,0.7,0.15,0.1,1,1,2,100,"final","random",18,748,15,48,49,11,698,3
24,878,50,0.8,0.7,0.15,0.1,1,1,2,100,"final","random",18,748,15,48,49,11,712,1
24,878,50,0.8,0.7,0.15,0.1,1,1,2,100,"final","random",18,748,15,48,49,11,741,1
24,878,50,0.8,0.7,0.15,0.1,1,1,2,100,"final","random",18,748,15,48,49,11,756,1
24,878,50,0.8,0.7,0.15,0.1,1,1,2,100,"final","random",18,748,15,48,49,11,765,2
24,878,50,0.8,0.7,0.15,0.1,1,1,2,100,"final","random",18,748,15,48,49,11,770,1
24,878,50,0.8,0.7,0.15,0.1,1,1,2,100,"final","random",18,748,15,48,49,11,778,6
24,878,50,0.8,0.7,0.15,0.1,1,1,2,100,"final","random",18,748,15,48,49,11,789,4
24,878,50,0.8,0.7,0.15,0.1,1,1,2,100,"final","random",18,748,15,48,49,11,795,1
24,878,50,0.8,0.7,0.15,0.1,1,1,2,100,"final","random",18,748,15,48,49,11,806,8
24,878,50,0.8,0.7,0.15,0.1,1,1,2,100,"final","random",18,748,15,48,49,11,807,5
24,878,50,0.8,0.7,0.15,0.1,1,1,2,100,"final","random",18,748,15,48,49,11,812,2
24,878,50,0.8,0.7,0.15,0.1,1,1,2,100,"final","random",18,748,15,48,49,11,820,1
24,878,50,0.8,0.7,0.15,0.1,1,1,2,100,"final","random",18,748,15,48,49,11,827,2
24,878,50,0.8,0.7,0.15,0.1,1,1,2,100,"final","random",19,2108,43,8,147,3,538,1
24,878,50,0.8,0.7,0.15,0.1,1,1,2,100,"final","random",19,2108,43,8,147,3,662,2
24,878,50,0.8,0.7,0.15,0.1,1,1,2,100,"final","random",20,1883,38,33,125,6,22,3
24,878,50,0.8,0.7,0.15,0.1,1,1,2,100,"final","random",20,1883,38,33,125,6,27,1
24,878,50,0.8,0.7,0.15,0.1,1,1,2,100,"final","random",20,1883,38,33,125,6,33,3
24,878,50,0.8,0.7,0.15,0.1,1,1,2,100,"final","random",20,1883,38,33,125,6,56,2
24,878,50,0.8,0.7,0.15,0.1,1,1,2,100,"final","random",20,1883,38,33,125,6,59,1
24,878,50,0.8,0.7,0.15,0.1,1,1,2,100,"final","random",20,1883,38,33,125,6,75,1
24,878,50,0.8,0.7,0.15,0.1,1,1,2,100,"final","random",20,1883,38,33,125,6,80,2
24,878,50,0.8,0.7,0.15,0.1,1,1,2,100,"final","random",20,1883,38,33,125,6,90,4
24,878,50,0.8,0.7,0.15,0.1,1,1,2,100,"final","random",20,1883,38,33,125,6,96,1
24,878,50,0.8,0.7,0.15,0.1,1,1,2,100,"final","random",20,1883,38,33,125,6,100,2
24,878,50,0.8,0.7,0.15,0.1,1,1,2,100,"final","random",20,1883,38,33,125,6,101,1
24,878,50,0.8,0.7,0.15,0.1,1,1,2,100,"final","random",20,1883,38,33,125,6,108,1
24,878,50,0.8,0.7,0.15,0.1,1,1,2,100,"final","random",20,1883,38,33,125,6,110,1
24,878,50,0.8,0.7,0.15,0.1,1,1,2,100,"final","random",20,1883,38,33,125,6,117,4
24,878,50,0.8,0.7,0.15,0.1,1,1,2,100,"final","random",20,1883,38,33,125,6,129,1
24,878,50,0.8,0.7,0.15,0.1,1,1,2,100,"final","random",20,1883,38,33,125,6,133,2
24,878,50,0.8,0.7,0.15,0.1,1,1,2,100,"final","random",20,1883,38,33,125,6,141,2
24,878,50,0.8,0.7,0.15,0.1,1,1,2,100,"final","random",21,2188,44,38,145,9,220,1
24,878,50,0.8,0.7,0.15,0.1,1,1,2,100,"final","random",21,2188,44,38,145,9,333,1
24,878,50,0.8,0.7,0.15,0.1,1,1,2,100,"final","random",21,2188,44,38,145,9,338,1
24,878,50,0.8,0.7,0.15,0.1,1,1,2,100,"final","random",21,2188,44,38,145,9,349,1
24,878,50,0.8,0.7,0.15,0.1,1,1,2,100,"final","random",21,2188,44,38,145,9,353,3
24,878,50,0.8,0.7,0.15,0.1,1,1,2,100,"final","random",21,2188,44,38,145,9,371,3
24,878,50,0.8,0.7,0.15,0.1,1,1,2,100,"final","random",21,2188,44,38,145,9,373,1
24,878,50,0.8,0.7,0.15,0.1,1,1,2,100,"final","random",21,2188,44,38,145,9,401,4
24,878,50,0.8,0.7,0.15,0.1,1,1,2,100,"final","random",21,2188,44,38,145,9,440,1
24,878,50,0.8,0.7,0.15,0.1,1,1,2,100,"final","random",21,2188,44,38,145,9,460,1
24,878,50,0.8,0.7,0.15,0.1,1,1,2,100,"final","random",22,399,8,49,24,4,827,1
24,878,50,0.8,0.7,0.15,0.1,1,1,2,100,"final","random",23,888,18,38,70,1,659,1
24,878,50,0.8,0.7,0.15,0.1,1,1,2,100,"final","random",23,888,18,38,70,1,669,2
24,878,50,0.8,0.7,0.15,0.1,1,1,2,100,"final","random",23,888,18,38,70,1,674,2
24,878,50,0.8,0.7,0.15,0.1,1,1,2,100,"final","random",23,888,18,38,70,1,681,1
24,878,50,0.8,0.7,0.15,0.1,1,1,2,100,"final","random",23,888,18,38,70,1,689,6
24,878,50,0.8,0.7,0.15,0.1,1,1,2,100,"final","random",23,888,18,38,70,1,698,2
24,878,50,0.8,0.7,0.15,0.1,1,1,2,100,"final","random",23,888,18,38,70,1,703,2
24,878,50,0.8,0.7,0.15,0.1,1,1,2,100,"final","random",23,888,18,38,70,1,712,2
24,878,50,0.8,0.7,0.15,0.1,1,1,2,100,"final","random",23,888,18,38,70,1,728,1
24,878,50,0.8,0.7,0.15,0.1,1,1,2,100,"final","random",23,888,18,38,70,1,752,1
24,878,50,0.8,0.7,0.15,0.1,1,1,2,100,"final","random",24,918,19,18,75,3,260,1
24,878,50,0.8,0.7,0.15,0.1,1,1,2,100,"final","random",24,918,19,18,75,3,298,1
24,878,50,0.8,0.7,0.15,0.1,1,1,2,100,"final","random",24,918,19,18,75,3,304,1
24,878,50,0.8,0.7,0.15,0.1,1,1,2,100,"final","random",24,918,19,18,75,3,333,1
24,878,50,0.8,0.7,0.15,0.1,1,1,2,100,"final","random",24,918,19,18,75,3,356,1
24,878,50,0.8,0.7,0.15,0.1,1,1,2,100,"final","random",24,918,19,18,75,3,364,3
24,878,50,0.8,0.7,0.15,0.1,1,1,2,100,"final","random",24,918,19,18,75,3,372,1
24,878,50,0.8,0.7,0.15,0.1,1,1,2,100,"final","random",25,841,17,41,58,12,620,4
24,878,50,0.8,0.7,0.15,0.1,1,1,2,100,"final","random",25,841,17,41,58,12,652,3
24,878,50,0.8,0.7,0.15,0.1,1,1,2,100,"final","random",25,841,17,41,58,12,659,2
24,878,50,0.8,0.7,0.15,0.1,1,1,2,100,"final","random",25,841,17,41,58,12,661,1
24,878,50,0.8,0.7,0.15,0.1,1,1,2,100,"final","random",25,841,17,41,58,12,689,10
24,878,50,0.8,0.7,0.15,0.1,1,1,2,100,"final","random",25,841,17,41,58,12,695,3
24,878,50,0.8,0.7,0.15,0.1,1,1,2,100,"final","random",25,841,17,41,58,12,698,7
24,878,50,0.8,0.7,0.15,0.1,1,1,2,100,"final","random",25,841,17,41,58,12,703,3
24,878,50,0.8,0.7,0.15,0.1,1,1,2,100,"final","random",25,841,17,41,58,12,712,2
24,878,50,0.8,0.7,0.15,0.1,1,1,2,100,"final","random",25,841,17,41,58,12,718,1
24,878,50,0.8,0.7,0.15,0.1,1,1,2,100,"final","random",25,841,17,41,58,12,720,1
24,878,50,0.8,0.7,0.15,0.1,1,1,2,100,"final","random",25,841,17,41,58,12,747,1
24,878,50,0.8,0.7,0.15,0.1,1,1,2,100,"final","random",26,1226,25,26,93,4,70,1
24,878,50,0.8,0.7,0.15,0.1,1,1,2,100,"final","random",26,1226,25,26,93,4,100,6
24,878,50,0.8,0.7,0.15,0.1,1,1,2,100,"final","random",26,1226,25,26,93,4,111,1
24,878,50,0.8,0.7,0.15,0.1,1,1,2,100,"final","random",26,1226,25,26,93,4,113,3
24,878,50,0.8,0.7,0.15,0.1,1,1,2,100,"final","random",27,2243,45,43,152,7,333,1
24,878,50,0.8,0.7,0.15,0.1,1,1,2,100,"final","random",27,2243,45,43,152,7,349,1
24,878,50,0.8,0.7,0.15,0.1,1,1,2,100,"final","random",27,2243,45,43,152,7,433,2
24,878,50,0.8,0.7,0.15,0.1,1,1,2,100,"final","random",27,2243,45,43,152,7,460,1
24,878,50,0.8,0.7,0.15,0.1,1,1,2,100,"final","random",28,1996,40,46,139,1,NA,NA
24,878,50,0.8,0.7,0.15,0.1,1,1,2,100,"final","random",29,29,1,29,3,5,318,1
24,878,50,0.8,0.7,0.15,0.1,1,1,2,100,"final","random",29,29,1,29,3,5,327,1
24,878,50,0.8,0.7,0.15,0.1,1,1,2,100,"final","random",29,29,1,29,3,5,383,3
24,878,50,0.8,0.7,0.15,0.1,1,1,2,100,"final","random",29,29,1,29,3,5,398,1
24,878,50,0.8,0.7,0.15,0.1,1,1,2,100,"final","random",29,29,1,29,3,5,403,2
24,878,50,0.8,0.7,0.15,0.1,1,1,2,100,"final","random",30,686,14,36,57,3,454,3
24,878,50,0.8,0.7,0.15,0.1,1,1,2,100,"final","random",30,686,14,36,57,3,620,1
