sample_id,cell_id,x_loc,y_loc,patch_id,patch_size,sim_id,master_seed,step,step_label,grid_size,ac_amount,fragmentation,samp_method,species_id,n,replicate_num
1,2108,43,8,149,1,"0015",127,40,"post_fragmentation",50,0.9,0.8,"random",5,2,1
1,2108,43,8,149,1,"0015",127,40,"post_fragmentation",50,0.9,0.8,"random",21,1,1
1,2108,43,8,149,1,"0015",127,40,"post_fragmentation",50,0.9,0.8,"random",24,2,1
1,2108,43,8,149,1,"0015",127,40,"post_fragmentation",50,0.9,0.8,"random",33,2,1
1,2108,43,8,149,1,"0015",127,40,"post_fragmentation",50,0.9,0.8,"random",44,3,1
1,2108,43,8,149,1,"0015",127,40,"post_fragmentation",50,0.9,0.8,"random",47,1,1
1,2108,43,8,149,1,"0015",127,40,"post_fragmentation",50,0.9,0.8,"random",48,1,1
1,2108,43,8,149,1,"0015",127,40,"post_fragmentation",50,0.9,0.8,"random",53,1,1
1,2108,43,8,149,1,"0015",127,40,"post_fragmentation",50,0.9,0.8,"random",56,2,1
1,2108,43,8,149,1,"0015",127,40,"post_fragmentation",50,0.9,0.8,"random",68,1,1
1,2108,43,8,149,1,"0015",127,40,"post_fragmentation",50,0.9,0.8,"random",78,1,1
1,2108,43,8,149,1,"0015",127,40,"post_fragmentation",50,0.9,0.8,"random",81,4,1
1,2108,43,8,149,1,"0015",127,40,"post_fragmentation",50,0.9,0.8,"random",92,1,1
1,2108,43,8,149,1,"0015",127,40,"post_fragmentation",50,0.9,0.8,"random",93,1,1
1,2108,43,8,149,1,"0015",127,40,"post_fragmentation",50,0.9,0.8,"random",97,1,1
1,2108,43,8,149,1,"0015",127,40,"post_fragmentation",50,0.9,0.8,"random",98,4,1
1,2108,43,8,149,1,"0015",127,40,"post_fragmentation",50,0.9,0.8,"random",101,1,1
1,2108,43,8,149,1,"0015",127,40,"post_fragmentation",50,0.9,0.8,"random",105,1,1
1,2108,43,8,149,1,"0015",127,40,"post_fragmentation",50,0.9,0.8,"random",107,2,1
1,2108,43,8,149,1,"0015",127,40,"post_fragmentation",50,0.9,0.8,"random",109,1,1
1,2108,43,8,149,1,"0015",127,40,"post_fragmentation",50,0.9,0.8,"random",120,1,1
1,2108,43,8,149,1,"0015",127,40,"post_fragmentation",50,0.9,0.8,"random",125,1,1
1,2108,43,8,149,1,"0015",127,40,"post_fragmentation",50,0.9,0.8,"random",145,1,1
1,2108,43,8,149,1,"0015",127,40,"post_fragmentation",50,0.9,0.8,"random",187,1,1
1,2108,43,8,149,1,"0015",127,40,"post_fragmentation",50,0.9,0.8,"random",226,1,1
2,1785,36,35,126,5,"0015",127,40,"post_fragmentation",50,0.9,0.8,"random",804,1,1
2,1785,36,35,126,5,"0015",127,40,"post_fragmentation",50,0.9,0.8,"random",824,1,1
2,1785,36,35,126,5,"0015",127,40,"post_fragmentation",50,0.9,0.8,"random",862,1,1
2,1785,36,35,126,5,"0015",127,40,"post_fragmentation",50,0.9,0.8,"random",871,1,1
2,1785,36,35,126,5,"0015",127,40,"post_fragmentation",50,0.9,0.8,"random",874,1,1
2,1785,36,35,126,5,"0015",127,40,"post_fragmentation",50,0.9,0.8,"random",888,2,1
2,1785,36,35,126,5,"0015",127,40,"post_fragmentation",50,0.9,0.8,"random",898,1,1
2,1785,36,35,126,5,"0015",127,40,"post_fragmentation",50,0.9,0.8,"random",915,1,1
2,1785,36,35,126,5,"0015",127,40,"post_fragmentation",50,0.9,0.8,"random",918,1,1
2,1785,36,35,126,5,"0015",127,40,"post_fragmentation",50,0.9,0.8,"random",919,3,1
2,1785,36,35,126,5,"0015",127,40,"post_fragmentation",50,0.9,0.8,"random",921,8,1
2,1785,36,35,126,5,"0015",127,40,"post_fragmentation",50,0.9,0.8,"random",929,1,1
2,1785,36,35,126,5,"0015",127,40,"post_fragmentation",50,0.9,0.8,"random",938,1,1
2,1785,36,35,126,5,"0015",127,40,"post_fragmentation",50,0.9,0.8,"random",939,1,1
2,1785,36,35,126,5,"0015",127,40,"post_fragmentation",50,0.9,0.8,"random",943,1,1
2,1785,36,35,126,5,"0015",127,40,"post_fragmentation",50,0.9,0.8,"random",948,1,1
2,1785,36,35,126,5,"0015",127,40,"post_fragmentation",50,0.9,0.8,"random",950,1,1
2,1785,36,35,126,5,"0015",127,40,"post_fragmentation",50,0.9,0.8,"random",967,1,1
2,1785,36,35,126,5,"0015",127,40,"post_fragmentation",50,0.9,0.8,"random",971,1,1
2,1785,36,35,126,5,"0015",127,40,"post_fragmentation",50,0.9,0.8,"random",974,1,1
2,1785,36,35,126,5,"0015",127,40,"post_fragmentation",50,0.9,0.8,"random",980,2,1
2,1785,36,35,126,5,"0015",127,40,"post_fragmentation",50,0.9,0.8,"random",986,2,1
2,1785,36,35,126,5,"0015",127,40,"post_fragmentation",50,0.9,0.8,"random",989,1,1
2,1785,36,35,126,5,"0015",127,40,"post_fragmentation",50,0.9,0.8,"random",994,2,1
2,1785,36,35,126,5,"0015",127,40,"post_fragmentation",50,0.9,0.8,"random",995,3,1
3,1862,38,12,130,3,"0015",127,40,"post_fragmentation",50,0.9,0.8,"random",14,1,1
3,1862,38,12,130,3,"0015",127,40,"post_fragmentation",50,0.9,0.8,"random",21,1,1
3,1862,38,12,130,3,"0015",127,40,"post_fragmentation",50,0.9,0.8,"random",33,1,1
3,1862,38,12,130,3,"0015",127,40,"post_fragmentation",50,0.9,0.8,"random",36,1,1
3,1862,38,12,130,3,"0015",127,40,"post_fragmentation",50,0.9,0.8,"random",40,1,1
3,1862,38,12,130,3,"0015",127,40,"post_fragmentation",50,0.9,0.8,"random",49,1,1
3,1862,38,12,130,3,"0015",127,40,"post_fragmentation",50,0.9,0.8,"random",51,1,1
3,1862,38,12,130,3,"0015",127,40,"post_fragmentation",50,0.9,0.8,"random",58,1,1
3,1862,38,12,130,3,"0015",127,40,"post_fragmentation",50,0.9,0.8,"random",60,1,1
3,1862,38,12,130,3,"0015",127,40,"post_fragmentation",50,0.9,0.8,"random",61,3,1
3,1862,38,12,130,3,"0015",127,40,"post_fragmentation",50,0.9,0.8,"random",87,1,1
3,1862,38,12,130,3,"0015",127,40,"post_fragmentation",50,0.9,0.8,"random",92,2,1
3,1862,38,12,130,3,"0015",127,40,"post_fragmentation",50,0.9,0.8,"random",93,1,1
3,1862,38,12,130,3,"0015",127,40,"post_fragmentation",50,0.9,0.8,"random",97,3,1
3,1862,38,12,130,3,"0015",127,40,"post_fragmentation",50,0.9,0.8,"random",103,1,1
3,1862,38,12,130,3,"0015",127,40,"post_fragmentation",50,0.9,0.8,"random",104,1,1
3,1862,38,12,130,3,"0015",127,40,"post_fragmentation",50,0.9,0.8,"random",109,1,1
3,1862,38,12,130,3,"0015",127,40,"post_fragmentation",50,0.9,0.8,"random",110,1,1
3,1862,38,12,130,3,"0015",127,40,"post_fragmentation",50,0.9,0.8,"random",121,3,1
3,1862,38,12,130,3,"0015",127,40,"post_fragmentation",50,0.9,0.8,"random",123,1,1
3,1862,38,12,130,3,"0015",127,40,"post_fragmentation",50,0.9,0.8,"random",135,1,1
3,1862,38,12,130,3,"0015",127,40,"post_fragmentation",50,0.9,0.8,"random",159,2,1
3,1862,38,12,130,3,"0015",127,40,"post_fragmentation",50,0.9,0.8,"random",162,1,1
3,1862,38,12,130,3,"0015",127,40,"post_fragmentation",50,0.9,0.8,"random",170,1,1
3,1862,38,12,130,3,"0015",127,40,"post_fragmentation",50,0.9,0.8,"random",193,1,1
3,1862,38,12,130,3,"0015",127,40,"post_fragmentation",50,0.9,0.8,"random",202,1,1
3,1862,38,12,130,3,"0015",127,40,"post_fragmentation",50,0.9,0.8,"random",216,1,1
3,1862,38,12,130,3,"0015",127,40,"post_fragmentation",50,0.9,0.8,"random",218,1,1
4,284,6,34,17,3,"0015",127,40,"post_fragmentation",50,0.9,0.8,"random",541,1,1
4,284,6,34,17,3,"0015",127,40,"post_fragmentation",50,0.9,0.8,"random",552,1,1
4,284,6,34,17,3,"0015",127,40,"post_fragmentation",50,0.9,0.8,"random",561,1,1
4,284,6,34,17,3,"0015",127,40,"post_fragmentation",50,0.9,0.8,"random",567,1,1
4,284,6,34,17,3,"0015",127,40,"post_fragmentation",50,0.9,0.8,"random",574,1,1
4,284,6,34,17,3,"0015",127,40,"post_fragmentation",50,0.9,0.8,"random",577,1,1
4,284,6,34,17,3,"0015",127,40,"post_fragmentation",50,0.9,0.8,"random",581,2,1
4,284,6,34,17,3,"0015",127,40,"post_fragmentation",50,0.9,0.8,"random",585,1,1
4,284,6,34,17,3,"0015",127,40,"post_fragmentation",50,0.9,0.8,"random",587,1,1
4,284,6,34,17,3,"0015",127,40,"post_fragmentation",50,0.9,0.8,"random",598,1,1
4,284,6,34,17,3,"0015",127,40,"post_fragmentation",50,0.9,0.8,"random",599,4,1
4,284,6,34,17,3,"0015",127,40,"post_fragmentation",50,0.9,0.8,"random",607,1,1
4,284,6,34,17,3,"0015",127,40,"post_fragmentation",50,0.9,0.8,"random",619,1,1
4,284,6,34,17,3,"0015",127,40,"post_fragmentation",50,0.9,0.8,"random",626,3,1
4,284,6,34,17,3,"0015",127,40,"post_fragmentation",50,0.9,0.8,"random",627,2,1
4,284,6,34,17,3,"0015",127,40,"post_fragmentation",50,0.9,0.8,"random",633,1,1
4,284,6,34,17,3,"0015",127,40,"post_fragmentation",50,0.9,0.8,"random",635,1,1
4,284,6,34,17,3,"0015",127,40,"post_fragmentation",50,0.9,0.8,"random",648,3,1
4,284,6,34,17,3,"0015",127,40,"post_fragmentation",50,0.9,0.8,"random",652,1,1
4,284,6,34,17,3,"0015",127,40,"post_fragmentation",50,0.9,0.8,"random",683,1,1
4,284,6,34,17,3,"0015",127,40,"post_fragmentation",50,0.9,0.8,"random",684,1,1
4,284,6,34,17,3,"0015",127,40,"post_fragmentation",50,0.9,0.8,"random",688,1,1
4,284,6,34,17,3,"0015",127,40,"post_fragmentation",50,0.9,0.8,"random",689,1,1
4,284,6,34,17,3,"0015",127,40,"post_fragmentation",50,0.9,0.8,"random",695,1,1
4,284,6,34,17,3,"0015",127,40,"post_fragmentation",50,0.9,0.8,"random",702,1,1
4,284,6,34,17,3,"0015",127,40,"post_fragmentation",50,0.9,0.8,"random",726,1,1
4,284,6,34,17,3,"0015",127,40,"post_fragmentation",50,0.9,0.8,"random",743,1,1
4,284,6,34,17,3,"0015",127,40,"post_fragmentation",50,0.9,0.8,"random",759,5,1
4,284,6,34,17,3,"0015",127,40,"post_fragmentation",50,0.9,0.8,"random",791,1,1
5,2015,41,15,141,2,"0015",127,40,"post_fragmentation",50,0.9,0.8,"random",69,1,1
5,2015,41,15,141,2,"0015",127,40,"post_fragmentation",50,0.9,0.8,"random",73,1,1
5,2015,41,15,141,2,"0015",127,40,"post_fragmentation",50,0.9,0.8,"random",82,1,1
5,2015,41,15,141,2,"0015",127,40,"post_fragmentation",50,0.9,0.8,"random",90,1,1
5,2015,41,15,141,2,"0015",127,40,"post_fragmentation",50,0.9,0.8,"random",93,1,1
5,2015,41,15,141,2,"0015",127,40,"post_fragmentation",50,0.9,0.8,"random",95,2,1
5,2015,41,15,141,2,"0015",127,40,"post_fragmentation",50,0.9,0.8,"random",97,1,1
5,2015,41,15,141,2,"0015",127,40,"post_fragmentation",50,0.9,0.8,"random",101,2,1
5,2015,41,15,141,2,"0015",127,40,"post_fragmentation",50,0.9,0.8,"random",110,1,1
5,2015,41,15,141,2,"0015",127,40,"post_fragmentation",50,0.9,0.8,"random",114,1,1
5,2015,41,15,141,2,"0015",127,40,"post_fragmentation",50,0.9,0.8,"random",162,1,1
5,2015,41,15,141,2,"0015",127,40,"post_fragmentation",50,0.9,0.8,"random",166,1,1
5,2015,41,15,141,2,"0015",127,40,"post_fragmentation",50,0.9,0.8,"random",168,1,1
5,2015,41,15,141,2,"0015",127,40,"post_fragmentation",50,0.9,0.8,"random",172,1,1
5,2015,41,15,141,2,"0015",127,40,"post_fragmentation",50,0.9,0.8,"random",175,2,1
5,2015,41,15,141,2,"0015",127,40,"post_fragmentation",50,0.9,0.8,"random",181,1,1
5,2015,41,15,141,2,"0015",127,40,"post_fragmentation",50,0.9,0.8,"random",193,2,1
5,2015,41,15,141,2,"0015",127,40,"post_fragmentation",50,0.9,0.8,"random",197,1,1
5,2015,41,15,141,2,"0015",127,40,"post_fragmentation",50,0.9,0.8,"random",202,1,1
5,2015,41,15,141,2,"0015",127,40,"post_fragmentation",50,0.9,0.8,"random",203,2,1
5,2015,41,15,141,2,"0015",127,40,"post_fragmentation",50,0.9,0.8,"random",209,1,1
5,2015,41,15,141,2,"0015",127,40,"post_fragmentation",50,0.9,0.8,"random",214,1,1
5,2015,41,15,141,2,"0015",127,40,"post_fragmentation",50,0.9,0.8,"random",216,1,1
5,2015,41,15,141,2,"0015",127,40,"post_fragmentation",50,0.9,0.8,"random",223,1,1
5,2015,41,15,141,2,"0015",127,40,"post_fragmentation",50,0.9,0.8,"random",238,1,1
5,2015,41,15,141,2,"0015",127,40,"post_fragmentation",50,0.9,0.8,"random",244,1,1
5,2015,41,15,141,2,"0015",127,40,"post_fragmentation",50,0.9,0.8,"random",258,1,1
5,2015,41,15,141,2,"0015",127,40,"post_fragmentation",50,0.9,0.8,"random",273,1,1
5,2015,41,15,141,2,"0015",127,40,"post_fragmentation",50,0.9,0.8,"random",294,1,1
5,2015,41,15,141,2,"0015",127,40,"post_fragmentation",50,0.9,0.8,"random",295,1,1
6,1006,21,6,66,8,"0015",127,40,"post_fragmentation",50,0.9,0.8,"random",323,1,1
6,1006,21,6,66,8,"0015",127,40,"post_fragmentation",50,0.9,0.8,"random",341,5,1
6,1006,21,6,66,8,"0015",127,40,"post_fragmentation",50,0.9,0.8,"random",344,1,1
6,1006,21,6,66,8,"0015",127,40,"post_fragmentation",50,0.9,0.8,"random",355,3,1
6,1006,21,6,66,8,"0015",127,40,"post_fragmentation",50,0.9,0.8,"random",360,1,1
6,1006,21,6,66,8,"0015",127,40,"post_fragmentation",50,0.9,0.8,"random",370,1,1
6,1006,21,6,66,8,"0015",127,40,"post_fragmentation",50,0.9,0.8,"random",371,1,1
6,1006,21,6,66,8,"0015",127,40,"post_fragmentation",50,0.9,0.8,"random",380,1,1
6,1006,21,6,66,8,"0015",127,40,"post_fragmentation",50,0.9,0.8,"random",383,1,1
6,1006,21,6,66,8,"0015",127,40,"post_fragmentation",50,0.9,0.8,"random",384,1,1
6,1006,21,6,66,8,"0015",127,40,"post_fragmentation",50,0.9,0.8,"random",388,2,1
6,1006,21,6,66,8,"0015",127,40,"post_fragmentation",50,0.9,0.8,"random",390,1,1
6,1006,21,6,66,8,"0015",127,40,"post_fragmentation",50,0.9,0.8,"random",412,3,1
6,1006,21,6,66,8,"0015",127,40,"post_fragmentation",50,0.9,0.8,"random",417,1,1
6,1006,21,6,66,8,"0015",127,40,"post_fragmentation",50,0.9,0.8,"random",422,2,1
6,1006,21,6,66,8,"0015",127,40,"post_fragmentation",50,0.9,0.8,"random",425,1,1
6,1006,21,6,66,8,"0015",127,40,"post_fragmentation",50,0.9,0.8,"random",432,1,1
6,1006,21,6,66,8,"0015",127,40,"post_fragmentation",50,0.9,0.8,"random",437,1,1
6,1006,21,6,66,8,"0015",127,40,"post_fragmentation",50,0.9,0.8,"random",441,2,1
6,1006,21,6,66,8,"0015",127,40,"post_fragmentation",50,0.9,0.8,"random",442,2,1
6,1006,21,6,66,8,"0015",127,40,"post_fragmentation",50,0.9,0.8,"random",443,1,1
6,1006,21,6,66,8,"0015",127,40,"post_fragmentation",50,0.9,0.8,"random",452,2,1
6,1006,21,6,66,8,"0015",127,40,"post_fragmentation",50,0.9,0.8,"random",461,1,1
6,1006,21,6,66,8,"0015",127,40,"post_fragmentation",50,0.9,0.8,"random",491,1,1
6,1006,21,6,66,8,"0015",127,40,"post_fragmentation",50,0.9,0.8,"random",505,1,1
7,1105,23,5,82,4,"0015",127,40,"post_fragmentation",50,0.9,0.8,"random",299,1,1
7,1105,23,5,82,4,"0015",127,40,"post_fragmentation",50,0.9,0.8,"random",300,1,1
7,1105,23,5,82,4,"0015",127,40,"post_fragmentation",50,0.9,0.8,"random",315,1,1
7,1105,23,5,82,4,"0015",127,40,"post_fragmentation",50,0.9,0.8,"random",332,1,1
7,1105,23,5,82,4,"0015",127,40,"post_fragmentation",50,0.9,0.8,"random",354,2,1
7,1105,23,5,82,4,"0015",127,40,"post_fragmentation",50,0.9,0.8,"random",355,3,1
7,1105,23,5,82,4,"0015",127,40,"post_fragmentation",50,0.9,0.8,"random",360,2,1
7,1105,23,5,82,4,"0015",127,40,"post_fragmentation",50,0.9,0.8,"random",363,1,1
7,1105,23,5,82,4,"0015",127,40,"post_fragmentation",50,0.9,0.8,"random",364,1,1
7,1105,23,5,82,4,"0015",127,40,"post_fragmentation",50,0.9,0.8,"random",370,1,1
7,1105,23,5,82,4,"0015",127,40,"post_fragmentation",50,0.9,0.8,"random",376,2,1
7,1105,23,5,82,4,"0015",127,40,"post_fragmentation",50,0.9,0.8,"random",379,1,1
7,1105,23,5,82,4,"0015",127,40,"post_fragmentation",50,0.9,0.8,"random",380,1,1
7,1105,23,5,82,4,"0015",127,40,"post_fragmentation",50,0.9,0.8,"random",381,1,1
7,1105,23,5,82,4,"0015",127,40,"post_fragmentation",50,0.9,0.8,"random",383,1,1
7,1105,23,5,82,4,"0015",127,40,"post_fragmentation",50,0.9,0.8,"random",388,1,1
7,1105,23,5,82,4,"0015",127,40,"post_fragmentation",50,0.9,0.8,"random",394,2,1
7,1105,23,5,82,4,"0015",127,40,"post_fragmentation",50,0.9,0.8,"random",396,1,1
7,1105,23,5,82,4,"0015",127,40,"post_fragmentation",50,0.9,0.8,"random",399,1,1
7,1105,23,5,82,4,"0015",127,40,"post_fragmentation",50,0.9,0.8,"random",417,1,1
7,1105,23,5,82,4,"0015",127,40,"post_fragmentation",50,0.9,0.8,"random",420,1,1
7,1105,23,5,82,4,"0015",127,40,"post_fragmentation",50,0.9,0.8,"random",422,2,1
7,1105,23,5,82,4,"0015",127,40,"post_fragmentation",50,0.9,0.8,"random",425,1,1
7,1105,23,5,82,4,"0015",127,40,"post_fragmentation",50,0.9,0.8,"random",436,1,1
7,1105,23,5,82,4,"0015",127,40,"post_fragmentation",50,0.9,0.8,"random",442,1,1
7,1105,23,5,82,4,"0015",127,40,"post_fragmentation",50,0.9,0.8,"random",452,2,1
7,1105,23,5,82,4,"0015",127,40,"post_fragmentation",50,0.9,0.8,"random",464,1,1
7,1105,23,5,82,4,"0015",127,40,"post_fragmentation",50,0.9,0.8,"random",471,1,1
7,1105,23,5,82,4,"0015",127,40,"post_fragmentation",50,0.9,0.8,"random",546,1,1
8,704,15,4,49,1,"0015",127,40,"post_fragmentation",50,0.9,0.8,"random",489,1,1
8,704,15,4,49,1,"0015",127,40,"post_fragmentation",50,0.9,0.8,"random",517,1,1
8,704,15,4,49,1,"0015",127,40,"post_fragmentation",50,0.9,0.8,"random",525,1,1
8,704,15,4,49,1,"0015",127,40,"post_fragmentation",50,0.9,0.8,"random",570,3,1
8,704,15,4,49,1,"0015",127,40,"post_fragmentation",50,0.9,0.8,"random",575,1,1
8,704,15,4,49,1,"0015",127,40,"post_fragmentation",50,0.9,0.8,"random",577,2,1
8,704,15,4,49,1,"0015",127,40,"post_fragmentation",50,0.9,0.8,"random",594,2,1
8,704,15,4,49,1,"0015",127,40,"post_fragmentation",50,0.9,0.8,"random",614,3,1
8,704,15,4,49,1,"0015",127,40,"post_fragmentation",50,0.9,0.8,"random",618,2,1
8,704,15,4,49,1,"0015",127,40,"post_fragmentation",50,0.9,0.8,"random",619,1,1
8,704,15,4,49,1,"0015",127,40,"post_fragmentation",50,0.9,0.8,"random",632,5,1
8,704,15,4,49,1,"0015",127,40,"post_fragmentation",50,0.9,0.8,"random",647,1,1
8,704,15,4,49,1,"0015",127,40,"post_fragmentation",50,0.9,0.8,"random",666,2,1
8,704,15,4,49,1,"0015",127,40,"post_fragmentation",50,0.9,0.8,"random",668,2,1
8,704,15,4,49,1,"0015",127,40,"post_fragmentation",50,0.9,0.8,"random",681,1,1
8,704,15,4,49,1,"0015",127,40,"post_fragmentation",50,0.9,0.8,"random",685,1,1
8,704,15,4,49,1,"0015",127,40,"post_fragmentation",50,0.9,0.8,"random",697,2,1
8,704,15,4,49,1,"0015",127,40,"post_fragmentation",50,0.9,0.8,"random",708,1,1
8,704,15,4,49,1,"0015",127,40,"post_fragmentation",50,0.9,0.8,"random",712,1,1
8,704,15,4,49,1,"0015",127,40,"post_fragmentation",50,0.9,0.8,"random",746,1,1
8,704,15,4,49,1,"0015",127,40,"post_fragmentation",50,0.9,0.8,"random",805,1,1
8,704,15,4,49,1,"0015",127,40,"post_fragmentation",50,0.9,0.8,"random",808,1,1
9,1351,28,1,101,1,"0015",127,40,"post_fragmentation",50,0.9,0.8,"random",223,1,1
9,1351,28,1,101,1,"0015",127,40,"post_fragmentation",50,0.9,0.8,"random",228,1,1
9,1351,28,1,101,1,"0015",127,40,"post_fragmentation",50,0.9,0.8,"random",248,1,1
9,1351,28,1,101,1,"0015",127,40,"post_fragmentation",50,0.9,0.8,"random",250,2,1
9,1351,28,1,101,1,"0015",127,40,"post_fragmentation",50,0.9,0.8,"random",258,1,1
9,1351,28,1,101,1,"0015",127,40,"post_fragmentation",50,0.9,0.8,"random",289,1,1
9,1351,28,1,101,1,"0015",127,40,"post_fragmentation",50,0.9,0.8,"random",291,1,1
9,1351,28,1,101,1,"0015",127,40,"post_fragmentation",50,0.9,0.8,"random",300,2,1
9,1351,28,1,101,1,"0015",127,40,"post_fragmentation",50,0.9,0.8,"random",309,1,1
9,1351,28,1,101,1,"0015",127,40,"post_fragmentation",50,0.9,0.8,"random",326,2,1
9,1351,28,1,101,1,"0015",127,40,"post_fragmentation",50,0.9,0.8,"random",337,1,1
9,1351,28,1,101,1,"0015",127,40,"post_fragmentation",50,0.9,0.8,"random",354,4,1
9,1351,28,1,101,1,"0015",127,40,"post_fragmentation",50,0.9,0.8,"random",363,2,1
9,1351,28,1,101,1,"0015",127,40,"post_fragmentation",50,0.9,0.8,"random",364,1,1
9,1351,28,1,101,1,"0015",127,40,"post_fragmentation",50,0.9,0.8,"random",370,2,1
9,1351,28,1,101,1,"0015",127,40,"post_fragmentation",50,0.9,0.8,"random",394,3,1
9,1351,28,1,101,1,"0015",127,40,"post_fragmentation",50,0.9,0.8,"random",399,1,1
9,1351,28,1,101,1,"0015",127,40,"post_fragmentation",50,0.9,0.8,"random",403,1,1
9,1351,28,1,101,1,"0015",127,40,"post_fragmentation",50,0.9,0.8,"random",406,1,1
9,1351,28,1,101,1,"0015",127,40,"post_fragmentation",50,0.9,0.8,"random",420,1,1
9,1351,28,1,101,1,"0015",127,40,"post_fragmentation",50,0.9,0.8,"random",422,1,1
9,1351,28,1,101,1,"0015",127,40,"post_fragmentation",50,0.9,0.8,"random",442,1,1
9,1351,28,1,101,1,"0015",127,40,"post_fragmentation",50,0.9,0.8,"random",464,1,1
9,1351,28,1,101,1,"0015",127,40,"post_fragmentation",50,0.9,0.8,"random",469,1,1
9,1351,28,1,101,1,"0015",127,40,"post_fragmentation",50,0.9,0.8,"random",488,1,1
10,1315,27,15,93,4,"0015",127,40,"post_fragmentation",50,0.9,0.8,"random",339,1,1
10,1315,27,15,93,4,"0015",127,40,"post_fragmentation",50,0.9,0.8,"random",376,1,1
10,1315,27,15,93,4,"0015",127,40,"post_fragmentation",50,0.9,0.8,"random",399,1,1
10,1315,27,15,93,4,"0015",127,40,"post_fragmentation",50,0.9,0.8,"random",405,1,1
10,1315,27,15,93,4,"0015",127,40,"post_fragmentation",50,0.9,0.8,"random",426,1,1
10,1315,27,15,93,4,"0015",127,40,"post_fragmentation",50,0.9,0.8,"random",441,1,1
10,1315,27,15,93,4,"0015",127,40,"post_fragmentation",50,0.9,0.8,"random",482,1,1
10,1315,27,15,93,4,"0015",127,40,"post_fragmentation",50,0.9,0.8,"random",489,1,1
10,1315,27,15,93,4,"0015",127,40,"post_fragmentation",50,0.9,0.8,"random",505,2,1
10,1315,27,15,93,4,"0015",127,40,"post_fragmentation",50,0.9,0.8,"random",507,1,1
10,1315,27,15,93,4,"0015",127,40,"post_fragmentation",50,0.9,0.8,"random",513,1,1
10,1315,27,15,93,4,"0015",127,40,"post_fragmentation",50,0.9,0.8,"random",514,1,1
10,1315,27,15,93,4,"0015",127,40,"post_fragmentation",50,0.9,0.8,"random",517,1,1
10,1315,27,15,93,4,"0015",127,40,"post_fragmentation",50,0.9,0.8,"random",528,1,1
10,1315,27,15,93,4,"0015",127,40,"post_fragmentation",50,0.9,0.8,"random",529,2,1
10,1315,27,15,93,4,"0015",127,40,"post_fragmentation",50,0.9,0.8,"random",548,1,1
10,1315,27,15,93,4,"0015",127,40,"post_fragmentation",50,0.9,0.8,"random",550,1,1
10,1315,27,15,93,4,"0015",127,40,"post_fragmentation",50,0.9,0.8,"random",551,2,1
10,1315,27,15,93,4,"0015",127,40,"post_fragmentation",50,0.9,0.8,"random",554,3,1
10,1315,27,15,93,4,"0015",127,40,"post_fragmentation",50,0.9,0.8,"random",557,2,1
10,1315,27,15,93,4,"0015",127,40,"post_fragmentation",50,0.9,0.8,"random",562,1,1
10,1315,27,15,93,4,"0015",127,40,"post_fragmentation",50,0.9,0.8,"random",569,1,1
10,1315,27,15,93,4,"0015",127,40,"post_fragmentation",50,0.9,0.8,"random",572,4,1
10,1315,27,15,93,4,"0015",127,40,"post_fragmentation",50,0.9,0.8,"random",577,1,1
10,1315,27,15,93,4,"0015",127,40,"post_fragmentation",50,0.9,0.8,"random",604,4,1
10,1315,27,15,93,4,"0015",127,40,"post_fragmentation",50,0.9,0.8,"random",630,1,1
10,1315,27,15,93,4,"0015",127,40,"post_fragmentation",50,0.9,0.8,"random",655,1,1
10,1315,27,15,93,4,"0015",127,40,"post_fragmentation",50,0.9,0.8,"random",668,2,1
11,1464,30,14,102,11,"0015",127,40,"post_fragmentation",50,0.9,0.8,"random",352,1,1
11,1464,30,14,102,11,"0015",127,40,"post_fragmentation",50,0.9,0.8,"random",355,1,1
11,1464,30,14,102,11,"0015",127,40,"post_fragmentation",50,0.9,0.8,"random",364,1,1
11,1464,30,14,102,11,"0015",127,40,"post_fragmentation",50,0.9,0.8,"random",366,2,1
11,1464,30,14,102,11,"0015",127,40,"post_fragmentation",50,0.9,0.8,"random",376,1,1
11,1464,30,14,102,11,"0015",127,40,"post_fragmentation",50,0.9,0.8,"random",377,1,1
11,1464,30,14,102,11,"0015",127,40,"post_fragmentation",50,0.9,0.8,"random",379,1,1
11,1464,30,14,102,11,"0015",127,40,"post_fragmentation",50,0.9,0.8,"random",380,2,1
11,1464,30,14,102,11,"0015",127,40,"post_fragmentation",50,0.9,0.8,"random",394,1,1
11,1464,30,14,102,11,"0015",127,40,"post_fragmentation",50,0.9,0.8,"random",402,3,1
11,1464,30,14,102,11,"0015",127,40,"post_fragmentation",50,0.9,0.8,"random",403,1,1
11,1464,30,14,102,11,"0015",127,40,"post_fragmentation",50,0.9,0.8,"random",433,1,1
11,1464,30,14,102,11,"0015",127,40,"post_fragmentation",50,0.9,0.8,"random",445,1,1
11,1464,30,14,102,11,"0015",127,40,"post_fragmentation",50,0.9,0.8,"random",446,1,1
11,1464,30,14,102,11,"0015",127,40,"post_fragmentation",50,0.9,0.8,"random",452,1,1
11,1464,30,14,102,11,"0015",127,40,"post_fragmentation",50,0.9,0.8,"random",456,1,1
11,1464,30,14,102,11,"0015",127,40,"post_fragmentation",50,0.9,0.8,"random",459,2,1
11,1464,30,14,102,11,"0015",127,40,"post_fragmentation",50,0.9,0.8,"random",460,6,1
11,1464,30,14,102,11,"0015",127,40,"post_fragmentation",50,0.9,0.8,"random",464,2,1
11,1464,30,14,102,11,"0015",127,40,"post_fragmentation",50,0.9,0.8,"random",465,1,1
11,1464,30,14,102,11,"0015",127,40,"post_fragmentation",50,0.9,0.8,"random",467,1,1
11,1464,30,14,102,11,"0015",127,40,"post_fragmentation",50,0.9,0.8,"random",487,1,1
11,1464,30,14,102,11,"0015",127,40,"post_fragmentation",50,0.9,0.8,"random",493,1,1
11,1464,30,14,102,11,"0015",127,40,"post_fragmentation",50,0.9,0.8,"random",525,1,1
11,1464,30,14,102,11,"0015",127,40,"post_fragmentation",50,0.9,0.8,"random",528,2,1
11,1464,30,14,102,11,"0015",127,40,"post_fragmentation",50,0.9,0.8,"random",562,1,1
11,1464,30,14,102,11,"0015",127,40,"post_fragmentation",50,0.9,0.8,"random",569,1,1
11,1464,30,14,102,11,"0015",127,40,"post_fragmentation",50,0.9,0.8,"random",572,1,1
11,1464,30,14,102,11,"0015",127,40,"post_fragmentation",50,0.9,0.8,"random",607,1,1
12,1177,24,27,85,3,"0015",127,40,"post_fragmentation",50,0.9,0.8,"random",715,1,1
12,1177,24,27,85,3,"0015",127,40,"post_fragmentation",50,0.9,0.8,"random",765,1,1
12,1177,24,27,85,3,"0015",127,40,"post_fragmentation",50,0.9,0.8,"random",800,1,1
12,1177,24,27,85,3,"0015",127,40,"post_fragmentation",50,0.9,0.8,"random",824,1,1
12,1177,24,27,85,3,"0015",127,40,"post_fragmentation",50,0.9,0.8,"random",833,1,1
12,1177,24,27,85,3,"0015",127,40,"post_fragmentation",50,0.9,0.8,"random",835,2,1
12,1177,24,27,85,3,"0015",127,40,"post_fragmentation",50,0.9,0.8,"random",836,1,1
12,1177,24,27,85,3,"0015",127,40,"post_fragmentation",50,0.9,0.8,"random",838,1,1
12,1177,24,27,85,3,"0015",127,40,"post_fragmentation",50,0.9,0.8,"random",840,1,1
12,1177,24,27,85,3,"0015",127,40,"post_fragmentation",50,0.9,0.8,"random",843,3,1
12,1177,24,27,85,3,"0015",127,40,"post_fragmentation",50,0.9,0.8,"random",850,1,1
12,1177,24,27,85,3,"0015",127,40,"post_fragmentation",50,0.9,0.8,"random",855,2,1
12,1177,24,27,85,3,"0015",127,40,"post_fragmentation",50,0.9,0.8,"random",864,2,1
12,1177,24,27,85,3,"0015",127,40,"post_fragmentation",50,0.9,0.8,"random",868,1,1
12,1177,24,27,85,3,"0015",127,40,"post_fragmentation",50,0.9,0.8,"random",877,1,1
12,1177,24,27,85,3,"0015",127,40,"post_fragmentation",50,0.9,0.8,"random",898,3,1
12,1177,24,27,85,3,"0015",127,40,"post_fragmentation",50,0.9,0.8,"random",900,2,1
12,1177,24,27,85,3,"0015",127,40,"post_fragmentation",50,0.9,0.8,"random",904,1,1
12,1177,24,27,85,3,"0015",127,40,"post_fragmentation",50,0.9,0.8,"random",906,2,1
12,1177,24,27,85,3,"0015",127,40,"post_fragmentation",50,0.9,0.8,"random",911,1,1
12,1177,24,27,85,3,"0015",127,40,"post_fragmentation",50,0.9,0.8,"random",921,1,1
12,1177,24,27,85,3,"0015",127,40,"post_fragmentation",50,0.9,0.8,"random",925,3,1
12,1177,24,27,85,3,"0015",127,40,"post_fragmentation",50,0.9,0.8,"random",926,1,1
12,1177,24,27,85,3,"0015",127,40,"post_fragmentation",50,0.9,0.8,"random",938,1,1
12,1177,24,27,85,3,"0015",127,40,"post_fragmentation",50,0.9,0.8,"random",942,1,1
12,1177,24,27,85,3,"0015",127,40,"post_fragmentation",50,0.9,0.8,"random",946,1,1
12,1177,24,27,85,3,"0015",127,40,"post_fragmentation",50,0.9,0.8,"random",957,1,1
12,1177,24,27,85,3,"0015",127,40,"post_fragmentation",50,0.9,0.8,"random",982,1,1
13,1943,39,43,135,1,"0015",127,40,"post_fragmentation",50,0.9,0.8,"random",284,1,1
13,1943,39,43,135,1,"0015",127,40,"post_fragmentation",50,0.9,0.8,"random",343,1,1
13,1943,39,43,135,1,"0015",127,40,"post_fragmentation",50,0.9,0.8,"random",413,1,1
13,1943,39,43,135,1,"0015",127,40,"post_fragmentation",50,0.9,0.8,"random",415,1,1
13,1943,39,43,135,1,"0015",127,40,"post_fragmentation",50,0.9,0.8,"random",420,2,1
13,1943,39,43,135,1,"0015",127,40,"post_fragmentation",50,0.9,0.8,"random",424,1,1
13,1943,39,43,135,1,"0015",127,40,"post_fragmentation",50,0.9,0.8,"random",428,5,1
13,1943,39,43,135,1,"0015",127,40,"post_fragmentation",50,0.9,0.8,"random",437,2,1
13,1943,39,43,135,1,"0015",127,40,"post_fragmentation",50,0.9,0.8,"random",439,1,1
13,1943,39,43,135,1,"0015",127,40,"post_fragmentation",50,0.9,0.8,"random",445,1,1
13,1943,39,43,135,1,"0015",127,40,"post_fragmentation",50,0.9,0.8,"random",446,1,1
13,1943,39,43,135,1,"0015",127,40,"post_fragmentation",50,0.9,0.8,"random",453,2,1
13,1943,39,43,135,1,"0015",127,40,"post_fragmentation",50,0.9,0.8,"random",463,2,1
13,1943,39,43,135,1,"0015",127,40,"post_fragmentation",50,0.9,0.8,"random",470,1,1
13,1943,39,43,135,1,"0015",127,40,"post_fragmentation",50,0.9,0.8,"random",525,1,1
13,1943,39,43,135,1,"0015",127,40,"post_fragmentation",50,0.9,0.8,"random",530,1,1
13,1943,39,43,135,1,"0015",127,40,"post_fragmentation",50,0.9,0.8,"random",540,1,1
13,1943,39,43,135,1,"0015",127,40,"post_fragmentation",50,0.9,0.8,"random",547,1,1
13,1943,39,43,135,1,"0015",127,40,"post_fragmentation",50,0.9,0.8,"random",553,1,1
13,1943,39,43,135,1,"0015",127,40,"post_fragmentation",50,0.9,0.8,"random",556,6,1
14,1951,40,1,136,1,"0015",127,40,"post_fragmentation",50,0.9,0.8,"random",5,1,1
14,1951,40,1,136,1,"0015",127,40,"post_fragmentation",50,0.9,0.8,"random",10,1,1
14,1951,40,1,136,1,"0015",127,40,"post_fragmentation",50,0.9,0.8,"random",11,1,1
14,1951,40,1,136,1,"0015",127,40,"post_fragmentation",50,0.9,0.8,"random",25,1,1
14,1951,40,1,136,1,"0015",127,40,"post_fragmentation",50,0.9,0.8,"random",30,1,1
14,1951,40,1,136,1,"0015",127,40,"post_fragmentation",50,0.9,0.8,"random",42,1,1
14,1951,40,1,136,1,"0015",127,40,"post_fragmentation",50,0.9,0.8,"random",44,1,1
14,1951,40,1,136,1,"0015",127,40,"post_fragmentation",50,0.9,0.8,"random",45,1,1
14,1951,40,1,136,1,"0015",127,40,"post_fragmentation",50,0.9,0.8,"random",48,1,1
14,1951,40,1,136,1,"0015",127,40,"post_fragmentation",50,0.9,0.8,"random",51,2,1
14,1951,40,1,136,1,"0015",127,40,"post_fragmentation",50,0.9,0.8,"random",53,1,1
14,1951,40,1,136,1,"0015",127,40,"post_fragmentation",50,0.9,0.8,"random",56,2,1
14,1951,40,1,136,1,"0015",127,40,"post_fragmentation",50,0.9,0.8,"random",60,2,1
14,1951,40,1,136,1,"0015",127,40,"post_fragmentation",50,0.9,0.8,"random",65,1,1
14,1951,40,1,136,1,"0015",127,40,"post_fragmentation",50,0.9,0.8,"random",81,1,1
14,1951,40,1,136,1,"0015",127,40,"post_fragmentation",50,0.9,0.8,"random",83,4,1
14,1951,40,1,136,1,"0015",127,40,"post_fragmentation",50,0.9,0.8,"random",93,2,1
14,1951,40,1,136,1,"0015",127,40,"post_fragmentation",50,0.9,0.8,"random",99,1,1
14,1951,40,1,136,1,"0015",127,40,"post_fragmentation",50,0.9,0.8,"random",103,1,1
14,1951,40,1,136,1,"0015",127,40,"post_fragmentation",50,0.9,0.8,"random",109,1,1
14,1951,40,1,136,1,"0015",127,40,"post_fragmentation",50,0.9,0.8,"random",115,1,1
14,1951,40,1,136,1,"0015",127,40,"post_fragmentation",50,0.9,0.8,"random",139,1,1
14,1951,40,1,136,1,"0015",127,40,"post_fragmentation",50,0.9,0.8,"random",140,1,1
14,1951,40,1,136,1,"0015",127,40,"post_fragmentation",50,0.9,0.8,"random",143,1,1
14,1951,40,1,136,1,"0015",127,40,"post_fragmentation",50,0.9,0.8,"random",151,2,1
14,1951,40,1,136,1,"0015",127,40,"post_fragmentation",50,0.9,0.8,"random",156,2,1
14,1951,40,1,136,1,"0015",127,40,"post_fragmentation",50,0.9,0.8,"random",162,1,1
14,1951,40,1,136,1,"0015",127,40,"post_fragmentation",50,0.9,0.8,"random",194,1,1
14,1951,40,1,136,1,"0015",127,40,"post_fragmentation",50,0.9,0.8,"random",242,1,1
15,1757,36,7,122,4,"0015",127,40,"post_fragmentation",50,0.9,0.8,"random",5,1,1
15,1757,36,7,122,4,"0015",127,40,"post_fragmentation",50,0.9,0.8,"random",11,1,1
15,1757,36,7,122,4,"0015",127,40,"post_fragmentation",50,0.9,0.8,"random",21,1,1
15,1757,36,7,122,4,"0015",127,40,"post_fragmentation",50,0.9,0.8,"random",29,4,1
15,1757,36,7,122,4,"0015",127,40,"post_fragmentation",50,0.9,0.8,"random",30,1,1
15,1757,36,7,122,4,"0015",127,40,"post_fragmentation",50,0.9,0.8,"random",36,3,1
15,1757,36,7,122,4,"0015",127,40,"post_fragmentation",50,0.9,0.8,"random",44,2,1
15,1757,36,7,122,4,"0015",127,40,"post_fragmentation",50,0.9,0.8,"random",49,1,1
15,1757,36,7,122,4,"0015",127,40,"post_fragmentation",50,0.9,0.8,"random",53,2,1
15,1757,36,7,122,4,"0015",127,40,"post_fragmentation",50,0.9,0.8,"random",58,1,1
15,1757,36,7,122,4,"0015",127,40,"post_fragmentation",50,0.9,0.8,"random",65,1,1
15,1757,36,7,122,4,"0015",127,40,"post_fragmentation",50,0.9,0.8,"random",69,1,1
15,1757,36,7,122,4,"0015",127,40,"post_fragmentation",50,0.9,0.8,"random",74,1,1
15,1757,36,7,122,4,"0015",127,40,"post_fragmentation",50,0.9,0.8,"random",77,1,1
15,1757,36,7,122,4,"0015",127,40,"post_fragmentation",50,0.9,0.8,"random",79,2,1
15,1757,36,7,122,4,"0015",127,40,"post_fragmentation",50,0.9,0.8,"random",83,1,1
15,1757,36,7,122,4,"0015",127,40,"post_fragmentation",50,0.9,0.8,"random",87,1,1
15,1757,36,7,122,4,"0015",127,40,"post_fragmentation",50,0.9,0.8,"random",89,1,1
15,1757,36,7,122,4,"0015",127,40,"post_fragmentation",50,0.9,0.8,"random",90,1,1
15,1757,36,7,122,4,"0015",127,40,"post_fragmentation",50,0.9,0.8,"random",92,1,1
15,1757,36,7,122,4,"0015",127,40,"post_fragmentation",50,0.9,0.8,"random",95,2,1
15,1757,36,7,122,4,"0015",127,40,"post_fragmentation",50,0.9,0.8,"random",98,1,1
15,1757,36,7,122,4,"0015",127,40,"post_fragmentation",50,0.9,0.8,"random",104,2,1
15,1757,36,7,122,4,"0015",127,40,"post_fragmentation",50,0.9,0.8,"random",110,1,1
15,1757,36,7,122,4,"0015",127,40,"post_fragmentation",50,0.9,0.8,"random",124,1,1
15,1757,36,7,122,4,"0015",127,40,"post_fragmentation",50,0.9,0.8,"random",127,1,1
15,1757,36,7,122,4,"0015",127,40,"post_fragmentation",50,0.9,0.8,"random",177,1,1
16,2069,42,19,142,2,"0015",127,40,"post_fragmentation",50,0.9,0.8,"random",172,2,1
16,2069,42,19,142,2,"0015",127,40,"post_fragmentation",50,0.9,0.8,"random",244,1,1
16,2069,42,19,142,2,"0015",127,40,"post_fragmentation",50,0.9,0.8,"random",263,1,1
16,2069,42,19,142,2,"0015",127,40,"post_fragmentation",50,0.9,0.8,"random",269,1,1
16,2069,42,19,142,2,"0015",127,40,"post_fragmentation",50,0.9,0.8,"random",295,2,1
16,2069,42,19,142,2,"0015",127,40,"post_fragmentation",50,0.9,0.8,"random",296,1,1
16,2069,42,19,142,2,"0015",127,40,"post_fragmentation",50,0.9,0.8,"random",306,1,1
16,2069,42,19,142,2,"0015",127,40,"post_fragmentation",50,0.9,0.8,"random",318,3,1
16,2069,42,19,142,2,"0015",127,40,"post_fragmentation",50,0.9,0.8,"random",329,1,1
16,2069,42,19,142,2,"0015",127,40,"post_fragmentation",50,0.9,0.8,"random",332,1,1
16,2069,42,19,142,2,"0015",127,40,"post_fragmentation",50,0.9,0.8,"random",337,1,1
16,2069,42,19,142,2,"0015",127,40,"post_fragmentation",50,0.9,0.8,"random",340,1,1
16,2069,42,19,142,2,"0015",127,40,"post_fragmentation",50,0.9,0.8,"random",344,2,1
16,2069,42,19,142,2,"0015",127,40,"post_fragmentation",50,0.9,0.8,"random",350,3,1
16,2069,42,19,142,2,"0015",127,40,"post_fragmentation",50,0.9,0.8,"random",359,3,1
16,2069,42,19,142,2,"0015",127,40,"post_fragmentation",50,0.9,0.8,"random",360,2,1
16,2069,42,19,142,2,"0015",127,40,"post_fragmentation",50,0.9,0.8,"random",378,1,1
16,2069,42,19,142,2,"0015",127,40,"post_fragmentation",50,0.9,0.8,"random",385,1,1
16,2069,42,19,142,2,"0015",127,40,"post_fragmentation",50,0.9,0.8,"random",387,2,1
16,2069,42,19,142,2,"0015",127,40,"post_fragmentation",50,0.9,0.8,"random",390,1,1
16,2069,42,19,142,2,"0015",127,40,"post_fragmentation",50,0.9,0.8,"random",414,1,1
16,2069,42,19,142,2,"0015",127,40,"post_fragmentation",50,0.9,0.8,"random",421,1,1
16,2069,42,19,142,2,"0015",127,40,"post_fragmentation",50,0.9,0.8,"random",422,1,1
16,2069,42,19,142,2,"0015",127,40,"post_fragmentation",50,0.9,0.8,"random",467,2,1
16,2069,42,19,142,2,"0015",127,40,"post_fragmentation",50,0.9,0.8,"random",489,1,1
16,2069,42,19,142,2,"0015",127,40,"post_fragmentation",50,0.9,0.8,"random",532,1,1
16,2069,42,19,142,2,"0015",127,40,"post_fragmentation",50,0.9,0.8,"random",572,1,1
17,2133,43,33,144,5,"0015",127,40,"post_fragmentation",50,0.9,0.8,"random",508,1,1
17,2133,43,33,144,5,"0015",127,40,"post_fragmentation",50,0.9,0.8,"random",516,1,1
17,2133,43,33,144,5,"0015",127,40,"post_fragmentation",50,0.9,0.8,"random",527,2,1
17,2133,43,33,144,5,"0015",127,40,"post_fragmentation",50,0.9,0.8,"random",544,1,1
17,2133,43,33,144,5,"0015",127,40,"post_fragmentation",50,0.9,0.8,"random",556,4,1
17,2133,43,33,144,5,"0015",127,40,"post_fragmentation",50,0.9,0.8,"random",567,2,1
17,2133,43,33,144,5,"0015",127,40,"post_fragmentation",50,0.9,0.8,"random",584,2,1
17,2133,43,33,144,5,"0015",127,40,"post_fragmentation",50,0.9,0.8,"random",585,1,1
17,2133,43,33,144,5,"0015",127,40,"post_fragmentation",50,0.9,0.8,"random",588,1,1
17,2133,43,33,144,5,"0015",127,40,"post_fragmentation",50,0.9,0.8,"random",607,2,1
17,2133,43,33,144,5,"0015",127,40,"post_fragmentation",50,0.9,0.8,"random",619,1,1
17,2133,43,33,144,5,"0015",127,40,"post_fragmentation",50,0.9,0.8,"random",624,1,1
17,2133,43,33,144,5,"0015",127,40,"post_fragmentation",50,0.9,0.8,"random",629,1,1
17,2133,43,33,144,5,"0015",127,40,"post_fragmentation",50,0.9,0.8,"random",639,6,1
17,2133,43,33,144,5,"0015",127,40,"post_fragmentation",50,0.9,0.8,"random",649,1,1
17,2133,43,33,144,5,"0015",127,40,"post_fragmentation",50,0.9,0.8,"random",673,1,1
17,2133,43,33,144,5,"0015",127,40,"post_fragmentation",50,0.9,0.8,"random",674,1,1
17,2133,43,33,144,5,"0015",127,40,"post_fragmentation",50,0.9,0.8,"random",680,1,1
17,2133,43,33,144,5,"0015",127,40,"post_fragmentation",50,0.9,0.8,"random",689,1,1
17,2133,43,33,144,5,"0015",127,40,"post_fragmentation",50,0.9,0.8,"random",739,1,1
18,905,19,5,66,8,"0015",127,40,"post_fragmentation",50,0.9,0.8,"random",313,1,1
18,905,19,5,66,8,"0015",127,40,"post_fragmentation",50,0.9,0.8,"random",355,1,1
18,905,19,5,66,8,"0015",127,40,"post_fragmentation",50,0.9,0.8,"random",380,1,1
18,905,19,5,66,8,"0015",127,40,"post_fragmentation",50,0.9,0.8,"random",382,1,1
18,905,19,5,66,8,"0015",127,40,"post_fragmentation",50,0.9,0.8,"random",383,1,1
18,905,19,5,66,8,"0015",127,40,"post_fragmentation",50,0.9,0.8,"random",384,1,1
18,905,19,5,66,8,"0015",127,40,"post_fragmentation",50,0.9,0.8,"random",390,1,1
18,905,19,5,66,8,"0015",127,40,"post_fragmentation",50,0.9,0.8,"random",401,1,1
18,905,19,5,66,8,"0015",127,40,"post_fragmentation",50,0.9,0.8,"random",408,1,1
18,905,19,5,66,8,"0015",127,40,"post_fragmentation",50,0.9,0.8,"random",420,2,1
18,905,19,5,66,8,"0015",127,40,"post_fragmentation",50,0.9,0.8,"random",422,2,1
18,905,19,5,66,8,"0015",127,40,"post_fragmentation",50,0.9,0.8,"random",428,2,1
18,905,19,5,66,8,"0015",127,40,"post_fragmentation",50,0.9,0.8,"random",431,1,1
18,905,19,5,66,8,"0015",127,40,"post_fragmentation",50,0.9,0.8,"random",433,1,1
18,905,19,5,66,8,"0015",127,40,"post_fragmentation",50,0.9,0.8,"random",437,1,1
18,905,19,5,66,8,"0015",127,40,"post_fragmentation",50,0.9,0.8,"random",447,2,1
18,905,19,5,66,8,"0015",127,40,"post_fragmentation",50,0.9,0.8,"random",450,1,1
18,905,19,5,66,8,"0015",127,40,"post_fragmentation",50,0.9,0.8,"random",455,2,1
18,905,19,5,66,8,"0015",127,40,"post_fragmentation",50,0.9,0.8,"random",460,1,1
18,905,19,5,66,8,"0015",127,40,"post_fragmentation",50,0.9,0.8,"random",461,1,1
18,905,19,5,66,8,"0015",127,40,"post_fragmentation",50,0.9,0.8,"random",475,2,1
18,905,19,5,66,8,"0015",127,40,"post_fragmentation",50,0.9,0.8,"random",476,1,1
18,905,19,5,66,8,"0015",127,40,"post_fragmentation",50,0.9,0.8,"random",488,1,1
18,905,19,5,66,8,"0015",127,40,"post_fragmentation",50,0.9,0.8,"random",494,2,1
18,905,19,5,66,8,"0015",127,40,"post_fragmentation",50,0.9,0.8,"random",514,2,1
18,905,19,5,66,8,"0015",127,40,"post_fragmentation",50,0.9,0.8,"random",570,2,1
19,626,13,26,44,1,"0015",127,40,"post_fragmentation",50,0.9,0.8,"random",607,1,1
19,626,13,26,44,1,"0015",127,40,"post_fragmentation",50,0.9,0.8,"random",680,2,1
19,626,13,26,44,1,"0015",127,40,"post_fragmentation",50,0.9,0.8,"random",700,1,1
19,626,13,26,44,1,"0015",127,40,"post_fragmentation",50,0.9,0.8,"random",713,1,1
19,626,13,26,44,1,"0015",127,40,"post_fragmentation",50,0.9,0.8,"random",722,1,1
19,626,13,26,44,1,"0015",127,40,"post_fragmentation",50,0.9,0.8,"random",723,3,1
19,626,13,26,44,1,"0015",127,40,"post_fragmentation",50,0.9,0.8,"random",726,4,1
19,626,13,26,44,1,"0015",127,40,"post_fragmentation",50,0.9,0.8,"random",729,1,1
19,626,13,26,44,1,"0015",127,40,"post_fragmentation",50,0.9,0.8,"random",732,1,1
19,626,13,26,44,1,"0015",127,40,"post_fragmentation",50,0.9,0.8,"random",746,2,1
19,626,13,26,44,1,"0015",127,40,"post_fragmentation",50,0.9,0.8,"random",748,1,1
19,626,13,26,44,1,"0015",127,40,"post_fragmentation",50,0.9,0.8,"random",752,2,1
19,626,13,26,44,1,"0015",127,40,"post_fragmentation",50,0.9,0.8,"random",770,1,1
19,626,13,26,44,1,"0015",127,40,"post_fragmentation",50,0.9,0.8,"random",771,1,1
19,626,13,26,44,1,"0015",127,40,"post_fragmentation",50,0.9,0.8,"random",778,4,1
19,626,13,26,44,1,"0015",127,40,"post_fragmentation",50,0.9,0.8,"random",785,1,1
19,626,13,26,44,1,"0015",127,40,"post_fragmentation",50,0.9,0.8,"random",786,3,1
19,626,13,26,44,1,"0015",127,40,"post_fragmentation",50,0.9,0.8,"random",788,4,1
19,626,13,26,44,1,"0015",127,40,"post_fragmentation",50,0.9,0.8,"random",792,1,1
19,626,13,26,44,1,"0015",127,40,"post_fragmentation",50,0.9,0.8,"random",796,1,1
19,626,13,26,44,1,"0015",127,40,"post_fragmentation",50,0.9,0.8,"random",797,2,1
19,626,13,26,44,1,"0015",127,40,"post_fragmentation",50,0.9,0.8,"random",813,1,1
19,626,13,26,44,1,"0015",127,40,"post_fragmentation",50,0.9,0.8,"random",824,2,1
19,626,13,26,44,1,"0015",127,40,"post_fragmentation",50,0.9,0.8,"random",837,2,1
19,626,13,26,44,1,"0015",127,40,"post_fragmentation",50,0.9,0.8,"random",864,1,1
20,1615,33,15,120,4,"0015",127,40,"post_fragmentation",50,0.9,0.8,"random",197,1,1
20,1615,33,15,120,4,"0015",127,40,"post_fragmentation",50,0.9,0.8,"random",228,1,1
20,1615,33,15,120,4,"0015",127,40,"post_fragmentation",50,0.9,0.8,"random",252,1,1
20,1615,33,15,120,4,"0015",127,40,"post_fragmentation",50,0.9,0.8,"random",280,3,1
20,1615,33,15,120,4,"0015",127,40,"post_fragmentation",50,0.9,0.8,"random",288,1,1
20,1615,33,15,120,4,"0015",127,40,"post_fragmentation",50,0.9,0.8,"random",289,1,1
20,1615,33,15,120,4,"0015",127,40,"post_fragmentation",50,0.9,0.8,"random",294,1,1
20,1615,33,15,120,4,"0015",127,40,"post_fragmentation",50,0.9,0.8,"random",299,2,1
20,1615,33,15,120,4,"0015",127,40,"post_fragmentation",50,0.9,0.8,"random",331,2,1
20,1615,33,15,120,4,"0015",127,40,"post_fragmentation",50,0.9,0.8,"random",347,1,1
20,1615,33,15,120,4,"0015",127,40,"post_fragmentation",50,0.9,0.8,"random",360,2,1
20,1615,33,15,120,4,"0015",127,40,"post_fragmentation",50,0.9,0.8,"random",366,1,1
20,1615,33,15,120,4,"0015",127,40,"post_fragmentation",50,0.9,0.8,"random",367,2,1
20,1615,33,15,120,4,"0015",127,40,"post_fragmentation",50,0.9,0.8,"random",374,2,1
20,1615,33,15,120,4,"0015",127,40,"post_fragmentation",50,0.9,0.8,"random",379,2,1
20,1615,33,15,120,4,"0015",127,40,"post_fragmentation",50,0.9,0.8,"random",380,2,1
20,1615,33,15,120,4,"0015",127,40,"post_fragmentation",50,0.9,0.8,"random",402,2,1
20,1615,33,15,120,4,"0015",127,40,"post_fragmentation",50,0.9,0.8,"random",413,3,1
20,1615,33,15,120,4,"0015",127,40,"post_fragmentation",50,0.9,0.8,"random",456,1,1
20,1615,33,15,120,4,"0015",127,40,"post_fragmentation",50,0.9,0.8,"random",459,2,1
20,1615,33,15,120,4,"0015",127,40,"post_fragmentation",50,0.9,0.8,"random",486,1,1
20,1615,33,15,120,4,"0015",127,40,"post_fragmentation",50,0.9,0.8,"random",488,1,1
20,1615,33,15,120,4,"0015",127,40,"post_fragmentation",50,0.9,0.8,"random",493,1,1
20,1615,33,15,120,4,"0015",127,40,"post_fragmentation",50,0.9,0.8,"random",528,1,1
21,537,11,37,29,10,"0015",127,40,"post_fragmentation",50,0.9,0.8,"random",709,1,1
21,537,11,37,29,10,"0015",127,40,"post_fragmentation",50,0.9,0.8,"random",760,1,1
21,537,11,37,29,10,"0015",127,40,"post_fragmentation",50,0.9,0.8,"random",773,1,1
21,537,11,37,29,10,"0015",127,40,"post_fragmentation",50,0.9,0.8,"random",778,1,1
21,537,11,37,29,10,"0015",127,40,"post_fragmentation",50,0.9,0.8,"random",786,1,1
21,537,11,37,29,10,"0015",127,40,"post_fragmentation",50,0.9,0.8,"random",788,1,1
21,537,11,37,29,10,"0015",127,40,"post_fragmentation",50,0.9,0.8,"random",807,1,1
21,537,11,37,29,10,"0015",127,40,"post_fragmentation",50,0.9,0.8,"random",808,3,1
21,537,11,37,29,10,"0015",127,40,"post_fragmentation",50,0.9,0.8,"random",826,1,1
21,537,11,37,29,10,"0015",127,40,"post_fragmentation",50,0.9,0.8,"random",828,1,1
21,537,11,37,29,10,"0015",127,40,"post_fragmentation",50,0.9,0.8,"random",830,1,1
21,537,11,37,29,10,"0015",127,40,"post_fragmentation",50,0.9,0.8,"random",834,4,1
21,537,11,37,29,10,"0015",127,40,"post_fragmentation",50,0.9,0.8,"random",849,1,1
21,537,11,37,29,10,"0015",127,40,"post_fragmentation",50,0.9,0.8,"random",850,2,1
21,537,11,37,29,10,"0015",127,40,"post_fragmentation",50,0.9,0.8,"random",852,1,1
21,537,11,37,29,10,"0015",127,40,"post_fragmentation",50,0.9,0.8,"random",856,1,1
21,537,11,37,29,10,"0015",127,40,"post_fragmentation",50,0.9,0.8,"random",857,1,1
21,537,11,37,29,10,"0015",127,40,"post_fragmentation",50,0.9,0.8,"random",858,1,1
21,537,11,37,29,10,"0015",127,40,"post_fragmentation",50,0.9,0.8,"random",862,2,1
21,537,11,37,29,10,"0015",127,40,"post_fragmentation",50,0.9,0.8,"random",864,1,1
21,537,11,37,29,10,"0015",127,40,"post_fragmentation",50,0.9,0.8,"random",868,1,1
21,537,11,37,29,10,"0015",127,40,"post_fragmentation",50,0.9,0.8,"random",870,1,1
21,537,11,37,29,10,"0015",127,40,"post_fragmentation",50,0.9,0.8,"random",875,1,1
21,537,11,37,29,10,"0015",127,40,"post_fragmentation",50,0.9,0.8,"random",884,2,1
21,537,11,37,29,10,"0015",127,40,"post_fragmentation",50,0.9,0.8,"random",896,1,1
21,537,11,37,29,10,"0015",127,40,"post_fragmentation",50,0.9,0.8,"random",913,1,1
21,537,11,37,29,10,"0015",127,40,"post_fragmentation",50,0.9,0.8,"random",915,1,1
21,537,11,37,29,10,"0015",127,40,"post_fragmentation",50,0.9,0.8,"random",919,1,1
21,537,11,37,29,10,"0015",127,40,"post_fragmentation",50,0.9,0.8,"random",953,2,1
22,2289,46,39,160,14,"0015",127,40,"post_fragmentation",50,0.9,0.8,"random",424,1,1
22,2289,46,39,160,14,"0015",127,40,"post_fragmentation",50,0.9,0.8,"random",453,1,1
22,2289,46,39,160,14,"0015",127,40,"post_fragmentation",50,0.9,0.8,"random",464,1,1
22,2289,46,39,160,14,"0015",127,40,"post_fragmentation",50,0.9,0.8,"random",469,1,1
22,2289,46,39,160,14,"0015",127,40,"post_fragmentation",50,0.9,0.8,"random",471,1,1
22,2289,46,39,160,14,"0015",127,40,"post_fragmentation",50,0.9,0.8,"random",486,3,1
22,2289,46,39,160,14,"0015",127,40,"post_fragmentation",50,0.9,0.8,"random",502,2,1
22,2289,46,39,160,14,"0015",127,40,"post_fragmentation",50,0.9,0.8,"random",505,1,1
22,2289,46,39,160,14,"0015",127,40,"post_fragmentation",50,0.9,0.8,"random",508,1,1
22,2289,46,39,160,14,"0015",127,40,"post_fragmentation",50,0.9,0.8,"random",516,1,1
22,2289,46,39,160,14,"0015",127,40,"post_fragmentation",50,0.9,0.8,"random",524,1,1
22,2289,46,39,160,14,"0015",127,40,"post_fragmentation",50,0.9,0.8,"random",527,2,1
22,2289,46,39,160,14,"0015",127,40,"post_fragmentation",50,0.9,0.8,"random",530,1,1
22,2289,46,39,160,14,"0015",127,40,"post_fragmentation",50,0.9,0.8,"random",544,5,1
22,2289,46,39,160,14,"0015",127,40,"post_fragmentation",50,0.9,0.8,"random",556,1,1
22,2289,46,39,160,14,"0015",127,40,"post_fragmentation",50,0.9,0.8,"random",560,1,1
22,2289,46,39,160,14,"0015",127,40,"post_fragmentation",50,0.9,0.8,"random",561,1,1
22,2289,46,39,160,14,"0015",127,40,"post_fragmentation",50,0.9,0.8,"random",569,2,1
22,2289,46,39,160,14,"0015",127,40,"post_fragmentation",50,0.9,0.8,"random",574,1,1
22,2289,46,39,160,14,"0015",127,40,"post_fragmentation",50,0.9,0.8,"random",584,1,1
22,2289,46,39,160,14,"0015",127,40,"post_fragmentation",50,0.9,0.8,"random",587,1,1
22,2289,46,39,160,14,"0015",127,40,"post_fragmentation",50,0.9,0.8,"random",602,2,1
22,2289,46,39,160,14,"0015",127,40,"post_fragmentation",50,0.9,0.8,"random",620,1,1
23,2413,49,13,166,4,"0015",127,40,"post_fragmentation",50,0.9,0.8,"random",261,1,1
23,2413,49,13,166,4,"0015",127,40,"post_fragmentation",50,0.9,0.8,"random",302,1,1
23,2413,49,13,166,4,"0015",127,40,"post_fragmentation",50,0.9,0.8,"random",322,2,1
23,2413,49,13,166,4,"0015",127,40,"post_fragmentation",50,0.9,0.8,"random",323,1,1
23,2413,49,13,166,4,"0015",127,40,"post_fragmentation",50,0.9,0.8,"random",332,2,1
23,2413,49,13,166,4,"0015",127,40,"post_fragmentation",50,0.9,0.8,"random",350,3,1
23,2413,49,13,166,4,"0015",127,40,"post_fragmentation",50,0.9,0.8,"random",358,2,1
23,2413,49,13,166,4,"0015",127,40,"post_fragmentation",50,0.9,0.8,"random",360,1,1
23,2413,49,13,166,4,"0015",127,40,"post_fragmentation",50,0.9,0.8,"random",381,1,1
23,2413,49,13,166,4,"0015",127,40,"post_fragmentation",50,0.9,0.8,"random",387,1,1
23,2413,49,13,166,4,"0015",127,40,"post_fragmentation",50,0.9,0.8,"random",390,1,1
23,2413,49,13,166,4,"0015",127,40,"post_fragmentation",50,0.9,0.8,"random",391,2,1
23,2413,49,13,166,4,"0015",127,40,"post_fragmentation",50,0.9,0.8,"random",440,1,1
23,2413,49,13,166,4,"0015",127,40,"post_fragmentation",50,0.9,0.8,"random",450,1,1
23,2413,49,13,166,4,"0015",127,40,"post_fragmentation",50,0.9,0.8,"random",457,5,1
23,2413,49,13,166,4,"0015",127,40,"post_fragmentation",50,0.9,0.8,"random",468,1,1
23,2413,49,13,166,4,"0015",127,40,"post_fragmentation",50,0.9,0.8,"random",472,3,1
23,2413,49,13,166,4,"0015",127,40,"post_fragmentation",50,0.9,0.8,"random",481,1,1
23,2413,49,13,166,4,"0015",127,40,"post_fragmentation",50,0.9,0.8,"random",491,1,1
23,2413,49,13,166,4,"0015",127,40,"post_fragmentation",50,0.9,0.8,"random",498,1,1
23,2413,49,13,166,4,"0015",127,40,"post_fragmentation",50,0.9,0.8,"random",532,1,1
24,1191,24,41,74,12,"0015",127,40,"post_fragmentation",50,0.9,0.8,"random",736,1,1
24,1191,24,41,74,12,"0015",127,40,"post_fragmentation",50,0.9,0.8,"random",751,1,1
24,1191,24,41,74,12,"0015",127,40,"post_fragmentation",50,0.9,0.8,"random",761,1,1
24,1191,24,41,74,12,"0015",127,40,"post_fragmentation",50,0.9,0.8,"random",768,2,1
24,1191,24,41,74,12,"0015",127,40,"post_fragmentation",50,0.9,0.8,"random",783,2,1
24,1191,24,41,74,12,"0015",127,40,"post_fragmentation",50,0.9,0.8,"random",785,4,1
24,1191,24,41,74,12,"0015",127,40,"post_fragmentation",50,0.9,0.8,"random",796,2,1
24,1191,24,41,74,12,"0015",127,40,"post_fragmentation",50,0.9,0.8,"random",804,1,1
24,1191,24,41,74,12,"0015",127,40,"post_fragmentation",50,0.9,0.8,"random",807,1,1
24,1191,24,41,74,12,"0015",127,40,"post_fragmentation",50,0.9,0.8,"random",809,1,1
24,1191,24,41,74,12,"0015",127,40,"post_fragmentation",50,0.9,0.8,"random",811,1,1
24,1191,24,41,74,12,"0015",127,40,"post_fragmentation",50,0.9,0.8,"random",815,1,1
24,1191,24,41,74,12,"0015",127,40,"post_fragmentation",50,0.9,0.8,"random",823,1,1
24,1191,24,41,74,12,"0015",127,40,"post_fragmentation",50,0.9,0.8,"random",826,1,1
24,1191,24,41,74,12,"0015",127,40,"post_fragmentation",50,0.9,0.8,"random",843,1,1
24,1191,24,41,74,12,"0015",127,40,"post_fragmentation",50,0.9,0.8,"random",844,1,1
24,1191,24,41,74,12,"0015",127,40,"post_fragmentation",50,0.9,0.8,"random",849,1,1
24,1191,24,41,74,12,"0015",127,40,"post_fragmentation",50,0.9,0.8,"random",853,1,1
24,1191,24,41,74,12,"0015",127,40,"post_fragmentation",50,0.9,0.8,"random",862,4,1
24,1191,24,41,74,12,"0015",127,40,"post_fragmentation",50,0.9,0.8,"random",872,3,1
24,1191,24,41,74,12,"0015",127,40,"post_fragmentation",50,0.9,0.8,"random",902,1,1
24,1191,24,41,74,12,"0015",127,40,"post_fragmentation",50,0.9,0.8,"random",911,1,1
24,1191,24,41,74,12,"0015",127,40,"post_fragmentation",50,0.9,0.8,"random",916,1,1
24,1191,24,41,74,12,"0015",127,40,"post_fragmentation",50,0.9,0.8,"random",966,1,1
25,581,12,31,40,1,"0015",127,40,"post_fragmentation",50,0.9,0.8,"random",680,1,1
25,581,12,31,40,1,"0015",127,40,"post_fragmentation",50,0.9,0.8,"random",699,1,1
25,581,12,31,40,1,"0015",127,40,"post_fragmentation",50,0.9,0.8,"random",702,3,1
25,581,12,31,40,1,"0015",127,40,"post_fragmentation",50,0.9,0.8,"random",726,2,1
25,581,12,31,40,1,"0015",127,40,"post_fragmentation",50,0.9,0.8,"random",743,1,1
25,581,12,31,40,1,"0015",127,40,"post_fragmentation",50,0.9,0.8,"random",744,1,1
25,581,12,31,40,1,"0015",127,40,"post_fragmentation",50,0.9,0.8,"random",748,1,1
25,581,12,31,40,1,"0015",127,40,"post_fragmentation",50,0.9,0.8,"random",759,2,1
25,581,12,31,40,1,"0015",127,40,"post_fragmentation",50,0.9,0.8,"random",774,1,1
25,581,12,31,40,1,"0015",127,40,"post_fragmentation",50,0.9,0.8,"random",781,1,1
25,581,12,31,40,1,"0015",127,40,"post_fragmentation",50,0.9,0.8,"random",786,1,1
25,581,12,31,40,1,"0015",127,40,"post_fragmentation",50,0.9,0.8,"random",788,1,1
25,581,12,31,40,1,"0015",127,40,"post_fragmentation",50,0.9,0.8,"random",791,1,1
25,581,12,31,40,1,"0015",127,40,"post_fragmentation",50,0.9,0.8,"random",795,1,1
25,581,12,31,40,1,"0015",127,40,"post_fragmentation",50,0.9,0.8,"random",802,2,1
25,581,12,31,40,1,"0015",127,40,"post_fragmentation",50,0.9,0.8,"random",807,1,1
25,581,12,31,40,1,"0015",127,40,"post_fragmentation",50,0.9,0.8,"random",808,1,1
25,581,12,31,40,1,"0015",127,40,"post_fragmentation",50,0.9,0.8,"random",815,1,1
25,581,12,31,40,1,"0015",127,40,"post_fragmentation",50,0.9,0.8,"random",826,1,1
25,581,12,31,40,1,"0015",127,40,"post_fragmentation",50,0.9,0.8,"random",834,2,1
25,581,12,31,40,1,"0015",127,40,"post_fragmentation",50,0.9,0.8,"random",837,5,1
25,581,12,31,40,1,"0015",127,40,"post_fragmentation",50,0.9,0.8,"random",851,1,1
25,581,12,31,40,1,"0015",127,40,"post_fragmentation",50,0.9,0.8,"random",858,2,1
25,581,12,31,40,1,"0015",127,40,"post_fragmentation",50,0.9,0.8,"random",898,1,1
25,581,12,31,40,1,"0015",127,40,"post_fragmentation",50,0.9,0.8,"random",913,1,1
26,398,8,48,23,6,"0015",127,40,"post_fragmentation",50,0.9,0.8,"random",729,1,1
26,398,8,48,23,6,"0015",127,40,"post_fragmentation",50,0.9,0.8,"random",738,1,1
26,398,8,48,23,6,"0015",127,40,"post_fragmentation",50,0.9,0.8,"random",750,3,1
26,398,8,48,23,6,"0015",127,40,"post_fragmentation",50,0.9,0.8,"random",779,4,1
26,398,8,48,23,6,"0015",127,40,"post_fragmentation",50,0.9,0.8,"random",781,1,1
26,398,8,48,23,6,"0015",127,40,"post_fragmentation",50,0.9,0.8,"random",796,1,1
26,398,8,48,23,6,"0015",127,40,"post_fragmentation",50,0.9,0.8,"random",804,1,1
26,398,8,48,23,6,"0015",127,40,"post_fragmentation",50,0.9,0.8,"random",806,2,1
26,398,8,48,23,6,"0015",127,40,"post_fragmentation",50,0.9,0.8,"random",817,2,1
26,398,8,48,23,6,"0015",127,40,"post_fragmentation",50,0.9,0.8,"random",818,1,1
26,398,8,48,23,6,"0015",127,40,"post_fragmentation",50,0.9,0.8,"random",831,2,1
26,398,8,48,23,6,"0015",127,40,"post_fragmentation",50,0.9,0.8,"random",834,7,1
26,398,8,48,23,6,"0015",127,40,"post_fragmentation",50,0.9,0.8,"random",844,3,1
26,398,8,48,23,6,"0015",127,40,"post_fragmentation",50,0.9,0.8,"random",850,3,1
26,398,8,48,23,6,"0015",127,40,"post_fragmentation",50,0.9,0.8,"random",855,1,1
26,398,8,48,23,6,"0015",127,40,"post_fragmentation",50,0.9,0.8,"random",857,1,1
26,398,8,48,23,6,"0015",127,40,"post_fragmentation",50,0.9,0.8,"random",858,1,1
26,398,8,48,23,6,"0015",127,40,"post_fragmentation",50,0.9,0.8,"random",864,1,1
26,398,8,48,23,6,"0015",127,40,"post_fragmentation",50,0.9,0.8,"random",875,1,1
26,398,8,48,23,6,"0015",127,40,"post_fragmentation",50,0.9,0.8,"random",883,1,1
27,1271,26,21,88,9,"0015",127,40,"post_fragmentation",50,0.9,0.8,"random",562,1,1
27,1271,26,21,88,9,"0015",127,40,"post_fragmentation",50,0.9,0.8,"random",604,1,1
27,1271,26,21,88,9,"0015",127,40,"post_fragmentation",50,0.9,0.8,"random",671,1,1
27,1271,26,21,88,9,"0015",127,40,"post_fragmentation",50,0.9,0.8,"random",682,1,1
27,1271,26,21,88,9,"0015",127,40,"post_fragmentation",50,0.9,0.8,"random",690,2,1
27,1271,26,21,88,9,"0015",127,40,"post_fragmentation",50,0.9,0.8,"random",694,1,1
27,1271,26,21,88,9,"0015",127,40,"post_fragmentation",50,0.9,0.8,"random",698,1,1
27,1271,26,21,88,9,"0015",127,40,"post_fragmentation",50,0.9,0.8,"random",707,1,1
27,1271,26,21,88,9,"0015",127,40,"post_fragmentation",50,0.9,0.8,"random",708,4,1
27,1271,26,21,88,9,"0015",127,40,"post_fragmentation",50,0.9,0.8,"random",719,5,1
27,1271,26,21,88,9,"0015",127,40,"post_fragmentation",50,0.9,0.8,"random",721,1,1
27,1271,26,21,88,9,"0015",127,40,"post_fragmentation",50,0.9,0.8,"random",723,1,1
27,1271,26,21,88,9,"0015",127,40,"post_fragmentation",50,0.9,0.8,"random",740,2,1
27,1271,26,21,88,9,"0015",127,40,"post_fragmentation",50,0.9,0.8,"random",751,2,1
27,1271,26,21,88,9,"0015",127,40,"post_fragmentation",50,0.9,0.8,"random",752,1,1
27,1271,26,21,88,9,"0015",127,40,"post_fragmentation",50,0.9,0.8,"random",757,4,1
27,1271,26,21,88,9,"0015",127,40,"post_fragmentation",50,0.9,0.8,"random",760,1,1
27,1271,26,21,88,9,"0015",127,40,"post_fragmentation",50,0.9,0.8,"random",763,1,1
27,1271,26,21,88,9,"0015",127,40,"post_fragmentation",50,0.9,0.8,"random",765,2,1
27,1271,26,21,88,9,"0015",127,40,"post_fragmentation",50,0.9,0.8,"random",801,1,1
27,1271,26,21,88,9,"0015",127,40,"post_fragmentation",50,0.9,0.8,"random",805,1,1
27,1271,26,21,88,9,"0015",127,40,"post_fragmentation",50,0.9,0.8,"random",813,1,1
27,1271,26,21,88,9,"0015",127,40,"post_fragmentation",50,0.9,0.8,"random",850,1,1
28,526,11,26,34,1,"0015",127,40,"post_fragmentation",50,0.9,0.8,"random",613,1,1
28,526,11,26,34,1,"0015",127,40,"post_fragmentation",50,0.9,0.8,"random",646,1,1
28,526,11,26,34,1,"0015",127,40,"post_fragmentation",50,0.9,0.8,"random",649,1,1
28,526,11,26,34,1,"0015",127,40,"post_fragmentation",50,0.9,0.8,"random",650,1,1
28,526,11,26,34,1,"0015",127,40,"post_fragmentation",50,0.9,0.8,"random",653,1,1
28,526,11,26,34,1,"0015",127,40,"post_fragmentation",50,0.9,0.8,"random",660,1,1
28,526,11,26,34,1,"0015",127,40,"post_fragmentation",50,0.9,0.8,"random",680,1,1
28,526,11,26,34,1,"0015",127,40,"post_fragmentation",50,0.9,0.8,"random",682,1,1
28,526,11,26,34,1,"0015",127,40,"post_fragmentation",50,0.9,0.8,"random",688,1,1
28,526,11,26,34,1,"0015",127,40,"post_fragmentation",50,0.9,0.8,"random",693,1,1
28,526,11,26,34,1,"0015",127,40,"post_fragmentation",50,0.9,0.8,"random",694,1,1
28,526,11,26,34,1,"0015",127,40,"post_fragmentation",50,0.9,0.8,"random",698,1,1
28,526,11,26,34,1,"0015",127,40,"post_fragmentation",50,0.9,0.8,"random",702,1,1
28,526,11,26,34,1,"0015",127,40,"post_fragmentation",50,0.9,0.8,"random",708,1,1
28,526,11,26,34,1,"0015",127,40,"post_fragmentation",50,0.9,0.8,"random",709,2,1
28,526,11,26,34,1,"0015",127,40,"post_fragmentation",50,0.9,0.8,"random",715,1,1
28,526,11,26,34,1,"0015",127,40,"post_fragmentation",50,0.9,0.8,"random",716,1,1
28,526,11,26,34,1,"0015",127,40,"post_fragmentation",50,0.9,0.8,"random",729,1,1
28,526,11,26,34,1,"0015",127,40,"post_fragmentation",50,0.9,0.8,"random",734,2,1
28,526,11,26,34,1,"0015",127,40,"post_fragmentation",50,0.9,0.8,"random",743,1,1
28,526,11,26,34,1,"0015",127,40,"post_fragmentation",50,0.9,0.8,"random",748,2,1
28,526,11,26,34,1,"0015",127,40,"post_fragmentation",50,0.9,0.8,"random",750,1,1
28,526,11,26,34,1,"0015",127,40,"post_fragmentation",50,0.9,0.8,"random",755,2,1
28,526,11,26,34,1,"0015",127,40,"post_fragmentation",50,0.9,0.8,"random",759,1,1
28,526,11,26,34,1,"0015",127,40,"post_fragmentation",50,0.9,0.8,"random",778,1,1
28,526,11,26,34,1,"0015",127,40,"post_fragmentation",50,0.9,0.8,"random",782,1,1
28,526,11,26,34,1,"0015",127,40,"post_fragmentation",50,0.9,0.8,"random",786,1,1
28,526,11,26,34,1,"0015",127,40,"post_fragmentation",50,0.9,0.8,"random",788,3,1
28,526,11,26,34,1,"0015",127,40,"post_fragmentation",50,0.9,0.8,"random",791,2,1
28,526,11,26,34,1,"0015",127,40,"post_fragmentation",50,0.9,0.8,"random",805,1,1
28,526,11,26,34,1,"0015",127,40,"post_fragmentation",50,0.9,0.8,"random",831,1,1
28,526,11,26,34,1,"0015",127,40,"post_fragmentation",50,0.9,0.8,"random",837,1,1
28,526,11,26,34,1,"0015",127,40,"post_fragmentation",50,0.9,0.8,"random",864,1,1
29,929,19,29,68,1,"0015",127,40,"post_fragmentation",50,0.9,0.8,"random",746,1,1
29,929,19,29,68,1,"0015",127,40,"post_fragmentation",50,0.9,0.8,"random",814,1,1
29,929,19,29,68,1,"0015",127,40,"post_fragmentation",50,0.9,0.8,"random",824,1,1
29,929,19,29,68,1,"0015",127,40,"post_fragmentation",50,0.9,0.8,"random",836,1,1
29,929,19,29,68,1,"0015",127,40,"post_fragmentation",50,0.9,0.8,"random",837,2,1
29,929,19,29,68,1,"0015",127,40,"post_fragmentation",50,0.9,0.8,"random",843,1,1
29,929,19,29,68,1,"0015",127,40,"post_fragmentation",50,0.9,0.8,"random",857,1,1
29,929,19,29,68,1,"0015",127,40,"post_fragmentation",50,0.9,0.8,"random",858,1,1
29,929,19,29,68,1,"0015",127,40,"post_fragmentation",50,0.9,0.8,"random",864,2,1
29,929,19,29,68,1,"0015",127,40,"post_fragmentation",50,0.9,0.8,"random",868,1,1
29,929,19,29,68,1,"0015",127,40,"post_fragmentation",50,0.9,0.8,"random",871,2,1
29,929,19,29,68,1,"0015",127,40,"post_fragmentation",50,0.9,0.8,"random",875,3,1
29,929,19,29,68,1,"0015",127,40,"post_fragmentation",50,0.9,0.8,"random",877,1,1
29,929,19,29,68,1,"0015",127,40,"post_fragmentation",50,0.9,0.8,"random",884,1,1
29,929,19,29,68,1,"0015",127,40,"post_fragmentation",50,0.9,0.8,"random",894,1,1
29,929,19,29,68,1,"0015",127,40,"post_fragmentation",50,0.9,0.8,"random",912,1,1
29,929,19,29,68,1,"0015",127,40,"post_fragmentation",50,0.9,0.8,"random",913,1,1
29,929,19,29,68,1,"0015",127,40,"post_fragmentation",50,0.9,0.8,"random",915,2,1
29,929,19,29,68,1,"0015",127,40,"post_fragmentation",50,0.9,0.8,"random",918,1,1
29,929,19,29,68,1,"0015",127,40,"post_fragmentation",50,0.9,0.8,"random",920,2,1
29,929,19,29,68,1,"0015",127,40,"post_fragmentation",50,0.9,0.8,"random",931,1,1
29,929,19,29,68,1,"0015",127,40,"post_fragmentation",50,0.9,0.8,"random",942,2,1
29,929,19,29,68,1,"0015",127,40,"post_fragmentation",50,0.9,0.8,"random",946,2,1
29,929,19,29,68,1,"0015",127,40,"post_fragmentation",50,0.9,0.8,"random",953,4,1
29,929,19,29,68,1,"0015",127,40,"post_fragmentation",50,0.9,0.8,"random",960,4,1
29,929,19,29,68,1,"0015",127,40,"post_fragmentation",50,0.9,0.8,"random",967,1,1
29,929,19,29,68,1,"0015",127,40,"post_fragmentation",50,0.9,0.8,"random",971,1,1
29,929,19,29,68,1,"0015",127,40,"post_fragmentation",50,0.9,0.8,"random",976,1,1
29,929,19,29,68,1,"0015",127,40,"post_fragmentation",50,0.9,0.8,"random",983,1,1
30,1518,31,18,113,1,"0015",127,40,"post_fragmentation",50,0.9,0.8,"random",465,1,1
30,1518,31,18,113,1,"0015",127,40,"post_fragmentation",50,0.9,0.8,"random",493,1,1
30,1518,31,18,113,1,"0015",127,40,"post_fragmentation",50,0.9,0.8,"random",494,1,1
30,1518,31,18,113,1,"0015",127,40,"post_fragmentation",50,0.9,0.8,"random",529,2,1
30,1518,31,18,113,1,"0015",127,40,"post_fragmentation",50,0.9,0.8,"random",536,1,1
30,1518,31,18,113,1,"0015",127,40,"post_fragmentation",50,0.9,0.8,"random",551,2,1
30,1518,31,18,113,1,"0015",127,40,"post_fragmentation",50,0.9,0.8,"random",572,2,1
30,1518,31,18,113,1,"0015",127,40,"post_fragmentation",50,0.9,0.8,"random",585,1,1
30,1518,31,18,113,1,"0015",127,40,"post_fragmentation",50,0.9,0.8,"random",600,2,1
30,1518,31,18,113,1,"0015",127,40,"post_fragmentation",50,0.9,0.8,"random",603,1,1
30,1518,31,18,113,1,"0015",127,40,"post_fragmentation",50,0.9,0.8,"random",606,1,1
30,1518,31,18,113,1,"0015",127,40,"post_fragmentation",50,0.9,0.8,"random",607,1,1
30,1518,31,18,113,1,"0015",127,40,"post_fragmentation",50,0.9,0.8,"random",608,1,1
30,1518,31,18,113,1,"0015",127,40,"post_fragmentation",50,0.9,0.8,"random",616,2,1
30,1518,31,18,113,1,"0015",127,40,"post_fragmentation",50,0.9,0.8,"random",619,1,1
30,1518,31,18,113,1,"0015",127,40,"post_fragmentation",50,0.9,0.8,"random",629,1,1
30,1518,31,18,113,1,"0015",127,40,"post_fragmentation",50,0.9,0.8,"random",632,4,1
30,1518,31,18,113,1,"0015",127,40,"post_fragmentation",50,0.9,0.8,"random",637,1,1
30,1518,31,18,113,1,"0015",127,40,"post_fragmentation",50,0.9,0.8,"random",643,1,1
30,1518,31,18,113,1,"0015",127,40,"post_fragmentation",50,0.9,0.8,"random",663,1,1
30,1518,31,18,113,1,"0015",127,40,"post_fragmentation",50,0.9,0.8,"random",668,1,1
30,1518,31,18,113,1,"0015",127,40,"post_fragmentation",50,0.9,0.8,"random",669,1,1
30,1518,31,18,113,1,"0015",127,40,"post_fragmentation",50,0.9,0.8,"random",689,2,1
30,1518,31,18,113,1,"0015",127,40,"post_fragmentation",50,0.9,0.8,"random",719,2,1
30,1518,31,18,113,1,"0015",127,40,"post_fragmentation",50,0.9,0.8,"random",726,2,1
30,1518,31,18,113,1,"0015",127,40,"post_fragmentation",50,0.9,0.8,"random",729,1,1
30,1518,31,18,113,1,"0015",127,40,"post_fragmentation",50,0.9,0.8,"random",742,1,1
30,1518,31,18,113,1,"0015",127,40,"post_fragmentation",50,0.9,0.8,"random",745,1,1
1,971,20,21,72,4,"0015",127,100,"final",50,0.9,0.8,"random",551,1,1
1,971,20,21,72,4,"0015",127,100,"final",50,0.9,0.8,"random",596,1,1
1,971,20,21,72,4,"0015",127,100,"final",50,0.9,0.8,"random",604,1,1
1,971,20,21,72,4,"0015",127,100,"final",50,0.9,0.8,"random",637,2,1
1,971,20,21,72,4,"0015",127,100,"final",50,0.9,0.8,"random",655,4,1
1,971,20,21,72,4,"0015",127,100,"final",50,0.9,0.8,"random",657,3,1
1,971,20,21,72,4,"0015",127,100,"final",50,0.9,0.8,"random",663,1,1
1,971,20,21,72,4,"0015",127,100,"final",50,0.9,0.8,"random",672,1,1
1,971,20,21,72,4,"0015",127,100,"final",50,0.9,0.8,"random",684,5,1
1,971,20,21,72,4,"0015",127,100,"final",50,0.9,0.8,"random",740,1,1
1,971,20,21,72,4,"0015",127,100,"final",50,0.9,0.8,"random",746,2,1
2,652,14,2,42,10,"0015",127,100,"final",50,0.9,0.8,"random",618,1,1
2,652,14,2,42,10,"0015",127,100,"final",50,0.9,0.8,"random",630,3,1
2,652,14,2,42,10,"0015",127,100,"final",50,0.9,0.8,"random",663,1,1
2,652,14,2,42,10,"0015",127,100,"final",50,0.9,0.8,"random",668,2,1
2,652,14,2,42,10,"0015",127,100,"final",50,0.9,0.8,"random",681,1,1
2,652,14,2,42,10,"0015",127,100,"final",50,0.9,0.8,"random",684,3,1
2,652,14,2,42,10,"0015",127,100,"final",50,0.9,0.8,"random",727,5,1
2,652,14,2,42,10,"0015",127,100,"final",50,0.9,0.8,"random",750,2,1
2,652,14,2,42,10,"0015",127,100,"final",50,0.9,0.8,"random",783,1,1
3,153,4,3,8,1,"0015",127,100,"final",50,0.9,0.8,"random",834,2,1
4,1143,23,43,74,12,"0015",127,100,"final",50,0.9,0.8,"random",657,1,1
4,1143,23,43,74,12,"0015",127,100,"final",50,0.9,0.8,"random",676,3,1
4,1143,23,43,74,12,"0015",127,100,"final",50,0.9,0.8,"random",723,6,1
4,1143,23,43,74,12,"0015",127,100,"final",50,0.9,0.8,"random",744,3,1
4,1143,23,43,74,12,"0015",127,100,"final",50,0.9,0.8,"random",764,1,1
4,1143,23,43,74,12,"0015",127,100,"final",50,0.9,0.8,"random",783,1,1
4,1143,23,43,74,12,"0015",127,100,"final",50,0.9,0.8,"random",786,2,1
4,1143,23,43,74,12,"0015",127,100,"final",50,0.9,0.8,"random",796,3,1
4,1143,23,43,74,12,"0015",127,100,"final",50,0.9,0.8,"random",804,1,1
4,1143,23,43,74,12,"0015",127,100,"final",50,0.9,0.8,"random",855,1,1
5,173,4,23,9,1,"0015",127,100,"final",50,0.9,0.8,"random",632,5,1
5,173,4,23,9,1,"0015",127,100,"final",50,0.9,0.8,"random",639,2,1
5,173,4,23,9,1,"0015",127,100,"final",50,0.9,0.8,"random",660,1,1
5,173,4,23,9,1,"0015",127,100,"final",50,0.9,0.8,"random",666,1,1
6,141,3,41,7,1,"0015",127,100,"final",50,0.9,0.8,"random",554,2,1
6,141,3,41,7,1,"0015",127,100,"final",50,0.9,0.8,"random",569,2,1
6,141,3,41,7,1,"0015",127,100,"final",50,0.9,0.8,"random",574,1,1
7,1259,26,9,92,4,"0015",127,100,"final",50,0.9,0.8,"random",297,1,1
7,1259,26,9,92,4,"0015",127,100,"final",50,0.9,0.8,"random",332,1,1
7,1259,26,9,92,4,"0015",127,100,"final",50,0.9,0.8,"random",344,2,1
7,1259,26,9,92,4,"0015",127,100,"final",50,0.9,0.8,"random",355,8,1
7,1259,26,9,92,4,"0015",127,100,"final",50,0.9,0.8,"random",362,6,1
7,1259,26,9,92,4,"0015",127,100,"final",50,0.9,0.8,"random",376,1,1
7,1259,26,9,92,4,"0015",127,100,"final",50,0.9,0.8,"random",381,2,1
8,2391,48,41,160,14,"0015",127,100,"final",50,0.9,0.8,"random",486,3,1
8,2391,48,41,160,14,"0015",127,100,"final",50,0.9,0.8,"random",505,1,1
8,2391,48,41,160,14,"0015",127,100,"final",50,0.9,0.8,"random",508,1,1
8,2391,48,41,160,14,"0015",127,100,"final",50,0.9,0.8,"random",516,2,1
8,2391,48,41,160,14,"0015",127,100,"final",50,0.9,0.8,"random",525,1,1
8,2391,48,41,160,14,"0015",127,100,"final",50,0.9,0.8,"random",541,1,1
8,2391,48,41,160,14,"0015",127,100,"final",50,0.9,0.8,"random",543,5,1
8,2391,48,41,160,14,"0015",127,100,"final",50,0.9,0.8,"random",544,1,1
8,2391,48,41,160,14,"0015",127,100,"final",50,0.9,0.8,"random",547,1,1
8,2391,48,41,160,14,"0015",127,100,"final",50,0.9,0.8,"random",548,3,1
8,2391,48,41,160,14,"0015",127,100,"final",50,0.9,0.8,"random",556,1,1
8,2391,48,41,160,14,"0015",127,100,"final",50,0.9,0.8,"random",561,1,1
8,2391,48,41,160,14,"0015",127,100,"final",50,0.9,0.8,"random",572,2,1
8,2391,48,41,160,14,"0015",127,100,"final",50,0.9,0.8,"random",577,1,1
8,2391,48,41,160,14,"0015",127,100,"final",50,0.9,0.8,"random",583,1,1
9,2019,41,19,142,2,"0015",127,100,"final",50,0.9,0.8,"random",357,2,1
10,1323,27,23,88,9,"0015",127,100,"final",50,0.9,0.8,"random",551,1,1
10,1323,27,23,88,9,"0015",127,100,"final",50,0.9,0.8,"random",629,1,1
10,1323,27,23,88,9,"0015",127,100,"final",50,0.9,0.8,"random",643,1,1
10,1323,27,23,88,9,"0015",127,100,"final",50,0.9,0.8,"random",655,5,1
10,1323,27,23,88,9,"0015",127,100,"final",50,0.9,0.8,"random",690,1,1
10,1323,27,23,88,9,"0015",127,100,"final",50,0.9,0.8,"random",694,4,1
10,1323,27,23,88,9,"0015",127,100,"final",50,0.9,0.8,"random",719,4,1
10,1323,27,23,88,9,"0015",127,100,"final",50,0.9,0.8,"random",729,1,1
10,1323,27,23,88,9,"0015",127,100,"final",50,0.9,0.8,"random",740,1,1
10,1323,27,23,88,9,"0015",127,100,"final",50,0.9,0.8,"random",746,4,1
10,1323,27,23,88,9,"0015",127,100,"final",50,0.9,0.8,"random",754,4,1
10,1323,27,23,88,9,"0015",127,100,"final",50,0.9,0.8,"random",770,1,1
11,274,6,24,10,6,"0015",127,100,"final",50,0.9,0.8,"random",626,5,1
11,274,6,24,10,6,"0015",127,100,"final",50,0.9,0.8,"random",632,2,1
11,274,6,24,10,6,"0015",127,100,"final",50,0.9,0.8,"random",639,7,1
11,274,6,24,10,6,"0015",127,100,"final",50,0.9,0.8,"random",651,1,1
11,274,6,24,10,6,"0015",127,100,"final",50,0.9,0.8,"random",653,2,1
11,274,6,24,10,6,"0015",127,100,"final",50,0.9,0.8,"random",660,8,1
11,274,6,24,10,6,"0015",127,100,"final",50,0.9,0.8,"random",666,6,1
12,1657,34,7,122,4,"0015",127,100,"final",50,0.9,0.8,"random",33,1,1
12,1657,34,7,122,4,"0015",127,100,"final",50,0.9,0.8,"random",44,1,1
12,1657,34,7,122,4,"0015",127,100,"final",50,0.9,0.8,"random",55,3,1
12,1657,34,7,122,4,"0015",127,100,"final",50,0.9,0.8,"random",68,1,1
12,1657,34,7,122,4,"0015",127,100,"final",50,0.9,0.8,"random",124,1,1
12,1657,34,7,122,4,"0015",127,100,"final",50,0.9,0.8,"random",231,1,1
13,2340,47,40,160,14,"0015",127,100,"final",50,0.9,0.8,"random",457,2,1
13,2340,47,40,160,14,"0015",127,100,"final",50,0.9,0.8,"random",502,5,1
13,2340,47,40,160,14,"0015",127,100,"final",50,0.9,0.8,"random",512,3,1
13,2340,47,40,160,14,"0015",127,100,"final",50,0.9,0.8,"random",516,2,1
13,2340,47,40,160,14,"0015",127,100,"final",50,0.9,0.8,"random",549,2,1
13,2340,47,40,160,14,"0015",127,100,"final",50,0.9,0.8,"random",554,1,1
13,2340,47,40,160,14,"0015",127,100,"final",50,0.9,0.8,"random",558,1,1
13,2340,47,40,160,14,"0015",127,100,"final",50,0.9,0.8,"random",561,1,1
13,2340,47,40,160,14,"0015",127,100,"final",50,0.9,0.8,"random",573,3,1
13,2340,47,40,160,14,"0015",127,100,"final",50,0.9,0.8,"random",577,2,1
14,1787,36,37,126,5,"0015",127,100,"final",50,0.9,0.8,"random",804,1,1
14,1787,36,37,126,5,"0015",127,100,"final",50,0.9,0.8,"random",978,1,1
15,1819,37,19,131,2,"0015",127,100,"final",50,0.9,0.8,"random",NA,NA,1
16,1820,37,20,131,2,"0015",127,100,"final",50,0.9,0.8,"random",585,1,1
16,1820,37,20,131,2,"0015",127,100,"final",50,0.9,0.8,"random",643,2,1
17,1270,26,20,88,9,"0015",127,100,"final",50,0.9,0.8,"random",586,2,1
17,1270,26,20,88,9,"0015",127,100,"final",50,0.9,0.8,"random",589,2,1
17,1270,26,20,88,9,"0015",127,100,"final",50,0.9,0.8,"random",619,1,1
17,1270,26,20,88,9,"0015",127,100,"final",50,0.9,0.8,"random",629,1,1
17,1270,26,20,88,9,"0015",127,100,"final",50,0.9,0.8,"random",632,2,1
17,1270,26,20,88,9,"0015",127,100,"final",50,0.9,0.8,"random",643,1,1
17,1270,26,20,88,9,"0015",127,100,"final",50,0.9,0.8,"random",655,4,1
17,1270,26,20,88,9,"0015",127,100,"final",50,0.9,0.8,"random",657,3,1
17,1270,26,20,88,9,"0015",127,100,"final",50,0.9,0.8,"random",663,1,1
17,1270,26,20,88,9,"0015",127,100,"final",50,0.9,0.8,"random",668,1,1
17,1270,26,20,88,9,"0015",127,100,"final",50,0.9,0.8,"random",681,1,1
17,1270,26,20,88,9,"0015",127,100,"final",50,0.9,0.8,"random",684,1,1
17,1270,26,20,88,9,"0015",127,100,"final",50,0.9,0.8,"random",690,2,1
17,1270,26,20,88,9,"0015",127,100,"final",50,0.9,0.8,"random",696,1,1
17,1270,26,20,88,9,"0015",127,100,"final",50,0.9,0.8,"random",715,1,1
17,1270,26,20,88,9,"0015",127,100,"final",50,0.9,0.8,"random",719,6,1
17,1270,26,20,88,9,"0015",127,100,"final",50,0.9,0.8,"random",746,1,1
17,1270,26,20,88,9,"0015",127,100,"final",50,0.9,0.8,"random",749,1,1
17,1270,26,20,88,9,"0015",127,100,"final",50,0.9,0.8,"random",754,5,1
18,230,5,30,12,1,"0015",127,100,"final",50,0.9,0.8,"random",581,1,1
18,230,5,30,12,1,"0015",127,100,"final",50,0.9,0.8,"random",598,2,1
18,230,5,30,12,1,"0015",127,100,"final",50,0.9,0.8,"random",605,4,1
18,230,5,30,12,1,"0015",127,100,"final",50,0.9,0.8,"random",607,5,1
18,230,5,30,12,1,"0015",127,100,"final",50,0.9,0.8,"random",630,2,1
18,230,5,30,12,1,"0015",127,100,"final",50,0.9,0.8,"random",643,1,1
18,230,5,30,12,1,"0015",127,100,"final",50,0.9,0.8,"random",649,1,1
18,230,5,30,12,1,"0015",127,100,"final",50,0.9,0.8,"random",660,1,1
19,282,6,32,17,3,"0015",127,100,"final",50,0.9,0.8,"random",546,1,1
19,282,6,32,17,3,"0015",127,100,"final",50,0.9,0.8,"random",569,1,1
19,282,6,32,17,3,"0015",127,100,"final",50,0.9,0.8,"random",572,1,1
19,282,6,32,17,3,"0015",127,100,"final",50,0.9,0.8,"random",582,1,1
19,282,6,32,17,3,"0015",127,100,"final",50,0.9,0.8,"random",606,1,1
19,282,6,32,17,3,"0015",127,100,"final",50,0.9,0.8,"random",607,2,1
19,282,6,32,17,3,"0015",127,100,"final",50,0.9,0.8,"random",622,2,1
19,282,6,32,17,3,"0015",127,100,"final",50,0.9,0.8,"random",630,2,1
19,282,6,32,17,3,"0015",127,100,"final",50,0.9,0.8,"random",642,1,1
19,282,6,32,17,3,"0015",127,100,"final",50,0.9,0.8,"random",649,2,1
19,282,6,32,17,3,"0015",127,100,"final",50,0.9,0.8,"random",666,2,1
19,282,6,32,17,3,"0015",127,100,"final",50,0.9,0.8,"random",696,1,1
20,942,19,42,69,1,"0015",127,100,"final",50,0.9,0.8,"random",NA,NA,1
21,2436,49,36,160,14,"0015",127,100,"final",50,0.9,0.8,"random",499,1,1
21,2436,49,36,160,14,"0015",127,100,"final",50,0.9,0.8,"random",527,2,1
21,2436,49,36,160,14,"0015",127,100,"final",50,0.9,0.8,"random",530,3,1
21,2436,49,36,160,14,"0015",127,100,"final",50,0.9,0.8,"random",544,2,1
21,2436,49,36,160,14,"0015",127,100,"final",50,0.9,0.8,"random",547,1,1
21,2436,49,36,160,14,"0015",127,100,"final",50,0.9,0.8,"random",554,1,1
21,2436,49,36,160,14,"0015",127,100,"final",50,0.9,0.8,"random",556,2,1
21,2436,49,36,160,14,"0015",127,100,"final",50,0.9,0.8,"random",561,2,1
21,2436,49,36,160,14,"0015",127,100,"final",50,0.9,0.8,"random",566,1,1
21,2436,49,36,160,14,"0015",127,100,"final",50,0.9,0.8,"random",569,1,1
21,2436,49,36,160,14,"0015",127,100,"final",50,0.9,0.8,"random",571,1,1
21,2436,49,36,160,14,"0015",127,100,"final",50,0.9,0.8,"random",572,2,1
21,2436,49,36,160,14,"0015",127,100,"final",50,0.9,0.8,"random",577,1,1
21,2436,49,36,160,14,"0015",127,100,"final",50,0.9,0.8,"random",581,3,1
21,2436,49,36,160,14,"0015",127,100,"final",50,0.9,0.8,"random",584,6,1
21,2436,49,36,160,14,"0015",127,100,"final",50,0.9,0.8,"random",586,4,1
21,2436,49,36,160,14,"0015",127,100,"final",50,0.9,0.8,"random",587,4,1
22,1419,29,19,105,1,"0015",127,100,"final",50,0.9,0.8,"random",591,1,1
22,1419,29,19,105,1,"0015",127,100,"final",50,0.9,0.8,"random",619,2,1
22,1419,29,19,105,1,"0015",127,100,"final",50,0.9,0.8,"random",647,2,1
22,1419,29,19,105,1,"0015",127,100,"final",50,0.9,0.8,"random",657,1,1
22,1419,29,19,105,1,"0015",127,100,"final",50,0.9,0.8,"random",749,3,1
22,1419,29,19,105,1,"0015",127,100,"final",50,0.9,0.8,"random",757,1,1
23,2097,42,47,148,4,"0015",127,100,"final",50,0.9,0.8,"random",122,1,1
24,563,12,13,39,2,"0015",127,100,"final",50,0.9,0.8,"random",642,2,1
25,353,8,3,24,2,"0015",127,100,"final",50,0.9,0.8,"random",727,1,1
26,2439,49,39,160,14,"0015",127,100,"final",50,0.9,0.8,"random",512,10,1
26,2439,49,39,160,14,"0015",127,100,"final",50,0.9,0.8,"random",516,1,1
26,2439,49,39,160,14,"0015",127,100,"final",50,0.9,0.8,"random",530,1,1
26,2439,49,39,160,14,"0015",127,100,"final",50,0.9,0.8,"random",538,8,1
26,2439,49,39,160,14,"0015",127,100,"final",50,0.9,0.8,"random",544,1,1
26,2439,49,39,160,14,"0015",127,100,"final",50,0.9,0.8,"random",546,1,1
26,2439,49,39,160,14,"0015",127,100,"final",50,0.9,0.8,"random",553,2,1
26,2439,49,39,160,14,"0015",127,100,"final",50,0.9,0.8,"random",554,5,1
26,2439,49,39,160,14,"0015",127,100,"final",50,0.9,0.8,"random",556,1,1
26,2439,49,39,160,14,"0015",127,100,"final",50,0.9,0.8,"random",561,1,1
26,2439,49,39,160,14,"0015",127,100,"final",50,0.9,0.8,"random",574,1,1
26,2439,49,39,160,14,"0015",127,100,"final",50,0.9,0.8,"random",577,2,1
26,2439,49,39,160,14,"0015",127,100,"final",50,0.9,0.8,"random",582,1,1
26,2439,49,39,160,14,"0015",127,100,"final",50,0.9,0.8,"random",583,1,1
26,2439,49,39,160,14,"0015",127,100,"final",50,0.9,0.8,"random",587,4,1
27,927,19,27,67,1,"0015",127,100,"final",50,0.9,0.8,"random",765,1,1
27,927,19,27,67,1,"0015",127,100,"final",50,0.9,0.8,"random",808,2,1
28,1547,31,47,114,1,"0015",127,100,"final",50,0.9,0.8,"random",NA,NA,1
29,929,19,29,68,1,"0015",127,100,"final",50,0.9,0.8,"random",918,1,1
30,1142,23,42,74,12,"0015",127,100,"final",50,0.9,0.8,"random",704,1,1
30,1142,23,42,74,12,"0015",127,100,"final",50,0.9,0.8,"random",723,3,1
30,1142,23,42,74,12,"0015",127,100,"final",50,0.9,0.8,"random",744,2,1
30,1142,23,42,74,12,"0015",127,100,"final",50,0.9,0.8,"random",745,1,1
30,1142,23,42,74,12,"0015",127,100,"final",50,0.9,0.8,"random",764,4,1
30,1142,23,42,74,12,"0015",127,100,"final",50,0.9,0.8,"random",768,1,1
30,1142,23,42,74,12,"0015",127,100,"final",50,0.9,0.8,"random",783,2,1
30,1142,23,42,74,12,"0015",127,100,"final",50,0.9,0.8,"random",786,4,1
30,1142,23,42,74,12,"0015",127,100,"final",50,0.9,0.8,"random",796,2,1
30,1142,23,42,74,12,"0015",127,100,"final",50,0.9,0.8,"random",855,1,1
30,1142,23,42,74,12,"0015",127,100,"final",50,0.9,0.8,"random",862,2,1
30,1142,23,42,74,12,"0015",127,100,"final",50,0.9,0.8,"random",872,2,1
