sim_id,master_seed,grid_size,ac_amount,habitat,fragmentation,niche_breadth,edge_effect,dispersal,disp_dist,step,step_label,samp_method,sample_id,cell_id,x_loc,y_loc,patch_id,patch_size,species_id,n
82,421,50,0.7,1,NA,0.1,1,1,10,0,"start","random",1,594,12,44,1,2499,753,1
82,421,50,0.7,1,NA,0.1,1,1,10,0,"start","random",1,594,12,44,1,2499,821,1
82,421,50,0.7,1,NA,0.1,1,1,10,0,"start","random",1,594,12,44,1,2499,866,1
82,421,50,0.7,1,NA,0.1,1,1,10,0,"start","random",2,2064,42,14,1,2499,512,1
82,421,50,0.7,1,NA,0.1,1,1,10,0,"start","random",2,2064,42,14,1,2499,564,1
82,421,50,0.7,1,NA,0.1,1,1,10,0,"start","random",2,2064,42,14,1,2499,665,1
82,421,50,0.7,1,NA,0.1,1,1,10,0,"start","random",3,1582,32,32,1,2499,403,1
82,421,50,0.7,1,NA,0.1,1,1,10,0,"start","random",3,1582,32,32,1,2499,499,1
82,421,50,0.7,1,NA,0.1,1,1,10,0,"start","random",4,2081,42,31,1,2499,NA,NA
82,421,50,0.7,1,NA,0.1,1,1,10,0,"start","random",5,608,13,8,1,2499,156,1
82,421,50,0.7,1,NA,0.1,1,1,10,0,"start","random",5,608,13,8,1,2499,204,1
82,421,50,0.7,1,NA,0.1,1,1,10,0,"start","random",6,138,3,38,1,2499,848,1
82,421,50,0.7,1,NA,0.1,1,1,10,0,"start","random",6,138,3,38,1,2499,880,1
82,421,50,0.7,1,NA,0.1,1,1,10,0,"start","random",6,138,3,38,1,2499,939,1
82,421,50,0.7,1,NA,0.1,1,1,10,0,"start","random",6,138,3,38,1,2499,951,1
82,421,50,0.7,1,NA,0.1,1,1,10,0,"start","random",7,1706,35,6,1,2499,648,1
82,421,50,0.7,1,NA,0.1,1,1,10,0,"start","random",8,562,12,12,1,2499,NA,NA
82,421,50,0.7,1,NA,0.1,1,1,10,0,"start","random",9,2281,46,31,1,2499,739,1
82,421,50,0.7,1,NA,0.1,1,1,10,0,"start","random",9,2281,46,31,1,2499,788,1
82,421,50,0.7,1,NA,0.1,1,1,10,0,"start","random",9,2281,46,31,1,2499,805,1
82,421,50,0.7,1,NA,0.1,1,1,10,0,"start","random",9,2281,46,31,1,2499,822,1
82,421,50,0.7,1,NA,0.1,1,1,10,0,"start","random",10,110,3,10,1,2499,204,1
82,421,50,0.7,1,NA,0.1,1,1,10,0,"start","random",10,110,3,10,1,2499,251,1
82,421,50,0.7,1,NA,0.1,1,1,10,0,"start","random",11,120,3,20,1,2499,327,1
82,421,50,0.7,1,NA,0.1,1,1,10,0,"start","random",11,120,3,20,1,2499,495,1
82,421,50,0.7,1,NA,0.1,1,1,10,0,"start","random",12,1732,35,32,1,2499,460,1
82,421,50,0.7,1,NA,0.1,1,1,10,0,"start","random",12,1732,35,32,1,2499,474,1
82,421,50,0.7,1,NA,0.1,1,1,10,0,"start","random",13,388,8,38,1,2499,837,1
82,421,50,0.7,1,NA,0.1,1,1,10,0,"start","random",13,388,8,38,1,2499,961,1
82,421,50,0.7,1,NA,0.1,1,1,10,0,"start","random",14,2107,43,7,1,2499,NA,NA
82,421,50,0.7,1,NA,0.1,1,1,10,0,"start","random",15,1490,30,40,1,2499,NA,NA
82,421,50,0.7,1,NA,0.1,1,1,10,0,"start","random",16,2150,43,50,1,2499,477,1
82,421,50,0.7,1,NA,0.1,1,1,10,0,"start","random",16,2150,43,50,1,2499,527,1
82,421,50,0.7,1,NA,0.1,1,1,10,0,"start","random",17,1436,29,36,1,2499,NA,NA
82,421,50,0.7,1,NA,0.1,1,1,10,0,"start","random",18,1783,36,33,1,2499,330,1
82,421,50,0.7,1,NA,0.1,1,1,10,0,"start","random",18,1783,36,33,1,2499,355,1
82,421,50,0.7,1,NA,0.1,1,1,10,0,"start","random",19,217,5,17,1,2499,251,1
82,421,50,0.7,1,NA,0.1,1,1,10,0,"start","random",20,665,14,15,1,2499,7,1
82,421,50,0.7,1,NA,0.1,1,1,10,0,"start","random",20,665,14,15,1,2499,12,1
82,421,50,0.7,1,NA,0.1,1,1,10,0,"start","random",21,2235,45,35,1,2499,777,1
82,421,50,0.7,1,NA,0.1,1,1,10,0,"start","random",22,1389,28,39,1,2499,309,1
82,421,50,0.7,1,NA,0.1,1,1,10,0,"start","random",22,1389,28,39,1,2499,313,1
82,421,50,0.7,1,NA,0.1,1,1,10,0,"start","random",23,1812,37,12,1,2499,NA,NA
82,421,50,0.7,1,NA,0.1,1,1,10,0,"start","random",24,1157,24,7,1,2499,131,1
82,421,50,0.7,1,NA,0.1,1,1,10,0,"start","random",24,1157,24,7,1,2499,181,1
82,421,50,0.7,1,NA,0.1,1,1,10,0,"start","random",24,1157,24,7,1,2499,219,1
82,421,50,0.7,1,NA,0.1,1,1,10,0,"start","random",25,284,6,34,1,2499,904,1
82,421,50,0.7,1,NA,0.1,1,1,10,0,"start","random",25,284,6,34,1,2499,922,1
82,421,50,0.7,1,NA,0.1,1,1,10,0,"start","random",25,284,6,34,1,2499,968,1
82,421,50,0.7,1,NA,0.1,1,1,10,0,"start","random",25,284,6,34,1,2499,973,1
82,421,50,0.7,1,NA,0.1,1,1,10,0,"start","random",25,284,6,34,1,2499,999,1
82,421,50,0.7,1,NA,0.1,1,1,10,0,"start","random",25,284,6,34,1,2499,1000,1
82,421,50,0.7,1,NA,0.1,1,1,10,0,"start","random",26,1271,26,21,1,2499,378,1
82,421,50,0.7,1,NA,0.1,1,1,10,0,"start","random",26,1271,26,21,1,2499,409,1
82,421,50,0.7,1,NA,0.1,1,1,10,0,"start","random",26,1271,26,21,1,2499,452,1
82,421,50,0.7,1,NA,0.1,1,1,10,0,"start","random",27,1186,24,36,1,2499,309,1
82,421,50,0.7,1,NA,0.1,1,1,10,0,"start","random",27,1186,24,36,1,2499,327,1
82,421,50,0.7,1,NA,0.1,1,1,10,0,"start","random",27,1186,24,36,1,2499,346,1
82,421,50,0.7,1,NA,0.1,1,1,10,0,"start","random",28,1639,33,39,1,2499,254,1
82,421,50,0.7,1,NA,0.1,1,1,10,0,"start","random",28,1639,33,39,1,2499,267,1
82,421,50,0.7,1,NA,0.1,1,1,10,0,"start","random",28,1639,33,39,1,2499,278,1
82,421,50,0.7,1,NA,0.1,1,1,10,0,"start","random",29,475,10,25,1,2499,743,1
82,421,50,0.7,1,NA,0.1,1,1,10,0,"start","random",30,740,15,40,1,2499,664,1
82,421,50,0.7,1,NA,0.1,1,1,10,0,"start","random",30,740,15,40,1,2499,736,1
82,421,50,0.7,1,NA,0.1,1,1,10,40,"pre_fragmentation","random",1,1418,29,18,1,2499,431,1
82,421,50,0.7,1,NA,0.1,1,1,10,40,"pre_fragmentation","random",1,1418,29,18,1,2499,449,1
82,421,50,0.7,1,NA,0.1,1,1,10,40,"pre_fragmentation","random",1,1418,29,18,1,2499,478,1
82,421,50,0.7,1,NA,0.1,1,1,10,40,"pre_fragmentation","random",1,1418,29,18,1,2499,532,1
82,421,50,0.7,1,NA,0.1,1,1,10,40,"pre_fragmentation","random",1,1418,29,18,1,2499,534,1
82,421,50,0.7,1,NA,0.1,1,1,10,40,"pre_fragmentation","random",1,1418,29,18,1,2499,594,1
82,421,50,0.7,1,NA,0.1,1,1,10,40,"pre_fragmentation","random",1,1418,29,18,1,2499,689,1
82,421,50,0.7,1,NA,0.1,1,1,10,40,"pre_fragmentation","random",2,2042,41,42,1,2499,401,1
82,421,50,0.7,1,NA,0.1,1,1,10,40,"pre_fragmentation","random",2,2042,41,42,1,2499,558,1
82,421,50,0.7,1,NA,0.1,1,1,10,40,"pre_fragmentation","random",2,2042,41,42,1,2499,592,1
82,421,50,0.7,1,NA,0.1,1,1,10,40,"pre_fragmentation","random",2,2042,41,42,1,2499,594,1
82,421,50,0.7,1,NA,0.1,1,1,10,40,"pre_fragmentation","random",2,2042,41,42,1,2499,603,1
82,421,50,0.7,1,NA,0.1,1,1,10,40,"pre_fragmentation","random",2,2042,41,42,1,2499,610,1
82,421,50,0.7,1,NA,0.1,1,1,10,40,"pre_fragmentation","random",2,2042,41,42,1,2499,615,2
82,421,50,0.7,1,NA,0.1,1,1,10,40,"pre_fragmentation","random",2,2042,41,42,1,2499,617,1
82,421,50,0.7,1,NA,0.1,1,1,10,40,"pre_fragmentation","random",2,2042,41,42,1,2499,619,1
82,421,50,0.7,1,NA,0.1,1,1,10,40,"pre_fragmentation","random",2,2042,41,42,1,2499,648,1
82,421,50,0.7,1,NA,0.1,1,1,10,40,"pre_fragmentation","random",2,2042,41,42,1,2499,666,1
82,421,50,0.7,1,NA,0.1,1,1,10,40,"pre_fragmentation","random",2,2042,41,42,1,2499,670,1
82,421,50,0.7,1,NA,0.1,1,1,10,40,"pre_fragmentation","random",2,2042,41,42,1,2499,680,1
82,421,50,0.7,1,NA,0.1,1,1,10,40,"pre_fragmentation","random",2,2042,41,42,1,2499,683,1
82,421,50,0.7,1,NA,0.1,1,1,10,40,"pre_fragmentation","random",2,2042,41,42,1,2499,684,1
82,421,50,0.7,1,NA,0.1,1,1,10,40,"pre_fragmentation","random",2,2042,41,42,1,2499,688,1
82,421,50,0.7,1,NA,0.1,1,1,10,40,"pre_fragmentation","random",2,2042,41,42,1,2499,779,1
82,421,50,0.7,1,NA,0.1,1,1,10,40,"pre_fragmentation","random",3,600,12,50,1,2499,321,1
82,421,50,0.7,1,NA,0.1,1,1,10,40,"pre_fragmentation","random",3,600,12,50,1,2499,387,1
82,421,50,0.7,1,NA,0.1,1,1,10,40,"pre_fragmentation","random",3,600,12,50,1,2499,466,1
82,421,50,0.7,1,NA,0.1,1,1,10,40,"pre_fragmentation","random",3,600,12,50,1,2499,500,1
82,421,50,0.7,1,NA,0.1,1,1,10,40,"pre_fragmentation","random",3,600,12,50,1,2499,526,2
82,421,50,0.7,1,NA,0.1,1,1,10,40,"pre_fragmentation","random",3,600,12,50,1,2499,587,1
82,421,50,0.7,1,NA,0.1,1,1,10,40,"pre_fragmentation","random",3,600,12,50,1,2499,591,1
82,421,50,0.7,1,NA,0.1,1,1,10,40,"pre_fragmentation","random",3,600,12,50,1,2499,601,1
82,421,50,0.7,1,NA,0.1,1,1,10,40,"pre_fragmentation","random",3,600,12,50,1,2499,606,1
82,421,50,0.7,1,NA,0.1,1,1,10,40,"pre_fragmentation","random",3,600,12,50,1,2499,646,1
82,421,50,0.7,1,NA,0.1,1,1,10,40,"pre_fragmentation","random",3,600,12,50,1,2499,650,1
82,421,50,0.7,1,NA,0.1,1,1,10,40,"pre_fragmentation","random",3,600,12,50,1,2499,691,1
82,421,50,0.7,1,NA,0.1,1,1,10,40,"pre_fragmentation","random",4,1610,33,10,1,2499,535,1
82,421,50,0.7,1,NA,0.1,1,1,10,40,"pre_fragmentation","random",4,1610,33,10,1,2499,537,1
82,421,50,0.7,1,NA,0.1,1,1,10,40,"pre_fragmentation","random",4,1610,33,10,1,2499,594,1
82,421,50,0.7,1,NA,0.1,1,1,10,40,"pre_fragmentation","random",4,1610,33,10,1,2499,602,1
82,421,50,0.7,1,NA,0.1,1,1,10,40,"pre_fragmentation","random",4,1610,33,10,1,2499,641,1
82,421,50,0.7,1,NA,0.1,1,1,10,40,"pre_fragmentation","random",4,1610,33,10,1,2499,642,2
82,421,50,0.7,1,NA,0.1,1,1,10,40,"pre_fragmentation","random",4,1610,33,10,1,2499,650,1
82,421,50,0.7,1,NA,0.1,1,1,10,40,"pre_fragmentation","random",4,1610,33,10,1,2499,657,1
82,421,50,0.7,1,NA,0.1,1,1,10,40,"pre_fragmentation","random",4,1610,33,10,1,2499,661,1
82,421,50,0.7,1,NA,0.1,1,1,10,40,"pre_fragmentation","random",4,1610,33,10,1,2499,788,1
82,421,50,0.7,1,NA,0.1,1,1,10,40,"pre_fragmentation","random",5,1460,30,10,1,2499,113,1
82,421,50,0.7,1,NA,0.1,1,1,10,40,"pre_fragmentation","random",5,1460,30,10,1,2499,404,1
82,421,50,0.7,1,NA,0.1,1,1,10,40,"pre_fragmentation","random",5,1460,30,10,1,2499,420,1
82,421,50,0.7,1,NA,0.1,1,1,10,40,"pre_fragmentation","random",5,1460,30,10,1,2499,464,1
82,421,50,0.7,1,NA,0.1,1,1,10,40,"pre_fragmentation","random",5,1460,30,10,1,2499,497,2
82,421,50,0.7,1,NA,0.1,1,1,10,40,"pre_fragmentation","random",5,1460,30,10,1,2499,520,1
82,421,50,0.7,1,NA,0.1,1,1,10,40,"pre_fragmentation","random",5,1460,30,10,1,2499,530,1
82,421,50,0.7,1,NA,0.1,1,1,10,40,"pre_fragmentation","random",5,1460,30,10,1,2499,531,1
82,421,50,0.7,1,NA,0.1,1,1,10,40,"pre_fragmentation","random",5,1460,30,10,1,2499,549,1
82,421,50,0.7,1,NA,0.1,1,1,10,40,"pre_fragmentation","random",6,1281,26,31,1,2499,185,1
82,421,50,0.7,1,NA,0.1,1,1,10,40,"pre_fragmentation","random",6,1281,26,31,1,2499,187,1
82,421,50,0.7,1,NA,0.1,1,1,10,40,"pre_fragmentation","random",6,1281,26,31,1,2499,200,1
82,421,50,0.7,1,NA,0.1,1,1,10,40,"pre_fragmentation","random",6,1281,26,31,1,2499,204,1
82,421,50,0.7,1,NA,0.1,1,1,10,40,"pre_fragmentation","random",6,1281,26,31,1,2499,210,1
82,421,50,0.7,1,NA,0.1,1,1,10,40,"pre_fragmentation","random",6,1281,26,31,1,2499,227,1
82,421,50,0.7,1,NA,0.1,1,1,10,40,"pre_fragmentation","random",6,1281,26,31,1,2499,246,1
82,421,50,0.7,1,NA,0.1,1,1,10,40,"pre_fragmentation","random",6,1281,26,31,1,2499,248,1
82,421,50,0.7,1,NA,0.1,1,1,10,40,"pre_fragmentation","random",6,1281,26,31,1,2499,292,1
82,421,50,0.7,1,NA,0.1,1,1,10,40,"pre_fragmentation","random",6,1281,26,31,1,2499,295,1
82,421,50,0.7,1,NA,0.1,1,1,10,40,"pre_fragmentation","random",6,1281,26,31,1,2499,296,1
82,421,50,0.7,1,NA,0.1,1,1,10,40,"pre_fragmentation","random",6,1281,26,31,1,2499,298,1
82,421,50,0.7,1,NA,0.1,1,1,10,40,"pre_fragmentation","random",6,1281,26,31,1,2499,313,1
82,421,50,0.7,1,NA,0.1,1,1,10,40,"pre_fragmentation","random",6,1281,26,31,1,2499,331,1
82,421,50,0.7,1,NA,0.1,1,1,10,40,"pre_fragmentation","random",6,1281,26,31,1,2499,332,1
82,421,50,0.7,1,NA,0.1,1,1,10,40,"pre_fragmentation","random",6,1281,26,31,1,2499,354,1
82,421,50,0.7,1,NA,0.1,1,1,10,40,"pre_fragmentation","random",6,1281,26,31,1,2499,367,1
82,421,50,0.7,1,NA,0.1,1,1,10,40,"pre_fragmentation","random",7,574,12,24,1,2499,464,1
82,421,50,0.7,1,NA,0.1,1,1,10,40,"pre_fragmentation","random",7,574,12,24,1,2499,592,1
82,421,50,0.7,1,NA,0.1,1,1,10,40,"pre_fragmentation","random",7,574,12,24,1,2499,619,1
82,421,50,0.7,1,NA,0.1,1,1,10,40,"pre_fragmentation","random",7,574,12,24,1,2499,630,1
82,421,50,0.7,1,NA,0.1,1,1,10,40,"pre_fragmentation","random",7,574,12,24,1,2499,648,1
82,421,50,0.7,1,NA,0.1,1,1,10,40,"pre_fragmentation","random",7,574,12,24,1,2499,669,1
82,421,50,0.7,1,NA,0.1,1,1,10,40,"pre_fragmentation","random",7,574,12,24,1,2499,710,1
82,421,50,0.7,1,NA,0.1,1,1,10,40,"pre_fragmentation","random",7,574,12,24,1,2499,723,1
82,421,50,0.7,1,NA,0.1,1,1,10,40,"pre_fragmentation","random",7,574,12,24,1,2499,727,1
82,421,50,0.7,1,NA,0.1,1,1,10,40,"pre_fragmentation","random",7,574,12,24,1,2499,732,1
82,421,50,0.7,1,NA,0.1,1,1,10,40,"pre_fragmentation","random",7,574,12,24,1,2499,760,1
82,421,50,0.7,1,NA,0.1,1,1,10,40,"pre_fragmentation","random",8,1092,22,42,1,2499,258,1
82,421,50,0.7,1,NA,0.1,1,1,10,40,"pre_fragmentation","random",8,1092,22,42,1,2499,285,1
82,421,50,0.7,1,NA,0.1,1,1,10,40,"pre_fragmentation","random",8,1092,22,42,1,2499,298,1
82,421,50,0.7,1,NA,0.1,1,1,10,40,"pre_fragmentation","random",8,1092,22,42,1,2499,326,1
82,421,50,0.7,1,NA,0.1,1,1,10,40,"pre_fragmentation","random",8,1092,22,42,1,2499,332,1
82,421,50,0.7,1,NA,0.1,1,1,10,40,"pre_fragmentation","random",8,1092,22,42,1,2499,339,2
82,421,50,0.7,1,NA,0.1,1,1,10,40,"pre_fragmentation","random",8,1092,22,42,1,2499,353,1
82,421,50,0.7,1,NA,0.1,1,1,10,40,"pre_fragmentation","random",8,1092,22,42,1,2499,355,1
82,421,50,0.7,1,NA,0.1,1,1,10,40,"pre_fragmentation","random",8,1092,22,42,1,2499,357,1
82,421,50,0.7,1,NA,0.1,1,1,10,40,"pre_fragmentation","random",8,1092,22,42,1,2499,362,2
82,421,50,0.7,1,NA,0.1,1,1,10,40,"pre_fragmentation","random",8,1092,22,42,1,2499,375,1
82,421,50,0.7,1,NA,0.1,1,1,10,40,"pre_fragmentation","random",8,1092,22,42,1,2499,410,1
82,421,50,0.7,1,NA,0.1,1,1,10,40,"pre_fragmentation","random",8,1092,22,42,1,2499,517,1
82,421,50,0.7,1,NA,0.1,1,1,10,40,"pre_fragmentation","random",9,629,13,29,1,2499,610,1
82,421,50,0.7,1,NA,0.1,1,1,10,40,"pre_fragmentation","random",9,629,13,29,1,2499,642,1
82,421,50,0.7,1,NA,0.1,1,1,10,40,"pre_fragmentation","random",9,629,13,29,1,2499,707,1
82,421,50,0.7,1,NA,0.1,1,1,10,40,"pre_fragmentation","random",9,629,13,29,1,2499,725,1
82,421,50,0.7,1,NA,0.1,1,1,10,40,"pre_fragmentation","random",9,629,13,29,1,2499,733,1
82,421,50,0.7,1,NA,0.1,1,1,10,40,"pre_fragmentation","random",9,629,13,29,1,2499,890,1
82,421,50,0.7,1,NA,0.1,1,1,10,40,"pre_fragmentation","random",10,107,3,7,1,2499,229,1
82,421,50,0.7,1,NA,0.1,1,1,10,40,"pre_fragmentation","random",10,107,3,7,1,2499,258,1
82,421,50,0.7,1,NA,0.1,1,1,10,40,"pre_fragmentation","random",10,107,3,7,1,2499,274,1
82,421,50,0.7,1,NA,0.1,1,1,10,40,"pre_fragmentation","random",10,107,3,7,1,2499,278,1
82,421,50,0.7,1,NA,0.1,1,1,10,40,"pre_fragmentation","random",10,107,3,7,1,2499,299,1
82,421,50,0.7,1,NA,0.1,1,1,10,40,"pre_fragmentation","random",10,107,3,7,1,2499,324,1
82,421,50,0.7,1,NA,0.1,1,1,10,40,"pre_fragmentation","random",10,107,3,7,1,2499,331,2
82,421,50,0.7,1,NA,0.1,1,1,10,40,"pre_fragmentation","random",10,107,3,7,1,2499,332,2
82,421,50,0.7,1,NA,0.1,1,1,10,40,"pre_fragmentation","random",10,107,3,7,1,2499,338,1
82,421,50,0.7,1,NA,0.1,1,1,10,40,"pre_fragmentation","random",10,107,3,7,1,2499,360,1
82,421,50,0.7,1,NA,0.1,1,1,10,40,"pre_fragmentation","random",10,107,3,7,1,2499,375,1
82,421,50,0.7,1,NA,0.1,1,1,10,40,"pre_fragmentation","random",10,107,3,7,1,2499,453,1
82,421,50,0.7,1,NA,0.1,1,1,10,40,"pre_fragmentation","random",10,107,3,7,1,2499,478,1
82,421,50,0.7,1,NA,0.1,1,1,10,40,"pre_fragmentation","random",10,107,3,7,1,2499,537,1
82,421,50,0.7,1,NA,0.1,1,1,10,40,"pre_fragmentation","random",11,1242,25,42,1,2499,149,1
82,421,50,0.7,1,NA,0.1,1,1,10,40,"pre_fragmentation","random",11,1242,25,42,1,2499,175,1
82,421,50,0.7,1,NA,0.1,1,1,10,40,"pre_fragmentation","random",11,1242,25,42,1,2499,185,1
82,421,50,0.7,1,NA,0.1,1,1,10,40,"pre_fragmentation","random",11,1242,25,42,1,2499,274,1
82,421,50,0.7,1,NA,0.1,1,1,10,40,"pre_fragmentation","random",11,1242,25,42,1,2499,280,1
82,421,50,0.7,1,NA,0.1,1,1,10,40,"pre_fragmentation","random",11,1242,25,42,1,2499,293,1
82,421,50,0.7,1,NA,0.1,1,1,10,40,"pre_fragmentation","random",11,1242,25,42,1,2499,295,1
82,421,50,0.7,1,NA,0.1,1,1,10,40,"pre_fragmentation","random",11,1242,25,42,1,2499,298,3
82,421,50,0.7,1,NA,0.1,1,1,10,40,"pre_fragmentation","random",11,1242,25,42,1,2499,303,1
82,421,50,0.7,1,NA,0.1,1,1,10,40,"pre_fragmentation","random",11,1242,25,42,1,2499,331,2
82,421,50,0.7,1,NA,0.1,1,1,10,40,"pre_fragmentation","random",11,1242,25,42,1,2499,332,1
82,421,50,0.7,1,NA,0.1,1,1,10,40,"pre_fragmentation","random",11,1242,25,42,1,2499,340,1
82,421,50,0.7,1,NA,0.1,1,1,10,40,"pre_fragmentation","random",11,1242,25,42,1,2499,349,1
82,421,50,0.7,1,NA,0.1,1,1,10,40,"pre_fragmentation","random",11,1242,25,42,1,2499,369,2
82,421,50,0.7,1,NA,0.1,1,1,10,40,"pre_fragmentation","random",11,1242,25,42,1,2499,370,1
82,421,50,0.7,1,NA,0.1,1,1,10,40,"pre_fragmentation","random",11,1242,25,42,1,2499,395,1
82,421,50,0.7,1,NA,0.1,1,1,10,40,"pre_fragmentation","random",12,1187,24,37,1,2499,269,1
82,421,50,0.7,1,NA,0.1,1,1,10,40,"pre_fragmentation","random",12,1187,24,37,1,2499,307,1
82,421,50,0.7,1,NA,0.1,1,1,10,40,"pre_fragmentation","random",12,1187,24,37,1,2499,329,1
82,421,50,0.7,1,NA,0.1,1,1,10,40,"pre_fragmentation","random",12,1187,24,37,1,2499,346,1
82,421,50,0.7,1,NA,0.1,1,1,10,40,"pre_fragmentation","random",12,1187,24,37,1,2499,361,1
82,421,50,0.7,1,NA,0.1,1,1,10,40,"pre_fragmentation","random",12,1187,24,37,1,2499,362,1
82,421,50,0.7,1,NA,0.1,1,1,10,40,"pre_fragmentation","random",12,1187,24,37,1,2499,371,1
82,421,50,0.7,1,NA,0.1,1,1,10,40,"pre_fragmentation","random",12,1187,24,37,1,2499,377,1
82,421,50,0.7,1,NA,0.1,1,1,10,40,"pre_fragmentation","random",12,1187,24,37,1,2499,390,1
82,421,50,0.7,1,NA,0.1,1,1,10,40,"pre_fragmentation","random",12,1187,24,37,1,2499,391,1
82,421,50,0.7,1,NA,0.1,1,1,10,40,"pre_fragmentation","random",12,1187,24,37,1,2499,413,1
82,421,50,0.7,1,NA,0.1,1,1,10,40,"pre_fragmentation","random",12,1187,24,37,1,2499,416,2
82,421,50,0.7,1,NA,0.1,1,1,10,40,"pre_fragmentation","random",12,1187,24,37,1,2499,424,1
82,421,50,0.7,1,NA,0.1,1,1,10,40,"pre_fragmentation","random",13,1471,30,21,1,2499,217,1
82,421,50,0.7,1,NA,0.1,1,1,10,40,"pre_fragmentation","random",13,1471,30,21,1,2499,346,1
82,421,50,0.7,1,NA,0.1,1,1,10,40,"pre_fragmentation","random",13,1471,30,21,1,2499,414,1
82,421,50,0.7,1,NA,0.1,1,1,10,40,"pre_fragmentation","random",13,1471,30,21,1,2499,424,1
82,421,50,0.7,1,NA,0.1,1,1,10,40,"pre_fragmentation","random",13,1471,30,21,1,2499,464,1
82,421,50,0.7,1,NA,0.1,1,1,10,40,"pre_fragmentation","random",13,1471,30,21,1,2499,465,1
82,421,50,0.7,1,NA,0.1,1,1,10,40,"pre_fragmentation","random",13,1471,30,21,1,2499,478,1
82,421,50,0.7,1,NA,0.1,1,1,10,40,"pre_fragmentation","random",13,1471,30,21,1,2499,573,1
82,421,50,0.7,1,NA,0.1,1,1,10,40,"pre_fragmentation","random",13,1471,30,21,1,2499,578,1
82,421,50,0.7,1,NA,0.1,1,1,10,40,"pre_fragmentation","random",13,1471,30,21,1,2499,583,2
82,421,50,0.7,1,NA,0.1,1,1,10,40,"pre_fragmentation","random",13,1471,30,21,1,2499,629,1
82,421,50,0.7,1,NA,0.1,1,1,10,40,"pre_fragmentation","random",13,1471,30,21,1,2499,636,1
82,421,50,0.7,1,NA,0.1,1,1,10,40,"pre_fragmentation","random",13,1471,30,21,1,2499,657,1
82,421,50,0.7,1,NA,0.1,1,1,10,40,"pre_fragmentation","random",14,436,9,36,1,2499,698,1
82,421,50,0.7,1,NA,0.1,1,1,10,40,"pre_fragmentation","random",14,436,9,36,1,2499,764,1
82,421,50,0.7,1,NA,0.1,1,1,10,40,"pre_fragmentation","random",14,436,9,36,1,2499,826,1
82,421,50,0.7,1,NA,0.1,1,1,10,40,"pre_fragmentation","random",14,436,9,36,1,2499,854,1
82,421,50,0.7,1,NA,0.1,1,1,10,40,"pre_fragmentation","random",14,436,9,36,1,2499,922,2
82,421,50,0.7,1,NA,0.1,1,1,10,40,"pre_fragmentation","random",14,436,9,36,1,2499,999,1
82,421,50,0.7,1,NA,0.1,1,1,10,40,"pre_fragmentation","random",15,85,2,35,1,2499,619,1
82,421,50,0.7,1,NA,0.1,1,1,10,40,"pre_fragmentation","random",15,85,2,35,1,2499,682,1
82,421,50,0.7,1,NA,0.1,1,1,10,40,"pre_fragmentation","random",15,85,2,35,1,2499,732,1
82,421,50,0.7,1,NA,0.1,1,1,10,40,"pre_fragmentation","random",15,85,2,35,1,2499,779,1
82,421,50,0.7,1,NA,0.1,1,1,10,40,"pre_fragmentation","random",15,85,2,35,1,2499,813,1
82,421,50,0.7,1,NA,0.1,1,1,10,40,"pre_fragmentation","random",15,85,2,35,1,2499,819,1
82,421,50,0.7,1,NA,0.1,1,1,10,40,"pre_fragmentation","random",15,85,2,35,1,2499,832,1
82,421,50,0.7,1,NA,0.1,1,1,10,40,"pre_fragmentation","random",15,85,2,35,1,2499,880,1
82,421,50,0.7,1,NA,0.1,1,1,10,40,"pre_fragmentation","random",15,85,2,35,1,2499,884,1
82,421,50,0.7,1,NA,0.1,1,1,10,40,"pre_fragmentation","random",15,85,2,35,1,2499,885,1
82,421,50,0.7,1,NA,0.1,1,1,10,40,"pre_fragmentation","random",15,85,2,35,1,2499,892,1
82,421,50,0.7,1,NA,0.1,1,1,10,40,"pre_fragmentation","random",15,85,2,35,1,2499,898,1
82,421,50,0.7,1,NA,0.1,1,1,10,40,"pre_fragmentation","random",16,2187,44,37,1,2499,612,1
82,421,50,0.7,1,NA,0.1,1,1,10,40,"pre_fragmentation","random",16,2187,44,37,1,2499,637,1
82,421,50,0.7,1,NA,0.1,1,1,10,40,"pre_fragmentation","random",16,2187,44,37,1,2499,642,1
82,421,50,0.7,1,NA,0.1,1,1,10,40,"pre_fragmentation","random",16,2187,44,37,1,2499,650,1
82,421,50,0.7,1,NA,0.1,1,1,10,40,"pre_fragmentation","random",16,2187,44,37,1,2499,664,1
82,421,50,0.7,1,NA,0.1,1,1,10,40,"pre_fragmentation","random",16,2187,44,37,1,2499,680,1
82,421,50,0.7,1,NA,0.1,1,1,10,40,"pre_fragmentation","random",16,2187,44,37,1,2499,688,1
82,421,50,0.7,1,NA,0.1,1,1,10,40,"pre_fragmentation","random",16,2187,44,37,1,2499,697,1
82,421,50,0.7,1,NA,0.1,1,1,10,40,"pre_fragmentation","random",16,2187,44,37,1,2499,710,1
82,421,50,0.7,1,NA,0.1,1,1,10,40,"pre_fragmentation","random",16,2187,44,37,1,2499,711,1
82,421,50,0.7,1,NA,0.1,1,1,10,40,"pre_fragmentation","random",16,2187,44,37,1,2499,723,1
82,421,50,0.7,1,NA,0.1,1,1,10,40,"pre_fragmentation","random",16,2187,44,37,1,2499,726,1
82,421,50,0.7,1,NA,0.1,1,1,10,40,"pre_fragmentation","random",16,2187,44,37,1,2499,733,1
82,421,50,0.7,1,NA,0.1,1,1,10,40,"pre_fragmentation","random",16,2187,44,37,1,2499,739,1
82,421,50,0.7,1,NA,0.1,1,1,10,40,"pre_fragmentation","random",16,2187,44,37,1,2499,744,1
82,421,50,0.7,1,NA,0.1,1,1,10,40,"pre_fragmentation","random",16,2187,44,37,1,2499,754,1
82,421,50,0.7,1,NA,0.1,1,1,10,40,"pre_fragmentation","random",16,2187,44,37,1,2499,762,1
82,421,50,0.7,1,NA,0.1,1,1,10,40,"pre_fragmentation","random",16,2187,44,37,1,2499,770,1
82,421,50,0.7,1,NA,0.1,1,1,10,40,"pre_fragmentation","random",16,2187,44,37,1,2499,786,1
82,421,50,0.7,1,NA,0.1,1,1,10,40,"pre_fragmentation","random",16,2187,44,37,1,2499,793,1
82,421,50,0.7,1,NA,0.1,1,1,10,40,"pre_fragmentation","random",16,2187,44,37,1,2499,824,1
82,421,50,0.7,1,NA,0.1,1,1,10,40,"pre_fragmentation","random",17,1089,22,39,1,2499,332,1
82,421,50,0.7,1,NA,0.1,1,1,10,40,"pre_fragmentation","random",17,1089,22,39,1,2499,362,1
82,421,50,0.7,1,NA,0.1,1,1,10,40,"pre_fragmentation","random",17,1089,22,39,1,2499,416,2
82,421,50,0.7,1,NA,0.1,1,1,10,40,"pre_fragmentation","random",17,1089,22,39,1,2499,429,1
82,421,50,0.7,1,NA,0.1,1,1,10,40,"pre_fragmentation","random",17,1089,22,39,1,2499,465,1
82,421,50,0.7,1,NA,0.1,1,1,10,40,"pre_fragmentation","random",17,1089,22,39,1,2499,525,1
82,421,50,0.7,1,NA,0.1,1,1,10,40,"pre_fragmentation","random",17,1089,22,39,1,2499,552,1
82,421,50,0.7,1,NA,0.1,1,1,10,40,"pre_fragmentation","random",17,1089,22,39,1,2499,573,1
82,421,50,0.7,1,NA,0.1,1,1,10,40,"pre_fragmentation","random",17,1089,22,39,1,2499,589,1
82,421,50,0.7,1,NA,0.1,1,1,10,40,"pre_fragmentation","random",17,1089,22,39,1,2499,594,1
82,421,50,0.7,1,NA,0.1,1,1,10,40,"pre_fragmentation","random",17,1089,22,39,1,2499,664,1
82,421,50,0.7,1,NA,0.1,1,1,10,40,"pre_fragmentation","random",17,1089,22,39,1,2499,723,1
82,421,50,0.7,1,NA,0.1,1,1,10,40,"pre_fragmentation","random",18,2238,45,38,1,2499,535,1
82,421,50,0.7,1,NA,0.1,1,1,10,40,"pre_fragmentation","random",18,2238,45,38,1,2499,580,1
82,421,50,0.7,1,NA,0.1,1,1,10,40,"pre_fragmentation","random",18,2238,45,38,1,2499,590,1
82,421,50,0.7,1,NA,0.1,1,1,10,40,"pre_fragmentation","random",18,2238,45,38,1,2499,591,2
82,421,50,0.7,1,NA,0.1,1,1,10,40,"pre_fragmentation","random",18,2238,45,38,1,2499,596,1
82,421,50,0.7,1,NA,0.1,1,1,10,40,"pre_fragmentation","random",18,2238,45,38,1,2499,601,1
82,421,50,0.7,1,NA,0.1,1,1,10,40,"pre_fragmentation","random",18,2238,45,38,1,2499,616,1
82,421,50,0.7,1,NA,0.1,1,1,10,40,"pre_fragmentation","random",18,2238,45,38,1,2499,622,2
82,421,50,0.7,1,NA,0.1,1,1,10,40,"pre_fragmentation","random",18,2238,45,38,1,2499,629,1
82,421,50,0.7,1,NA,0.1,1,1,10,40,"pre_fragmentation","random",18,2238,45,38,1,2499,646,1
82,421,50,0.7,1,NA,0.1,1,1,10,40,"pre_fragmentation","random",18,2238,45,38,1,2499,657,1
82,421,50,0.7,1,NA,0.1,1,1,10,40,"pre_fragmentation","random",18,2238,45,38,1,2499,658,1
82,421,50,0.7,1,NA,0.1,1,1,10,40,"pre_fragmentation","random",18,2238,45,38,1,2499,661,1
82,421,50,0.7,1,NA,0.1,1,1,10,40,"pre_fragmentation","random",18,2238,45,38,1,2499,670,1
82,421,50,0.7,1,NA,0.1,1,1,10,40,"pre_fragmentation","random",18,2238,45,38,1,2499,676,1
82,421,50,0.7,1,NA,0.1,1,1,10,40,"pre_fragmentation","random",18,2238,45,38,1,2499,680,2
82,421,50,0.7,1,NA,0.1,1,1,10,40,"pre_fragmentation","random",18,2238,45,38,1,2499,688,1
82,421,50,0.7,1,NA,0.1,1,1,10,40,"pre_fragmentation","random",18,2238,45,38,1,2499,698,1
82,421,50,0.7,1,NA,0.1,1,1,10,40,"pre_fragmentation","random",18,2238,45,38,1,2499,700,1
82,421,50,0.7,1,NA,0.1,1,1,10,40,"pre_fragmentation","random",18,2238,45,38,1,2499,704,1
82,421,50,0.7,1,NA,0.1,1,1,10,40,"pre_fragmentation","random",18,2238,45,38,1,2499,711,1
82,421,50,0.7,1,NA,0.1,1,1,10,40,"pre_fragmentation","random",18,2238,45,38,1,2499,723,1
82,421,50,0.7,1,NA,0.1,1,1,10,40,"pre_fragmentation","random",18,2238,45,38,1,2499,726,1
82,421,50,0.7,1,NA,0.1,1,1,10,40,"pre_fragmentation","random",18,2238,45,38,1,2499,762,1
82,421,50,0.7,1,NA,0.1,1,1,10,40,"pre_fragmentation","random",18,2238,45,38,1,2499,776,1
82,421,50,0.7,1,NA,0.1,1,1,10,40,"pre_fragmentation","random",18,2238,45,38,1,2499,779,1
82,421,50,0.7,1,NA,0.1,1,1,10,40,"pre_fragmentation","random",19,954,20,4,1,2499,127,1
82,421,50,0.7,1,NA,0.1,1,1,10,40,"pre_fragmentation","random",19,954,20,4,1,2499,175,1
82,421,50,0.7,1,NA,0.1,1,1,10,40,"pre_fragmentation","random",19,954,20,4,1,2499,178,3
82,421,50,0.7,1,NA,0.1,1,1,10,40,"pre_fragmentation","random",19,954,20,4,1,2499,208,1
82,421,50,0.7,1,NA,0.1,1,1,10,40,"pre_fragmentation","random",19,954,20,4,1,2499,210,1
82,421,50,0.7,1,NA,0.1,1,1,10,40,"pre_fragmentation","random",19,954,20,4,1,2499,227,1
82,421,50,0.7,1,NA,0.1,1,1,10,40,"pre_fragmentation","random",19,954,20,4,1,2499,249,1
82,421,50,0.7,1,NA,0.1,1,1,10,40,"pre_fragmentation","random",19,954,20,4,1,2499,261,1
82,421,50,0.7,1,NA,0.1,1,1,10,40,"pre_fragmentation","random",19,954,20,4,1,2499,263,1
82,421,50,0.7,1,NA,0.1,1,1,10,40,"pre_fragmentation","random",19,954,20,4,1,2499,268,1
82,421,50,0.7,1,NA,0.1,1,1,10,40,"pre_fragmentation","random",19,954,20,4,1,2499,274,1
82,421,50,0.7,1,NA,0.1,1,1,10,40,"pre_fragmentation","random",19,954,20,4,1,2499,287,1
82,421,50,0.7,1,NA,0.1,1,1,10,40,"pre_fragmentation","random",19,954,20,4,1,2499,291,1
82,421,50,0.7,1,NA,0.1,1,1,10,40,"pre_fragmentation","random",19,954,20,4,1,2499,292,1
82,421,50,0.7,1,NA,0.1,1,1,10,40,"pre_fragmentation","random",19,954,20,4,1,2499,299,1
82,421,50,0.7,1,NA,0.1,1,1,10,40,"pre_fragmentation","random",19,954,20,4,1,2499,303,3
82,421,50,0.7,1,NA,0.1,1,1,10,40,"pre_fragmentation","random",19,954,20,4,1,2499,312,1
82,421,50,0.7,1,NA,0.1,1,1,10,40,"pre_fragmentation","random",19,954,20,4,1,2499,335,2
82,421,50,0.7,1,NA,0.1,1,1,10,40,"pre_fragmentation","random",19,954,20,4,1,2499,349,1
82,421,50,0.7,1,NA,0.1,1,1,10,40,"pre_fragmentation","random",19,954,20,4,1,2499,355,1
82,421,50,0.7,1,NA,0.1,1,1,10,40,"pre_fragmentation","random",19,954,20,4,1,2499,377,1
82,421,50,0.7,1,NA,0.1,1,1,10,40,"pre_fragmentation","random",19,954,20,4,1,2499,381,1
82,421,50,0.7,1,NA,0.1,1,1,10,40,"pre_fragmentation","random",19,954,20,4,1,2499,410,1
82,421,50,0.7,1,NA,0.1,1,1,10,40,"pre_fragmentation","random",20,334,7,34,1,2499,842,1
82,421,50,0.7,1,NA,0.1,1,1,10,40,"pre_fragmentation","random",20,334,7,34,1,2499,843,1
82,421,50,0.7,1,NA,0.1,1,1,10,40,"pre_fragmentation","random",20,334,7,34,1,2499,854,1
82,421,50,0.7,1,NA,0.1,1,1,10,40,"pre_fragmentation","random",20,334,7,34,1,2499,866,2
82,421,50,0.7,1,NA,0.1,1,1,10,40,"pre_fragmentation","random",20,334,7,34,1,2499,892,1
82,421,50,0.7,1,NA,0.1,1,1,10,40,"pre_fragmentation","random",20,334,7,34,1,2499,898,1
82,421,50,0.7,1,NA,0.1,1,1,10,40,"pre_fragmentation","random",20,334,7,34,1,2499,912,1
82,421,50,0.7,1,NA,0.1,1,1,10,40,"pre_fragmentation","random",20,334,7,34,1,2499,938,1
82,421,50,0.7,1,NA,0.1,1,1,10,40,"pre_fragmentation","random",20,334,7,34,1,2499,946,1
82,421,50,0.7,1,NA,0.1,1,1,10,40,"pre_fragmentation","random",21,1151,24,1,1,2499,117,1
82,421,50,0.7,1,NA,0.1,1,1,10,40,"pre_fragmentation","random",21,1151,24,1,1,2499,172,1
82,421,50,0.7,1,NA,0.1,1,1,10,40,"pre_fragmentation","random",21,1151,24,1,1,2499,178,1
82,421,50,0.7,1,NA,0.1,1,1,10,40,"pre_fragmentation","random",21,1151,24,1,1,2499,249,3
82,421,50,0.7,1,NA,0.1,1,1,10,40,"pre_fragmentation","random",21,1151,24,1,1,2499,261,1
82,421,50,0.7,1,NA,0.1,1,1,10,40,"pre_fragmentation","random",22,1577,32,27,1,2499,383,1
82,421,50,0.7,1,NA,0.1,1,1,10,40,"pre_fragmentation","random",22,1577,32,27,1,2499,387,1
82,421,50,0.7,1,NA,0.1,1,1,10,40,"pre_fragmentation","random",22,1577,32,27,1,2499,424,1
82,421,50,0.7,1,NA,0.1,1,1,10,40,"pre_fragmentation","random",22,1577,32,27,1,2499,476,1
82,421,50,0.7,1,NA,0.1,1,1,10,40,"pre_fragmentation","random",22,1577,32,27,1,2499,507,1
82,421,50,0.7,1,NA,0.1,1,1,10,40,"pre_fragmentation","random",22,1577,32,27,1,2499,510,1
82,421,50,0.7,1,NA,0.1,1,1,10,40,"pre_fragmentation","random",22,1577,32,27,1,2499,558,1
82,421,50,0.7,1,NA,0.1,1,1,10,40,"pre_fragmentation","random",22,1577,32,27,1,2499,579,1
82,421,50,0.7,1,NA,0.1,1,1,10,40,"pre_fragmentation","random",22,1577,32,27,1,2499,588,1
82,421,50,0.7,1,NA,0.1,1,1,10,40,"pre_fragmentation","random",22,1577,32,27,1,2499,594,1
82,421,50,0.7,1,NA,0.1,1,1,10,40,"pre_fragmentation","random",22,1577,32,27,1,2499,598,1
82,421,50,0.7,1,NA,0.1,1,1,10,40,"pre_fragmentation","random",22,1577,32,27,1,2499,608,1
82,421,50,0.7,1,NA,0.1,1,1,10,40,"pre_fragmentation","random",22,1577,32,27,1,2499,615,1
82,421,50,0.7,1,NA,0.1,1,1,10,40,"pre_fragmentation","random",22,1577,32,27,1,2499,644,2
82,421,50,0.7,1,NA,0.1,1,1,10,40,"pre_fragmentation","random",23,887,18,37,1,2499,534,1
82,421,50,0.7,1,NA,0.1,1,1,10,40,"pre_fragmentation","random",23,887,18,37,1,2499,619,1
82,421,50,0.7,1,NA,0.1,1,1,10,40,"pre_fragmentation","random",23,887,18,37,1,2499,664,1
82,421,50,0.7,1,NA,0.1,1,1,10,40,"pre_fragmentation","random",23,887,18,37,1,2499,682,1
82,421,50,0.7,1,NA,0.1,1,1,10,40,"pre_fragmentation","random",23,887,18,37,1,2499,715,1
82,421,50,0.7,1,NA,0.1,1,1,10,40,"pre_fragmentation","random",24,2038,41,38,1,2499,474,1
82,421,50,0.7,1,NA,0.1,1,1,10,40,"pre_fragmentation","random",24,2038,41,38,1,2499,512,1
82,421,50,0.7,1,NA,0.1,1,1,10,40,"pre_fragmentation","random",24,2038,41,38,1,2499,535,1
82,421,50,0.7,1,NA,0.1,1,1,10,40,"pre_fragmentation","random",24,2038,41,38,1,2499,539,1
82,421,50,0.7,1,NA,0.1,1,1,10,40,"pre_fragmentation","random",24,2038,41,38,1,2499,582,1
82,421,50,0.7,1,NA,0.1,1,1,10,40,"pre_fragmentation","random",24,2038,41,38,1,2499,591,4
82,421,50,0.7,1,NA,0.1,1,1,10,40,"pre_fragmentation","random",24,2038,41,38,1,2499,592,1
82,421,50,0.7,1,NA,0.1,1,1,10,40,"pre_fragmentation","random",24,2038,41,38,1,2499,594,1
82,421,50,0.7,1,NA,0.1,1,1,10,40,"pre_fragmentation","random",24,2038,41,38,1,2499,610,1
82,421,50,0.7,1,NA,0.1,1,1,10,40,"pre_fragmentation","random",24,2038,41,38,1,2499,621,1
82,421,50,0.7,1,NA,0.1,1,1,10,40,"pre_fragmentation","random",24,2038,41,38,1,2499,629,1
82,421,50,0.7,1,NA,0.1,1,1,10,40,"pre_fragmentation","random",24,2038,41,38,1,2499,630,1
82,421,50,0.7,1,NA,0.1,1,1,10,40,"pre_fragmentation","random",24,2038,41,38,1,2499,637,1
82,421,50,0.7,1,NA,0.1,1,1,10,40,"pre_fragmentation","random",24,2038,41,38,1,2499,662,1
82,421,50,0.7,1,NA,0.1,1,1,10,40,"pre_fragmentation","random",24,2038,41,38,1,2499,670,2
82,421,50,0.7,1,NA,0.1,1,1,10,40,"pre_fragmentation","random",24,2038,41,38,1,2499,683,1
82,421,50,0.7,1,NA,0.1,1,1,10,40,"pre_fragmentation","random",24,2038,41,38,1,2499,697,1
82,421,50,0.7,1,NA,0.1,1,1,10,40,"pre_fragmentation","random",24,2038,41,38,1,2499,704,1
82,421,50,0.7,1,NA,0.1,1,1,10,40,"pre_fragmentation","random",24,2038,41,38,1,2499,739,1
82,421,50,0.7,1,NA,0.1,1,1,10,40,"pre_fragmentation","random",25,1848,37,48,1,2499,284,1
82,421,50,0.7,1,NA,0.1,1,1,10,40,"pre_fragmentation","random",25,1848,37,48,1,2499,290,1
82,421,50,0.7,1,NA,0.1,1,1,10,40,"pre_fragmentation","random",25,1848,37,48,1,2499,319,1
82,421,50,0.7,1,NA,0.1,1,1,10,40,"pre_fragmentation","random",25,1848,37,48,1,2499,328,1
82,421,50,0.7,1,NA,0.1,1,1,10,40,"pre_fragmentation","random",25,1848,37,48,1,2499,337,1
82,421,50,0.7,1,NA,0.1,1,1,10,40,"pre_fragmentation","random",25,1848,37,48,1,2499,362,3
82,421,50,0.7,1,NA,0.1,1,1,10,40,"pre_fragmentation","random",25,1848,37,48,1,2499,371,1
82,421,50,0.7,1,NA,0.1,1,1,10,40,"pre_fragmentation","random",25,1848,37,48,1,2499,377,1
82,421,50,0.7,1,NA,0.1,1,1,10,40,"pre_fragmentation","random",25,1848,37,48,1,2499,380,1
82,421,50,0.7,1,NA,0.1,1,1,10,40,"pre_fragmentation","random",25,1848,37,48,1,2499,382,1
82,421,50,0.7,1,NA,0.1,1,1,10,40,"pre_fragmentation","random",25,1848,37,48,1,2499,386,1
82,421,50,0.7,1,NA,0.1,1,1,10,40,"pre_fragmentation","random",25,1848,37,48,1,2499,390,2
82,421,50,0.7,1,NA,0.1,1,1,10,40,"pre_fragmentation","random",25,1848,37,48,1,2499,392,1
82,421,50,0.7,1,NA,0.1,1,1,10,40,"pre_fragmentation","random",25,1848,37,48,1,2499,396,1
82,421,50,0.7,1,NA,0.1,1,1,10,40,"pre_fragmentation","random",25,1848,37,48,1,2499,418,1
82,421,50,0.7,1,NA,0.1,1,1,10,40,"pre_fragmentation","random",25,1848,37,48,1,2499,464,1
82,421,50,0.7,1,NA,0.1,1,1,10,40,"pre_fragmentation","random",25,1848,37,48,1,2499,530,1
82,421,50,0.7,1,NA,0.1,1,1,10,40,"pre_fragmentation","random",25,1848,37,48,1,2499,534,1
82,421,50,0.7,1,NA,0.1,1,1,10,40,"pre_fragmentation","random",25,1848,37,48,1,2499,537,1
82,421,50,0.7,1,NA,0.1,1,1,10,40,"pre_fragmentation","random",25,1848,37,48,1,2499,548,1
82,421,50,0.7,1,NA,0.1,1,1,10,40,"pre_fragmentation","random",25,1848,37,48,1,2499,560,1
82,421,50,0.7,1,NA,0.1,1,1,10,40,"pre_fragmentation","random",25,1848,37,48,1,2499,593,1
82,421,50,0.7,1,NA,0.1,1,1,10,40,"pre_fragmentation","random",25,1848,37,48,1,2499,617,1
82,421,50,0.7,1,NA,0.1,1,1,10,40,"pre_fragmentation","random",26,485,10,35,1,2499,687,1
82,421,50,0.7,1,NA,0.1,1,1,10,40,"pre_fragmentation","random",26,485,10,35,1,2499,715,1
82,421,50,0.7,1,NA,0.1,1,1,10,40,"pre_fragmentation","random",26,485,10,35,1,2499,791,1
82,421,50,0.7,1,NA,0.1,1,1,10,40,"pre_fragmentation","random",26,485,10,35,1,2499,798,1
82,421,50,0.7,1,NA,0.1,1,1,10,40,"pre_fragmentation","random",26,485,10,35,1,2499,876,1
82,421,50,0.7,1,NA,0.1,1,1,10,40,"pre_fragmentation","random",26,485,10,35,1,2499,881,1
82,421,50,0.7,1,NA,0.1,1,1,10,40,"pre_fragmentation","random",26,485,10,35,1,2499,899,2
82,421,50,0.7,1,NA,0.1,1,1,10,40,"pre_fragmentation","random",26,485,10,35,1,2499,963,1
82,421,50,0.7,1,NA,0.1,1,1,10,40,"pre_fragmentation","random",27,1854,38,4,1,2499,261,1
82,421,50,0.7,1,NA,0.1,1,1,10,40,"pre_fragmentation","random",27,1854,38,4,1,2499,285,1
82,421,50,0.7,1,NA,0.1,1,1,10,40,"pre_fragmentation","random",27,1854,38,4,1,2499,355,1
82,421,50,0.7,1,NA,0.1,1,1,10,40,"pre_fragmentation","random",27,1854,38,4,1,2499,390,1
82,421,50,0.7,1,NA,0.1,1,1,10,40,"pre_fragmentation","random",27,1854,38,4,1,2499,404,1
82,421,50,0.7,1,NA,0.1,1,1,10,40,"pre_fragmentation","random",27,1854,38,4,1,2499,415,1
82,421,50,0.7,1,NA,0.1,1,1,10,40,"pre_fragmentation","random",27,1854,38,4,1,2499,432,1
82,421,50,0.7,1,NA,0.1,1,1,10,40,"pre_fragmentation","random",27,1854,38,4,1,2499,457,2
82,421,50,0.7,1,NA,0.1,1,1,10,40,"pre_fragmentation","random",27,1854,38,4,1,2499,478,1
82,421,50,0.7,1,NA,0.1,1,1,10,40,"pre_fragmentation","random",27,1854,38,4,1,2499,557,1
82,421,50,0.7,1,NA,0.1,1,1,10,40,"pre_fragmentation","random",27,1854,38,4,1,2499,591,1
82,421,50,0.7,1,NA,0.1,1,1,10,40,"pre_fragmentation","random",27,1854,38,4,1,2499,592,2
82,421,50,0.7,1,NA,0.1,1,1,10,40,"pre_fragmentation","random",27,1854,38,4,1,2499,629,1
82,421,50,0.7,1,NA,0.1,1,1,10,40,"pre_fragmentation","random",28,1747,35,47,1,2499,186,1
82,421,50,0.7,1,NA,0.1,1,1,10,40,"pre_fragmentation","random",28,1747,35,47,1,2499,273,1
82,421,50,0.7,1,NA,0.1,1,1,10,40,"pre_fragmentation","random",28,1747,35,47,1,2499,306,1
82,421,50,0.7,1,NA,0.1,1,1,10,40,"pre_fragmentation","random",28,1747,35,47,1,2499,316,1
82,421,50,0.7,1,NA,0.1,1,1,10,40,"pre_fragmentation","random",28,1747,35,47,1,2499,321,1
82,421,50,0.7,1,NA,0.1,1,1,10,40,"pre_fragmentation","random",28,1747,35,47,1,2499,356,1
82,421,50,0.7,1,NA,0.1,1,1,10,40,"pre_fragmentation","random",28,1747,35,47,1,2499,369,3
82,421,50,0.7,1,NA,0.1,1,1,10,40,"pre_fragmentation","random",28,1747,35,47,1,2499,373,1
82,421,50,0.7,1,NA,0.1,1,1,10,40,"pre_fragmentation","random",28,1747,35,47,1,2499,394,1
82,421,50,0.7,1,NA,0.1,1,1,10,40,"pre_fragmentation","random",28,1747,35,47,1,2499,398,1
82,421,50,0.7,1,NA,0.1,1,1,10,40,"pre_fragmentation","random",28,1747,35,47,1,2499,410,1
82,421,50,0.7,1,NA,0.1,1,1,10,40,"pre_fragmentation","random",28,1747,35,47,1,2499,432,1
82,421,50,0.7,1,NA,0.1,1,1,10,40,"pre_fragmentation","random",28,1747,35,47,1,2499,539,1
82,421,50,0.7,1,NA,0.1,1,1,10,40,"pre_fragmentation","random",28,1747,35,47,1,2499,542,1
82,421,50,0.7,1,NA,0.1,1,1,10,40,"pre_fragmentation","random",28,1747,35,47,1,2499,553,1
82,421,50,0.7,1,NA,0.1,1,1,10,40,"pre_fragmentation","random",28,1747,35,47,1,2499,616,1
82,421,50,0.7,1,NA,0.1,1,1,10,40,"pre_fragmentation","random",29,1917,39,17,1,2499,549,1
82,421,50,0.7,1,NA,0.1,1,1,10,40,"pre_fragmentation","random",29,1917,39,17,1,2499,598,1
82,421,50,0.7,1,NA,0.1,1,1,10,40,"pre_fragmentation","random",29,1917,39,17,1,2499,600,1
82,421,50,0.7,1,NA,0.1,1,1,10,40,"pre_fragmentation","random",29,1917,39,17,1,2499,601,1
82,421,50,0.7,1,NA,0.1,1,1,10,40,"pre_fragmentation","random",29,1917,39,17,1,2499,602,2
82,421,50,0.7,1,NA,0.1,1,1,10,40,"pre_fragmentation","random",29,1917,39,17,1,2499,632,1
82,421,50,0.7,1,NA,0.1,1,1,10,40,"pre_fragmentation","random",29,1917,39,17,1,2499,637,1
82,421,50,0.7,1,NA,0.1,1,1,10,40,"pre_fragmentation","random",29,1917,39,17,1,2499,658,1
82,421,50,0.7,1,NA,0.1,1,1,10,40,"pre_fragmentation","random",29,1917,39,17,1,2499,664,1
82,421,50,0.7,1,NA,0.1,1,1,10,40,"pre_fragmentation","random",29,1917,39,17,1,2499,684,1
82,421,50,0.7,1,NA,0.1,1,1,10,40,"pre_fragmentation","random",29,1917,39,17,1,2499,688,2
82,421,50,0.7,1,NA,0.1,1,1,10,40,"pre_fragmentation","random",29,1917,39,17,1,2499,698,2
82,421,50,0.7,1,NA,0.1,1,1,10,40,"pre_fragmentation","random",29,1917,39,17,1,2499,710,1
82,421,50,0.7,1,NA,0.1,1,1,10,40,"pre_fragmentation","random",29,1917,39,17,1,2499,717,2
82,421,50,0.7,1,NA,0.1,1,1,10,40,"pre_fragmentation","random",29,1917,39,17,1,2499,719,1
82,421,50,0.7,1,NA,0.1,1,1,10,40,"pre_fragmentation","random",29,1917,39,17,1,2499,731,4
82,421,50,0.7,1,NA,0.1,1,1,10,40,"pre_fragmentation","random",29,1917,39,17,1,2499,732,1
82,421,50,0.7,1,NA,0.1,1,1,10,40,"pre_fragmentation","random",29,1917,39,17,1,2499,762,1
82,421,50,0.7,1,NA,0.1,1,1,10,40,"pre_fragmentation","random",29,1917,39,17,1,2499,803,1
82,421,50,0.7,1,NA,0.1,1,1,10,40,"pre_fragmentation","random",30,1104,23,4,1,2499,120,1
82,421,50,0.7,1,NA,0.1,1,1,10,40,"pre_fragmentation","random",30,1104,23,4,1,2499,146,1
82,421,50,0.7,1,NA,0.1,1,1,10,40,"pre_fragmentation","random",30,1104,23,4,1,2499,149,1
82,421,50,0.7,1,NA,0.1,1,1,10,40,"pre_fragmentation","random",30,1104,23,4,1,2499,153,2
82,421,50,0.7,1,NA,0.1,1,1,10,40,"pre_fragmentation","random",30,1104,23,4,1,2499,175,1
82,421,50,0.7,1,NA,0.1,1,1,10,40,"pre_fragmentation","random",30,1104,23,4,1,2499,177,1
82,421,50,0.7,1,NA,0.1,1,1,10,40,"pre_fragmentation","random",30,1104,23,4,1,2499,178,1
82,421,50,0.7,1,NA,0.1,1,1,10,40,"pre_fragmentation","random",30,1104,23,4,1,2499,179,1
82,421,50,0.7,1,NA,0.1,1,1,10,40,"pre_fragmentation","random",30,1104,23,4,1,2499,215,1
82,421,50,0.7,1,NA,0.1,1,1,10,40,"pre_fragmentation","random",30,1104,23,4,1,2499,230,2
82,421,50,0.7,1,NA,0.1,1,1,10,40,"pre_fragmentation","random",30,1104,23,4,1,2499,261,1
82,421,50,0.7,1,NA,0.1,1,1,10,40,"pre_fragmentation","random",30,1104,23,4,1,2499,286,1
82,421,50,0.7,1,NA,0.1,1,1,10,40,"pre_fragmentation","random",30,1104,23,4,1,2499,308,1
82,421,50,0.7,0.15,0.2,0.1,1,1,10,40,"post_fragmentation","random",1,2172,44,22,2,322,549,2
82,421,50,0.7,0.15,0.2,0.1,1,1,10,40,"post_fragmentation","random",1,2172,44,22,2,322,572,1
82,421,50,0.7,0.15,0.2,0.1,1,1,10,40,"post_fragmentation","random",1,2172,44,22,2,322,573,1
82,421,50,0.7,0.15,0.2,0.1,1,1,10,40,"post_fragmentation","random",1,2172,44,22,2,322,594,4
82,421,50,0.7,0.15,0.2,0.1,1,1,10,40,"post_fragmentation","random",1,2172,44,22,2,322,603,1
82,421,50,0.7,0.15,0.2,0.1,1,1,10,40,"post_fragmentation","random",1,2172,44,22,2,322,615,1
82,421,50,0.7,0.15,0.2,0.1,1,1,10,40,"post_fragmentation","random",1,2172,44,22,2,322,629,3
82,421,50,0.7,0.15,0.2,0.1,1,1,10,40,"post_fragmentation","random",1,2172,44,22,2,322,630,2
82,421,50,0.7,0.15,0.2,0.1,1,1,10,40,"post_fragmentation","random",1,2172,44,22,2,322,646,3
82,421,50,0.7,0.15,0.2,0.1,1,1,10,40,"post_fragmentation","random",1,2172,44,22,2,322,648,1
82,421,50,0.7,0.15,0.2,0.1,1,1,10,40,"post_fragmentation","random",1,2172,44,22,2,322,658,1
82,421,50,0.7,0.15,0.2,0.1,1,1,10,40,"post_fragmentation","random",1,2172,44,22,2,322,664,1
82,421,50,0.7,0.15,0.2,0.1,1,1,10,40,"post_fragmentation","random",1,2172,44,22,2,322,665,1
82,421,50,0.7,0.15,0.2,0.1,1,1,10,40,"post_fragmentation","random",1,2172,44,22,2,322,697,2
82,421,50,0.7,0.15,0.2,0.1,1,1,10,40,"post_fragmentation","random",1,2172,44,22,2,322,698,4
82,421,50,0.7,0.15,0.2,0.1,1,1,10,40,"post_fragmentation","random",1,2172,44,22,2,322,728,1
82,421,50,0.7,0.15,0.2,0.1,1,1,10,40,"post_fragmentation","random",1,2172,44,22,2,322,732,1
82,421,50,0.7,0.15,0.2,0.1,1,1,10,40,"post_fragmentation","random",1,2172,44,22,2,322,741,1
82,421,50,0.7,0.15,0.2,0.1,1,1,10,40,"post_fragmentation","random",1,2172,44,22,2,322,758,1
82,421,50,0.7,0.15,0.2,0.1,1,1,10,40,"post_fragmentation","random",1,2172,44,22,2,322,775,1
82,421,50,0.7,0.15,0.2,0.1,1,1,10,40,"post_fragmentation","random",1,2172,44,22,2,322,784,1
82,421,50,0.7,0.15,0.2,0.1,1,1,10,40,"post_fragmentation","random",2,1868,38,18,2,322,558,1
82,421,50,0.7,0.15,0.2,0.1,1,1,10,40,"post_fragmentation","random",2,1868,38,18,2,322,573,1
82,421,50,0.7,0.15,0.2,0.1,1,1,10,40,"post_fragmentation","random",2,1868,38,18,2,322,583,1
82,421,50,0.7,0.15,0.2,0.1,1,1,10,40,"post_fragmentation","random",2,1868,38,18,2,322,600,1
82,421,50,0.7,0.15,0.2,0.1,1,1,10,40,"post_fragmentation","random",2,1868,38,18,2,322,615,1
82,421,50,0.7,0.15,0.2,0.1,1,1,10,40,"post_fragmentation","random",2,1868,38,18,2,322,617,2
82,421,50,0.7,0.15,0.2,0.1,1,1,10,40,"post_fragmentation","random",2,1868,38,18,2,322,637,1
82,421,50,0.7,0.15,0.2,0.1,1,1,10,40,"post_fragmentation","random",2,1868,38,18,2,322,645,1
82,421,50,0.7,0.15,0.2,0.1,1,1,10,40,"post_fragmentation","random",2,1868,38,18,2,322,646,2
82,421,50,0.7,0.15,0.2,0.1,1,1,10,40,"post_fragmentation","random",2,1868,38,18,2,322,648,1
82,421,50,0.7,0.15,0.2,0.1,1,1,10,40,"post_fragmentation","random",2,1868,38,18,2,322,650,1
82,421,50,0.7,0.15,0.2,0.1,1,1,10,40,"post_fragmentation","random",2,1868,38,18,2,322,661,1
82,421,50,0.7,0.15,0.2,0.1,1,1,10,40,"post_fragmentation","random",2,1868,38,18,2,322,669,1
82,421,50,0.7,0.15,0.2,0.1,1,1,10,40,"post_fragmentation","random",2,1868,38,18,2,322,672,1
82,421,50,0.7,0.15,0.2,0.1,1,1,10,40,"post_fragmentation","random",2,1868,38,18,2,322,674,1
82,421,50,0.7,0.15,0.2,0.1,1,1,10,40,"post_fragmentation","random",2,1868,38,18,2,322,704,1
82,421,50,0.7,0.15,0.2,0.1,1,1,10,40,"post_fragmentation","random",2,1868,38,18,2,322,723,1
82,421,50,0.7,0.15,0.2,0.1,1,1,10,40,"post_fragmentation","random",2,1868,38,18,2,322,746,1
82,421,50,0.7,0.15,0.2,0.1,1,1,10,40,"post_fragmentation","random",2,1868,38,18,2,322,756,4
82,421,50,0.7,0.15,0.2,0.1,1,1,10,40,"post_fragmentation","random",2,1868,38,18,2,322,817,1
82,421,50,0.7,0.15,0.2,0.1,1,1,10,40,"post_fragmentation","random",3,1718,35,18,2,322,401,1
82,421,50,0.7,0.15,0.2,0.1,1,1,10,40,"post_fragmentation","random",3,1718,35,18,2,322,497,1
82,421,50,0.7,0.15,0.2,0.1,1,1,10,40,"post_fragmentation","random",3,1718,35,18,2,322,529,1
82,421,50,0.7,0.15,0.2,0.1,1,1,10,40,"post_fragmentation","random",3,1718,35,18,2,322,537,1
82,421,50,0.7,0.15,0.2,0.1,1,1,10,40,"post_fragmentation","random",3,1718,35,18,2,322,542,1
82,421,50,0.7,0.15,0.2,0.1,1,1,10,40,"post_fragmentation","random",3,1718,35,18,2,322,569,1
82,421,50,0.7,0.15,0.2,0.1,1,1,10,40,"post_fragmentation","random",3,1718,35,18,2,322,579,1
82,421,50,0.7,0.15,0.2,0.1,1,1,10,40,"post_fragmentation","random",3,1718,35,18,2,322,608,1
82,421,50,0.7,0.15,0.2,0.1,1,1,10,40,"post_fragmentation","random",3,1718,35,18,2,322,617,2
82,421,50,0.7,0.15,0.2,0.1,1,1,10,40,"post_fragmentation","random",3,1718,35,18,2,322,629,2
82,421,50,0.7,0.15,0.2,0.1,1,1,10,40,"post_fragmentation","random",3,1718,35,18,2,322,638,1
82,421,50,0.7,0.15,0.2,0.1,1,1,10,40,"post_fragmentation","random",3,1718,35,18,2,322,648,1
82,421,50,0.7,0.15,0.2,0.1,1,1,10,40,"post_fragmentation","random",3,1718,35,18,2,322,650,1
82,421,50,0.7,0.15,0.2,0.1,1,1,10,40,"post_fragmentation","random",3,1718,35,18,2,322,661,1
82,421,50,0.7,0.15,0.2,0.1,1,1,10,40,"post_fragmentation","random",3,1718,35,18,2,322,664,1
82,421,50,0.7,0.15,0.2,0.1,1,1,10,40,"post_fragmentation","random",3,1718,35,18,2,322,674,1
82,421,50,0.7,0.15,0.2,0.1,1,1,10,40,"post_fragmentation","random",3,1718,35,18,2,322,677,1
82,421,50,0.7,0.15,0.2,0.1,1,1,10,40,"post_fragmentation","random",3,1718,35,18,2,322,707,1
82,421,50,0.7,0.15,0.2,0.1,1,1,10,40,"post_fragmentation","random",3,1718,35,18,2,322,716,1
82,421,50,0.7,0.15,0.2,0.1,1,1,10,40,"post_fragmentation","random",3,1718,35,18,2,322,732,1
82,421,50,0.7,0.15,0.2,0.1,1,1,10,40,"post_fragmentation","random",3,1718,35,18,2,322,746,1
82,421,50,0.7,0.15,0.2,0.1,1,1,10,40,"post_fragmentation","random",3,1718,35,18,2,322,751,1
82,421,50,0.7,0.15,0.2,0.1,1,1,10,40,"post_fragmentation","random",4,1676,34,26,2,322,524,1
82,421,50,0.7,0.15,0.2,0.1,1,1,10,40,"post_fragmentation","random",4,1676,34,26,2,322,549,1
82,421,50,0.7,0.15,0.2,0.1,1,1,10,40,"post_fragmentation","random",4,1676,34,26,2,322,558,1
82,421,50,0.7,0.15,0.2,0.1,1,1,10,40,"post_fragmentation","random",4,1676,34,26,2,322,573,1
82,421,50,0.7,0.15,0.2,0.1,1,1,10,40,"post_fragmentation","random",4,1676,34,26,2,322,600,1
82,421,50,0.7,0.15,0.2,0.1,1,1,10,40,"post_fragmentation","random",4,1676,34,26,2,322,615,1
82,421,50,0.7,0.15,0.2,0.1,1,1,10,40,"post_fragmentation","random",4,1676,34,26,2,322,637,1
82,421,50,0.7,0.15,0.2,0.1,1,1,10,40,"post_fragmentation","random",4,1676,34,26,2,322,641,1
82,421,50,0.7,0.15,0.2,0.1,1,1,10,40,"post_fragmentation","random",4,1676,34,26,2,322,642,1
82,421,50,0.7,0.15,0.2,0.1,1,1,10,40,"post_fragmentation","random",4,1676,34,26,2,322,646,1
82,421,50,0.7,0.15,0.2,0.1,1,1,10,40,"post_fragmentation","random",4,1676,34,26,2,322,650,1
82,421,50,0.7,0.15,0.2,0.1,1,1,10,40,"post_fragmentation","random",4,1676,34,26,2,322,662,1
82,421,50,0.7,0.15,0.2,0.1,1,1,10,40,"post_fragmentation","random",4,1676,34,26,2,322,664,1
82,421,50,0.7,0.15,0.2,0.1,1,1,10,40,"post_fragmentation","random",4,1676,34,26,2,322,672,2
82,421,50,0.7,0.15,0.2,0.1,1,1,10,40,"post_fragmentation","random",4,1676,34,26,2,322,677,1
82,421,50,0.7,0.15,0.2,0.1,1,1,10,40,"post_fragmentation","random",4,1676,34,26,2,322,682,1
82,421,50,0.7,0.15,0.2,0.1,1,1,10,40,"post_fragmentation","random",4,1676,34,26,2,322,693,2
82,421,50,0.7,0.15,0.2,0.1,1,1,10,40,"post_fragmentation","random",4,1676,34,26,2,322,707,2
82,421,50,0.7,0.15,0.2,0.1,1,1,10,40,"post_fragmentation","random",4,1676,34,26,2,322,709,1
82,421,50,0.7,0.15,0.2,0.1,1,1,10,40,"post_fragmentation","random",4,1676,34,26,2,322,723,2
82,421,50,0.7,0.15,0.2,0.1,1,1,10,40,"post_fragmentation","random",4,1676,34,26,2,322,775,1
82,421,50,0.7,0.15,0.2,0.1,1,1,10,40,"post_fragmentation","random",5,2123,43,23,2,322,588,2
82,421,50,0.7,0.15,0.2,0.1,1,1,10,40,"post_fragmentation","random",5,2123,43,23,2,322,600,1
82,421,50,0.7,0.15,0.2,0.1,1,1,10,40,"post_fragmentation","random",5,2123,43,23,2,322,603,1
82,421,50,0.7,0.15,0.2,0.1,1,1,10,40,"post_fragmentation","random",5,2123,43,23,2,322,629,2
82,421,50,0.7,0.15,0.2,0.1,1,1,10,40,"post_fragmentation","random",5,2123,43,23,2,322,642,1
82,421,50,0.7,0.15,0.2,0.1,1,1,10,40,"post_fragmentation","random",5,2123,43,23,2,322,684,1
82,421,50,0.7,0.15,0.2,0.1,1,1,10,40,"post_fragmentation","random",5,2123,43,23,2,322,693,1
82,421,50,0.7,0.15,0.2,0.1,1,1,10,40,"post_fragmentation","random",5,2123,43,23,2,322,697,1
82,421,50,0.7,0.15,0.2,0.1,1,1,10,40,"post_fragmentation","random",5,2123,43,23,2,322,698,2
82,421,50,0.7,0.15,0.2,0.1,1,1,10,40,"post_fragmentation","random",5,2123,43,23,2,322,704,1
82,421,50,0.7,0.15,0.2,0.1,1,1,10,40,"post_fragmentation","random",5,2123,43,23,2,322,722,1
82,421,50,0.7,0.15,0.2,0.1,1,1,10,40,"post_fragmentation","random",5,2123,43,23,2,322,725,1
82,421,50,0.7,0.15,0.2,0.1,1,1,10,40,"post_fragmentation","random",5,2123,43,23,2,322,731,1
82,421,50,0.7,0.15,0.2,0.1,1,1,10,40,"post_fragmentation","random",5,2123,43,23,2,322,798,1
82,421,50,0.7,0.15,0.2,0.1,1,1,10,40,"post_fragmentation","random",5,2123,43,23,2,322,804,1
82,421,50,0.7,0.15,0.2,0.1,1,1,10,40,"post_fragmentation","random",5,2123,43,23,2,322,849,1
82,421,50,0.7,0.15,0.2,0.1,1,1,10,40,"post_fragmentation","random",6,1628,33,28,2,322,375,1
82,421,50,0.7,0.15,0.2,0.1,1,1,10,40,"post_fragmentation","random",6,1628,33,28,2,322,404,1
82,421,50,0.7,0.15,0.2,0.1,1,1,10,40,"post_fragmentation","random",6,1628,33,28,2,322,477,1
82,421,50,0.7,0.15,0.2,0.1,1,1,10,40,"post_fragmentation","random",6,1628,33,28,2,322,531,1
82,421,50,0.7,0.15,0.2,0.1,1,1,10,40,"post_fragmentation","random",6,1628,33,28,2,322,579,1
82,421,50,0.7,0.15,0.2,0.1,1,1,10,40,"post_fragmentation","random",6,1628,33,28,2,322,717,1
82,421,50,0.7,0.15,0.2,0.1,1,1,10,40,"post_fragmentation","random",7,1203,25,3,1,53,10,1
82,421,50,0.7,0.15,0.2,0.1,1,1,10,40,"post_fragmentation","random",7,1203,25,3,1,53,119,2
82,421,50,0.7,0.15,0.2,0.1,1,1,10,40,"post_fragmentation","random",7,1203,25,3,1,53,146,1
82,421,50,0.7,0.15,0.2,0.1,1,1,10,40,"post_fragmentation","random",7,1203,25,3,1,53,153,1
82,421,50,0.7,0.15,0.2,0.1,1,1,10,40,"post_fragmentation","random",7,1203,25,3,1,53,170,2
82,421,50,0.7,0.15,0.2,0.1,1,1,10,40,"post_fragmentation","random",7,1203,25,3,1,53,187,1
82,421,50,0.7,0.15,0.2,0.1,1,1,10,40,"post_fragmentation","random",7,1203,25,3,1,53,223,1
82,421,50,0.7,0.15,0.2,0.1,1,1,10,40,"post_fragmentation","random",7,1203,25,3,1,53,303,1
82,421,50,0.7,0.15,0.2,0.1,1,1,10,40,"post_fragmentation","random",8,1721,35,21,2,322,548,1
82,421,50,0.7,0.15,0.2,0.1,1,1,10,40,"post_fragmentation","random",8,1721,35,21,2,322,550,1
82,421,50,0.7,0.15,0.2,0.1,1,1,10,40,"post_fragmentation","random",8,1721,35,21,2,322,558,1
82,421,50,0.7,0.15,0.2,0.1,1,1,10,40,"post_fragmentation","random",8,1721,35,21,2,322,569,1
82,421,50,0.7,0.15,0.2,0.1,1,1,10,40,"post_fragmentation","random",8,1721,35,21,2,322,573,1
82,421,50,0.7,0.15,0.2,0.1,1,1,10,40,"post_fragmentation","random",8,1721,35,21,2,322,580,1
82,421,50,0.7,0.15,0.2,0.1,1,1,10,40,"post_fragmentation","random",8,1721,35,21,2,322,583,1
82,421,50,0.7,0.15,0.2,0.1,1,1,10,40,"post_fragmentation","random",8,1721,35,21,2,322,594,1
82,421,50,0.7,0.15,0.2,0.1,1,1,10,40,"post_fragmentation","random",8,1721,35,21,2,322,600,1
82,421,50,0.7,0.15,0.2,0.1,1,1,10,40,"post_fragmentation","random",8,1721,35,21,2,322,615,1
82,421,50,0.7,0.15,0.2,0.1,1,1,10,40,"post_fragmentation","random",8,1721,35,21,2,322,620,1
82,421,50,0.7,0.15,0.2,0.1,1,1,10,40,"post_fragmentation","random",8,1721,35,21,2,322,629,2
82,421,50,0.7,0.15,0.2,0.1,1,1,10,40,"post_fragmentation","random",8,1721,35,21,2,322,630,1
82,421,50,0.7,0.15,0.2,0.1,1,1,10,40,"post_fragmentation","random",8,1721,35,21,2,322,632,2
82,421,50,0.7,0.15,0.2,0.1,1,1,10,40,"post_fragmentation","random",8,1721,35,21,2,322,637,1
82,421,50,0.7,0.15,0.2,0.1,1,1,10,40,"post_fragmentation","random",8,1721,35,21,2,322,642,1
82,421,50,0.7,0.15,0.2,0.1,1,1,10,40,"post_fragmentation","random",8,1721,35,21,2,322,644,2
82,421,50,0.7,0.15,0.2,0.1,1,1,10,40,"post_fragmentation","random",8,1721,35,21,2,322,646,1
82,421,50,0.7,0.15,0.2,0.1,1,1,10,40,"post_fragmentation","random",8,1721,35,21,2,322,656,1
82,421,50,0.7,0.15,0.2,0.1,1,1,10,40,"post_fragmentation","random",8,1721,35,21,2,322,657,1
82,421,50,0.7,0.15,0.2,0.1,1,1,10,40,"post_fragmentation","random",8,1721,35,21,2,322,662,1
82,421,50,0.7,0.15,0.2,0.1,1,1,10,40,"post_fragmentation","random",8,1721,35,21,2,322,671,1
82,421,50,0.7,0.15,0.2,0.1,1,1,10,40,"post_fragmentation","random",8,1721,35,21,2,322,672,1
82,421,50,0.7,0.15,0.2,0.1,1,1,10,40,"post_fragmentation","random",8,1721,35,21,2,322,674,1
82,421,50,0.7,0.15,0.2,0.1,1,1,10,40,"post_fragmentation","random",8,1721,35,21,2,322,677,2
82,421,50,0.7,0.15,0.2,0.1,1,1,10,40,"post_fragmentation","random",8,1721,35,21,2,322,688,1
82,421,50,0.7,0.15,0.2,0.1,1,1,10,40,"post_fragmentation","random",8,1721,35,21,2,322,704,1
82,421,50,0.7,0.15,0.2,0.1,1,1,10,40,"post_fragmentation","random",8,1721,35,21,2,322,710,1
82,421,50,0.7,0.15,0.2,0.1,1,1,10,40,"post_fragmentation","random",8,1721,35,21,2,322,718,2
82,421,50,0.7,0.15,0.2,0.1,1,1,10,40,"post_fragmentation","random",8,1721,35,21,2,322,720,1
82,421,50,0.7,0.15,0.2,0.1,1,1,10,40,"post_fragmentation","random",8,1721,35,21,2,322,727,2
82,421,50,0.7,0.15,0.2,0.1,1,1,10,40,"post_fragmentation","random",8,1721,35,21,2,322,732,1
82,421,50,0.7,0.15,0.2,0.1,1,1,10,40,"post_fragmentation","random",9,1104,23,4,1,53,120,1
82,421,50,0.7,0.15,0.2,0.1,1,1,10,40,"post_fragmentation","random",9,1104,23,4,1,53,146,1
82,421,50,0.7,0.15,0.2,0.1,1,1,10,40,"post_fragmentation","random",9,1104,23,4,1,53,149,1
82,421,50,0.7,0.15,0.2,0.1,1,1,10,40,"post_fragmentation","random",9,1104,23,4,1,53,153,2
82,421,50,0.7,0.15,0.2,0.1,1,1,10,40,"post_fragmentation","random",9,1104,23,4,1,53,175,1
82,421,50,0.7,0.15,0.2,0.1,1,1,10,40,"post_fragmentation","random",9,1104,23,4,1,53,177,1
82,421,50,0.7,0.15,0.2,0.1,1,1,10,40,"post_fragmentation","random",9,1104,23,4,1,53,178,1
82,421,50,0.7,0.15,0.2,0.1,1,1,10,40,"post_fragmentation","random",9,1104,23,4,1,53,179,1
82,421,50,0.7,0.15,0.2,0.1,1,1,10,40,"post_fragmentation","random",9,1104,23,4,1,53,215,1
82,421,50,0.7,0.15,0.2,0.1,1,1,10,40,"post_fragmentation","random",9,1104,23,4,1,53,230,2
82,421,50,0.7,0.15,0.2,0.1,1,1,10,40,"post_fragmentation","random",9,1104,23,4,1,53,261,1
82,421,50,0.7,0.15,0.2,0.1,1,1,10,40,"post_fragmentation","random",9,1104,23,4,1,53,286,1
82,421,50,0.7,0.15,0.2,0.1,1,1,10,40,"post_fragmentation","random",9,1104,23,4,1,53,308,1
82,421,50,0.7,0.15,0.2,0.1,1,1,10,40,"post_fragmentation","random",10,1584,32,34,2,322,178,1
82,421,50,0.7,0.15,0.2,0.1,1,1,10,40,"post_fragmentation","random",10,1584,32,34,2,322,244,1
82,421,50,0.7,0.15,0.2,0.1,1,1,10,40,"post_fragmentation","random",10,1584,32,34,2,322,252,1
82,421,50,0.7,0.15,0.2,0.1,1,1,10,40,"post_fragmentation","random",10,1584,32,34,2,322,254,1
82,421,50,0.7,0.15,0.2,0.1,1,1,10,40,"post_fragmentation","random",10,1584,32,34,2,322,282,1
82,421,50,0.7,0.15,0.2,0.1,1,1,10,40,"post_fragmentation","random",10,1584,32,34,2,322,287,1
82,421,50,0.7,0.15,0.2,0.1,1,1,10,40,"post_fragmentation","random",10,1584,32,34,2,322,288,1
82,421,50,0.7,0.15,0.2,0.1,1,1,10,40,"post_fragmentation","random",10,1584,32,34,2,322,317,1
82,421,50,0.7,0.15,0.2,0.1,1,1,10,40,"post_fragmentation","random",10,1584,32,34,2,322,332,3
82,421,50,0.7,0.15,0.2,0.1,1,1,10,40,"post_fragmentation","random",10,1584,32,34,2,322,336,1
82,421,50,0.7,0.15,0.2,0.1,1,1,10,40,"post_fragmentation","random",10,1584,32,34,2,322,338,1
82,421,50,0.7,0.15,0.2,0.1,1,1,10,40,"post_fragmentation","random",10,1584,32,34,2,322,340,1
82,421,50,0.7,0.15,0.2,0.1,1,1,10,40,"post_fragmentation","random",10,1584,32,34,2,322,347,1
82,421,50,0.7,0.15,0.2,0.1,1,1,10,40,"post_fragmentation","random",10,1584,32,34,2,322,375,2
82,421,50,0.7,0.15,0.2,0.1,1,1,10,40,"post_fragmentation","random",10,1584,32,34,2,322,377,1
82,421,50,0.7,0.15,0.2,0.1,1,1,10,40,"post_fragmentation","random",10,1584,32,34,2,322,414,1
82,421,50,0.7,0.15,0.2,0.1,1,1,10,40,"post_fragmentation","random",10,1584,32,34,2,322,457,1
82,421,50,0.7,0.15,0.2,0.1,1,1,10,40,"post_fragmentation","random",11,1150,23,50,1,53,114,1
82,421,50,0.7,0.15,0.2,0.1,1,1,10,40,"post_fragmentation","random",11,1150,23,50,1,53,119,1
82,421,50,0.7,0.15,0.2,0.1,1,1,10,40,"post_fragmentation","random",11,1150,23,50,1,53,121,1
82,421,50,0.7,0.15,0.2,0.1,1,1,10,40,"post_fragmentation","random",11,1150,23,50,1,53,143,1
82,421,50,0.7,0.15,0.2,0.1,1,1,10,40,"post_fragmentation","random",11,1150,23,50,1,53,153,2
82,421,50,0.7,0.15,0.2,0.1,1,1,10,40,"post_fragmentation","random",11,1150,23,50,1,53,155,1
82,421,50,0.7,0.15,0.2,0.1,1,1,10,40,"post_fragmentation","random",11,1150,23,50,1,53,166,1
82,421,50,0.7,0.15,0.2,0.1,1,1,10,40,"post_fragmentation","random",11,1150,23,50,1,53,169,1
82,421,50,0.7,0.15,0.2,0.1,1,1,10,40,"post_fragmentation","random",11,1150,23,50,1,53,175,2
82,421,50,0.7,0.15,0.2,0.1,1,1,10,40,"post_fragmentation","random",11,1150,23,50,1,53,176,1
82,421,50,0.7,0.15,0.2,0.1,1,1,10,40,"post_fragmentation","random",11,1150,23,50,1,53,178,3
82,421,50,0.7,0.15,0.2,0.1,1,1,10,40,"post_fragmentation","random",11,1150,23,50,1,53,180,1
82,421,50,0.7,0.15,0.2,0.1,1,1,10,40,"post_fragmentation","random",11,1150,23,50,1,53,210,1
82,421,50,0.7,0.15,0.2,0.1,1,1,10,40,"post_fragmentation","random",11,1150,23,50,1,53,240,1
82,421,50,0.7,0.15,0.2,0.1,1,1,10,40,"post_fragmentation","random",11,1150,23,50,1,53,249,1
82,421,50,0.7,0.15,0.2,0.1,1,1,10,40,"post_fragmentation","random",11,1150,23,50,1,53,261,1
82,421,50,0.7,0.15,0.2,0.1,1,1,10,40,"post_fragmentation","random",11,1150,23,50,1,53,307,1
82,421,50,0.7,0.15,0.2,0.1,1,1,10,40,"post_fragmentation","random",11,1150,23,50,1,53,317,1
82,421,50,0.7,0.15,0.2,0.1,1,1,10,40,"post_fragmentation","random",11,1150,23,50,1,53,380,1
82,421,50,0.7,0.15,0.2,0.1,1,1,10,40,"post_fragmentation","random",12,1588,32,38,2,322,241,1
82,421,50,0.7,0.15,0.2,0.1,1,1,10,40,"post_fragmentation","random",12,1588,32,38,2,322,256,1
82,421,50,0.7,0.15,0.2,0.1,1,1,10,40,"post_fragmentation","random",12,1588,32,38,2,322,258,2
82,421,50,0.7,0.15,0.2,0.1,1,1,10,40,"post_fragmentation","random",12,1588,32,38,2,322,266,3
82,421,50,0.7,0.15,0.2,0.1,1,1,10,40,"post_fragmentation","random",12,1588,32,38,2,322,274,1
82,421,50,0.7,0.15,0.2,0.1,1,1,10,40,"post_fragmentation","random",12,1588,32,38,2,322,280,1
82,421,50,0.7,0.15,0.2,0.1,1,1,10,40,"post_fragmentation","random",12,1588,32,38,2,322,288,1
82,421,50,0.7,0.15,0.2,0.1,1,1,10,40,"post_fragmentation","random",12,1588,32,38,2,322,293,1
82,421,50,0.7,0.15,0.2,0.1,1,1,10,40,"post_fragmentation","random",12,1588,32,38,2,322,296,1
82,421,50,0.7,0.15,0.2,0.1,1,1,10,40,"post_fragmentation","random",12,1588,32,38,2,322,298,2
82,421,50,0.7,0.15,0.2,0.1,1,1,10,40,"post_fragmentation","random",12,1588,32,38,2,322,299,4
82,421,50,0.7,0.15,0.2,0.1,1,1,10,40,"post_fragmentation","random",12,1588,32,38,2,322,300,2
82,421,50,0.7,0.15,0.2,0.1,1,1,10,40,"post_fragmentation","random",12,1588,32,38,2,322,313,2
82,421,50,0.7,0.15,0.2,0.1,1,1,10,40,"post_fragmentation","random",12,1588,32,38,2,322,332,1
82,421,50,0.7,0.15,0.2,0.1,1,1,10,40,"post_fragmentation","random",12,1588,32,38,2,322,333,2
82,421,50,0.7,0.15,0.2,0.1,1,1,10,40,"post_fragmentation","random",12,1588,32,38,2,322,349,1
82,421,50,0.7,0.15,0.2,0.1,1,1,10,40,"post_fragmentation","random",12,1588,32,38,2,322,370,1
82,421,50,0.7,0.15,0.2,0.1,1,1,10,40,"post_fragmentation","random",12,1588,32,38,2,322,375,1
82,421,50,0.7,0.15,0.2,0.1,1,1,10,40,"post_fragmentation","random",12,1588,32,38,2,322,411,1
82,421,50,0.7,0.15,0.2,0.1,1,1,10,40,"post_fragmentation","random",12,1588,32,38,2,322,414,1
82,421,50,0.7,0.15,0.2,0.1,1,1,10,40,"post_fragmentation","random",12,1588,32,38,2,322,427,1
82,421,50,0.7,0.15,0.2,0.1,1,1,10,40,"post_fragmentation","random",13,1878,38,28,2,322,472,1
82,421,50,0.7,0.15,0.2,0.1,1,1,10,40,"post_fragmentation","random",13,1878,38,28,2,322,592,1
82,421,50,0.7,0.15,0.2,0.1,1,1,10,40,"post_fragmentation","random",13,1878,38,28,2,322,593,1
82,421,50,0.7,0.15,0.2,0.1,1,1,10,40,"post_fragmentation","random",13,1878,38,28,2,322,594,2
82,421,50,0.7,0.15,0.2,0.1,1,1,10,40,"post_fragmentation","random",13,1878,38,28,2,322,607,1
82,421,50,0.7,0.15,0.2,0.1,1,1,10,40,"post_fragmentation","random",13,1878,38,28,2,322,624,1
82,421,50,0.7,0.15,0.2,0.1,1,1,10,40,"post_fragmentation","random",13,1878,38,28,2,322,629,2
82,421,50,0.7,0.15,0.2,0.1,1,1,10,40,"post_fragmentation","random",13,1878,38,28,2,322,644,1
82,421,50,0.7,0.15,0.2,0.1,1,1,10,40,"post_fragmentation","random",13,1878,38,28,2,322,658,4
82,421,50,0.7,0.15,0.2,0.1,1,1,10,40,"post_fragmentation","random",13,1878,38,28,2,322,672,2
82,421,50,0.7,0.15,0.2,0.1,1,1,10,40,"post_fragmentation","random",13,1878,38,28,2,322,682,1
82,421,50,0.7,0.15,0.2,0.1,1,1,10,40,"post_fragmentation","random",13,1878,38,28,2,322,683,1
82,421,50,0.7,0.15,0.2,0.1,1,1,10,40,"post_fragmentation","random",13,1878,38,28,2,322,702,1
82,421,50,0.7,0.15,0.2,0.1,1,1,10,40,"post_fragmentation","random",13,1878,38,28,2,322,723,1
82,421,50,0.7,0.15,0.2,0.1,1,1,10,40,"post_fragmentation","random",13,1878,38,28,2,322,725,1
82,421,50,0.7,0.15,0.2,0.1,1,1,10,40,"post_fragmentation","random",13,1878,38,28,2,322,731,1
82,421,50,0.7,0.15,0.2,0.1,1,1,10,40,"post_fragmentation","random",13,1878,38,28,2,322,732,1
82,421,50,0.7,0.15,0.2,0.1,1,1,10,40,"post_fragmentation","random",13,1878,38,28,2,322,775,1
82,421,50,0.7,0.15,0.2,0.1,1,1,10,40,"post_fragmentation","random",14,2230,45,30,2,322,717,1
82,421,50,0.7,0.15,0.2,0.1,1,1,10,40,"post_fragmentation","random",14,2230,45,30,2,322,749,1
82,421,50,0.7,0.15,0.2,0.1,1,1,10,40,"post_fragmentation","random",14,2230,45,30,2,322,779,1
82,421,50,0.7,0.15,0.2,0.1,1,1,10,40,"post_fragmentation","random",14,2230,45,30,2,322,792,1
82,421,50,0.7,0.15,0.2,0.1,1,1,10,40,"post_fragmentation","random",14,2230,45,30,2,322,798,3
82,421,50,0.7,0.15,0.2,0.1,1,1,10,40,"post_fragmentation","random",14,2230,45,30,2,322,800,1
82,421,50,0.7,0.15,0.2,0.1,1,1,10,40,"post_fragmentation","random",14,2230,45,30,2,322,804,1
82,421,50,0.7,0.15,0.2,0.1,1,1,10,40,"post_fragmentation","random",14,2230,45,30,2,322,807,1
82,421,50,0.7,0.15,0.2,0.1,1,1,10,40,"post_fragmentation","random",14,2230,45,30,2,322,819,1
82,421,50,0.7,0.15,0.2,0.1,1,1,10,40,"post_fragmentation","random",14,2230,45,30,2,322,876,2
82,421,50,0.7,0.15,0.2,0.1,1,1,10,40,"post_fragmentation","random",14,2230,45,30,2,322,881,1
82,421,50,0.7,0.15,0.2,0.1,1,1,10,40,"post_fragmentation","random",15,2127,43,27,2,322,661,1
82,421,50,0.7,0.15,0.2,0.1,1,1,10,40,"post_fragmentation","random",15,2127,43,27,2,322,682,1
82,421,50,0.7,0.15,0.2,0.1,1,1,10,40,"post_fragmentation","random",15,2127,43,27,2,322,693,1
82,421,50,0.7,0.15,0.2,0.1,1,1,10,40,"post_fragmentation","random",15,2127,43,27,2,322,698,1
82,421,50,0.7,0.15,0.2,0.1,1,1,10,40,"post_fragmentation","random",15,2127,43,27,2,322,704,1
82,421,50,0.7,0.15,0.2,0.1,1,1,10,40,"post_fragmentation","random",15,2127,43,27,2,322,707,1
82,421,50,0.7,0.15,0.2,0.1,1,1,10,40,"post_fragmentation","random",15,2127,43,27,2,322,710,2
82,421,50,0.7,0.15,0.2,0.1,1,1,10,40,"post_fragmentation","random",15,2127,43,27,2,322,712,1
82,421,50,0.7,0.15,0.2,0.1,1,1,10,40,"post_fragmentation","random",15,2127,43,27,2,322,716,1
82,421,50,0.7,0.15,0.2,0.1,1,1,10,40,"post_fragmentation","random",15,2127,43,27,2,322,723,1
82,421,50,0.7,0.15,0.2,0.1,1,1,10,40,"post_fragmentation","random",15,2127,43,27,2,322,725,1
82,421,50,0.7,0.15,0.2,0.1,1,1,10,40,"post_fragmentation","random",15,2127,43,27,2,322,746,2
82,421,50,0.7,0.15,0.2,0.1,1,1,10,40,"post_fragmentation","random",15,2127,43,27,2,322,757,1
82,421,50,0.7,0.15,0.2,0.1,1,1,10,40,"post_fragmentation","random",15,2127,43,27,2,322,775,1
82,421,50,0.7,0.15,0.2,0.1,1,1,10,40,"post_fragmentation","random",15,2127,43,27,2,322,779,1
82,421,50,0.7,0.15,0.2,0.1,1,1,10,40,"post_fragmentation","random",15,2127,43,27,2,322,791,2
82,421,50,0.7,0.15,0.2,0.1,1,1,10,40,"post_fragmentation","random",15,2127,43,27,2,322,811,1
82,421,50,0.7,0.15,0.2,0.1,1,1,10,40,"post_fragmentation","random",15,2127,43,27,2,322,831,1
82,421,50,0.7,0.15,0.2,0.1,1,1,10,40,"post_fragmentation","random",15,2127,43,27,2,322,874,1
82,421,50,0.7,0.15,0.2,0.1,1,1,10,40,"post_fragmentation","random",15,2127,43,27,2,322,876,1
82,421,50,0.7,0.15,0.2,0.1,1,1,10,40,"post_fragmentation","random",16,1789,36,39,2,322,268,1
82,421,50,0.7,0.15,0.2,0.1,1,1,10,40,"post_fragmentation","random",16,1789,36,39,2,322,308,1
82,421,50,0.7,0.15,0.2,0.1,1,1,10,40,"post_fragmentation","random",16,1789,36,39,2,322,336,1
82,421,50,0.7,0.15,0.2,0.1,1,1,10,40,"post_fragmentation","random",16,1789,36,39,2,322,339,1
82,421,50,0.7,0.15,0.2,0.1,1,1,10,40,"post_fragmentation","random",16,1789,36,39,2,322,349,3
82,421,50,0.7,0.15,0.2,0.1,1,1,10,40,"post_fragmentation","random",16,1789,36,39,2,322,354,1
82,421,50,0.7,0.15,0.2,0.1,1,1,10,40,"post_fragmentation","random",16,1789,36,39,2,322,369,1
82,421,50,0.7,0.15,0.2,0.1,1,1,10,40,"post_fragmentation","random",16,1789,36,39,2,322,375,1
82,421,50,0.7,0.15,0.2,0.1,1,1,10,40,"post_fragmentation","random",16,1789,36,39,2,322,383,2
82,421,50,0.7,0.15,0.2,0.1,1,1,10,40,"post_fragmentation","random",16,1789,36,39,2,322,386,1
82,421,50,0.7,0.15,0.2,0.1,1,1,10,40,"post_fragmentation","random",16,1789,36,39,2,322,404,1
82,421,50,0.7,0.15,0.2,0.1,1,1,10,40,"post_fragmentation","random",16,1789,36,39,2,322,413,1
82,421,50,0.7,0.15,0.2,0.1,1,1,10,40,"post_fragmentation","random",16,1789,36,39,2,322,414,2
82,421,50,0.7,0.15,0.2,0.1,1,1,10,40,"post_fragmentation","random",16,1789,36,39,2,322,415,1
82,421,50,0.7,0.15,0.2,0.1,1,1,10,40,"post_fragmentation","random",16,1789,36,39,2,322,424,1
82,421,50,0.7,0.15,0.2,0.1,1,1,10,40,"post_fragmentation","random",16,1789,36,39,2,322,431,1
82,421,50,0.7,0.15,0.2,0.1,1,1,10,40,"post_fragmentation","random",16,1789,36,39,2,322,511,1
82,421,50,0.7,0.15,0.2,0.1,1,1,10,40,"post_fragmentation","random",16,1789,36,39,2,322,517,1
82,421,50,0.7,0.15,0.2,0.1,1,1,10,40,"post_fragmentation","random",17,1687,34,37,2,322,177,1
82,421,50,0.7,0.15,0.2,0.1,1,1,10,40,"post_fragmentation","random",17,1687,34,37,2,322,178,1
82,421,50,0.7,0.15,0.2,0.1,1,1,10,40,"post_fragmentation","random",17,1687,34,37,2,322,241,1
82,421,50,0.7,0.15,0.2,0.1,1,1,10,40,"post_fragmentation","random",17,1687,34,37,2,322,252,2
82,421,50,0.7,0.15,0.2,0.1,1,1,10,40,"post_fragmentation","random",17,1687,34,37,2,322,254,1
82,421,50,0.7,0.15,0.2,0.1,1,1,10,40,"post_fragmentation","random",17,1687,34,37,2,322,258,1
82,421,50,0.7,0.15,0.2,0.1,1,1,10,40,"post_fragmentation","random",17,1687,34,37,2,322,269,2
82,421,50,0.7,0.15,0.2,0.1,1,1,10,40,"post_fragmentation","random",17,1687,34,37,2,322,281,2
82,421,50,0.7,0.15,0.2,0.1,1,1,10,40,"post_fragmentation","random",17,1687,34,37,2,322,284,1
82,421,50,0.7,0.15,0.2,0.1,1,1,10,40,"post_fragmentation","random",17,1687,34,37,2,322,288,1
82,421,50,0.7,0.15,0.2,0.1,1,1,10,40,"post_fragmentation","random",17,1687,34,37,2,322,290,1
82,421,50,0.7,0.15,0.2,0.1,1,1,10,40,"post_fragmentation","random",17,1687,34,37,2,322,298,1
82,421,50,0.7,0.15,0.2,0.1,1,1,10,40,"post_fragmentation","random",17,1687,34,37,2,322,300,4
82,421,50,0.7,0.15,0.2,0.1,1,1,10,40,"post_fragmentation","random",17,1687,34,37,2,322,302,1
82,421,50,0.7,0.15,0.2,0.1,1,1,10,40,"post_fragmentation","random",17,1687,34,37,2,322,313,2
82,421,50,0.7,0.15,0.2,0.1,1,1,10,40,"post_fragmentation","random",17,1687,34,37,2,322,317,1
82,421,50,0.7,0.15,0.2,0.1,1,1,10,40,"post_fragmentation","random",17,1687,34,37,2,322,325,1
82,421,50,0.7,0.15,0.2,0.1,1,1,10,40,"post_fragmentation","random",17,1687,34,37,2,322,330,1
82,421,50,0.7,0.15,0.2,0.1,1,1,10,40,"post_fragmentation","random",17,1687,34,37,2,322,332,1
82,421,50,0.7,0.15,0.2,0.1,1,1,10,40,"post_fragmentation","random",17,1687,34,37,2,322,338,1
82,421,50,0.7,0.15,0.2,0.1,1,1,10,40,"post_fragmentation","random",17,1687,34,37,2,322,354,1
82,421,50,0.7,0.15,0.2,0.1,1,1,10,40,"post_fragmentation","random",17,1687,34,37,2,322,365,1
82,421,50,0.7,0.15,0.2,0.1,1,1,10,40,"post_fragmentation","random",17,1687,34,37,2,322,369,2
82,421,50,0.7,0.15,0.2,0.1,1,1,10,40,"post_fragmentation","random",17,1687,34,37,2,322,370,2
82,421,50,0.7,0.15,0.2,0.1,1,1,10,40,"post_fragmentation","random",17,1687,34,37,2,322,375,1
82,421,50,0.7,0.15,0.2,0.1,1,1,10,40,"post_fragmentation","random",17,1687,34,37,2,322,394,1
82,421,50,0.7,0.15,0.2,0.1,1,1,10,40,"post_fragmentation","random",18,1155,24,5,1,53,101,1
82,421,50,0.7,0.15,0.2,0.1,1,1,10,40,"post_fragmentation","random",18,1155,24,5,1,53,113,3
82,421,50,0.7,0.15,0.2,0.1,1,1,10,40,"post_fragmentation","random",18,1155,24,5,1,53,114,1
82,421,50,0.7,0.15,0.2,0.1,1,1,10,40,"post_fragmentation","random",18,1155,24,5,1,53,129,1
82,421,50,0.7,0.15,0.2,0.1,1,1,10,40,"post_fragmentation","random",18,1155,24,5,1,53,175,2
82,421,50,0.7,0.15,0.2,0.1,1,1,10,40,"post_fragmentation","random",18,1155,24,5,1,53,186,1
82,421,50,0.7,0.15,0.2,0.1,1,1,10,40,"post_fragmentation","random",18,1155,24,5,1,53,215,1
82,421,50,0.7,0.15,0.2,0.1,1,1,10,40,"post_fragmentation","random",18,1155,24,5,1,53,219,2
82,421,50,0.7,0.15,0.2,0.1,1,1,10,40,"post_fragmentation","random",18,1155,24,5,1,53,220,1
82,421,50,0.7,0.15,0.2,0.1,1,1,10,40,"post_fragmentation","random",18,1155,24,5,1,53,229,1
82,421,50,0.7,0.15,0.2,0.1,1,1,10,40,"post_fragmentation","random",18,1155,24,5,1,53,235,1
82,421,50,0.7,0.15,0.2,0.1,1,1,10,40,"post_fragmentation","random",18,1155,24,5,1,53,237,1
82,421,50,0.7,0.15,0.2,0.1,1,1,10,40,"post_fragmentation","random",18,1155,24,5,1,53,287,1
82,421,50,0.7,0.15,0.2,0.1,1,1,10,40,"post_fragmentation","random",19,1618,33,18,2,322,442,1
82,421,50,0.7,0.15,0.2,0.1,1,1,10,40,"post_fragmentation","random",19,1618,33,18,2,322,510,1
82,421,50,0.7,0.15,0.2,0.1,1,1,10,40,"post_fragmentation","random",19,1618,33,18,2,322,517,1
82,421,50,0.7,0.15,0.2,0.1,1,1,10,40,"post_fragmentation","random",19,1618,33,18,2,322,550,2
82,421,50,0.7,0.15,0.2,0.1,1,1,10,40,"post_fragmentation","random",19,1618,33,18,2,322,558,1
82,421,50,0.7,0.15,0.2,0.1,1,1,10,40,"post_fragmentation","random",19,1618,33,18,2,322,592,2
82,421,50,0.7,0.15,0.2,0.1,1,1,10,40,"post_fragmentation","random",19,1618,33,18,2,322,593,1
82,421,50,0.7,0.15,0.2,0.1,1,1,10,40,"post_fragmentation","random",19,1618,33,18,2,322,595,1
82,421,50,0.7,0.15,0.2,0.1,1,1,10,40,"post_fragmentation","random",19,1618,33,18,2,322,598,1
82,421,50,0.7,0.15,0.2,0.1,1,1,10,40,"post_fragmentation","random",19,1618,33,18,2,322,617,1
82,421,50,0.7,0.15,0.2,0.1,1,1,10,40,"post_fragmentation","random",19,1618,33,18,2,322,620,1
82,421,50,0.7,0.15,0.2,0.1,1,1,10,40,"post_fragmentation","random",19,1618,33,18,2,322,625,1
82,421,50,0.7,0.15,0.2,0.1,1,1,10,40,"post_fragmentation","random",19,1618,33,18,2,322,630,1
82,421,50,0.7,0.15,0.2,0.1,1,1,10,40,"post_fragmentation","random",19,1618,33,18,2,322,638,1
82,421,50,0.7,0.15,0.2,0.1,1,1,10,40,"post_fragmentation","random",19,1618,33,18,2,322,641,2
82,421,50,0.7,0.15,0.2,0.1,1,1,10,40,"post_fragmentation","random",19,1618,33,18,2,322,646,1
82,421,50,0.7,0.15,0.2,0.1,1,1,10,40,"post_fragmentation","random",19,1618,33,18,2,322,682,1
82,421,50,0.7,0.15,0.2,0.1,1,1,10,40,"post_fragmentation","random",19,1618,33,18,2,322,746,1
82,421,50,0.7,0.15,0.2,0.1,1,1,10,40,"post_fragmentation","random",19,1618,33,18,2,322,752,1
82,421,50,0.7,0.15,0.2,0.1,1,1,10,40,"post_fragmentation","random",19,1618,33,18,2,322,762,1
82,421,50,0.7,0.15,0.2,0.1,1,1,10,40,"post_fragmentation","random",20,947,19,47,1,53,223,1
82,421,50,0.7,0.15,0.2,0.1,1,1,10,40,"post_fragmentation","random",20,947,19,47,1,53,282,1
82,421,50,0.7,0.15,0.2,0.1,1,1,10,40,"post_fragmentation","random",20,947,19,47,1,53,296,1
82,421,50,0.7,0.15,0.2,0.1,1,1,10,40,"post_fragmentation","random",20,947,19,47,1,53,298,1
82,421,50,0.7,0.15,0.2,0.1,1,1,10,40,"post_fragmentation","random",20,947,19,47,1,53,308,1
82,421,50,0.7,0.15,0.2,0.1,1,1,10,40,"post_fragmentation","random",20,947,19,47,1,53,323,1
82,421,50,0.7,0.15,0.2,0.1,1,1,10,40,"post_fragmentation","random",20,947,19,47,1,53,326,1
82,421,50,0.7,0.15,0.2,0.1,1,1,10,40,"post_fragmentation","random",20,947,19,47,1,53,330,2
82,421,50,0.7,0.15,0.2,0.1,1,1,10,40,"post_fragmentation","random",20,947,19,47,1,53,331,1
82,421,50,0.7,0.15,0.2,0.1,1,1,10,40,"post_fragmentation","random",20,947,19,47,1,53,335,1
82,421,50,0.7,0.15,0.2,0.1,1,1,10,40,"post_fragmentation","random",20,947,19,47,1,53,350,1
82,421,50,0.7,0.15,0.2,0.1,1,1,10,40,"post_fragmentation","random",20,947,19,47,1,53,362,1
82,421,50,0.7,0.15,0.2,0.1,1,1,10,40,"post_fragmentation","random",20,947,19,47,1,53,370,1
82,421,50,0.7,0.15,0.2,0.1,1,1,10,40,"post_fragmentation","random",20,947,19,47,1,53,383,2
82,421,50,0.7,0.15,0.2,0.1,1,1,10,40,"post_fragmentation","random",20,947,19,47,1,53,390,1
82,421,50,0.7,0.15,0.2,0.1,1,1,10,40,"post_fragmentation","random",20,947,19,47,1,53,480,1
82,421,50,0.7,0.15,0.2,0.1,1,1,10,40,"post_fragmentation","random",21,1779,36,29,2,322,448,1
82,421,50,0.7,0.15,0.2,0.1,1,1,10,40,"post_fragmentation","random",21,1779,36,29,2,322,568,1
82,421,50,0.7,0.15,0.2,0.1,1,1,10,40,"post_fragmentation","random",21,1779,36,29,2,322,573,1
82,421,50,0.7,0.15,0.2,0.1,1,1,10,40,"post_fragmentation","random",21,1779,36,29,2,322,592,4
82,421,50,0.7,0.15,0.2,0.1,1,1,10,40,"post_fragmentation","random",21,1779,36,29,2,322,600,1
82,421,50,0.7,0.15,0.2,0.1,1,1,10,40,"post_fragmentation","random",21,1779,36,29,2,322,615,1
82,421,50,0.7,0.15,0.2,0.1,1,1,10,40,"post_fragmentation","random",21,1779,36,29,2,322,625,1
82,421,50,0.7,0.15,0.2,0.1,1,1,10,40,"post_fragmentation","random",21,1779,36,29,2,322,629,3
82,421,50,0.7,0.15,0.2,0.1,1,1,10,40,"post_fragmentation","random",21,1779,36,29,2,322,642,1
82,421,50,0.7,0.15,0.2,0.1,1,1,10,40,"post_fragmentation","random",21,1779,36,29,2,322,650,1
82,421,50,0.7,0.15,0.2,0.1,1,1,10,40,"post_fragmentation","random",21,1779,36,29,2,322,658,1
82,421,50,0.7,0.15,0.2,0.1,1,1,10,40,"post_fragmentation","random",21,1779,36,29,2,322,661,1
82,421,50,0.7,0.15,0.2,0.1,1,1,10,40,"post_fragmentation","random",21,1779,36,29,2,322,688,1
82,421,50,0.7,0.15,0.2,0.1,1,1,10,40,"post_fragmentation","random",21,1779,36,29,2,322,698,1
82,421,50,0.7,0.15,0.2,0.1,1,1,10,40,"post_fragmentation","random",21,1779,36,29,2,322,726,1
82,421,50,0.7,0.15,0.2,0.1,1,1,10,40,"post_fragmentation","random",22,1520,31,20,2,322,373,1
82,421,50,0.7,0.15,0.2,0.1,1,1,10,40,"post_fragmentation","random",22,1520,31,20,2,322,424,2
82,421,50,0.7,0.15,0.2,0.1,1,1,10,40,"post_fragmentation","random",22,1520,31,20,2,322,499,1
82,421,50,0.7,0.15,0.2,0.1,1,1,10,40,"post_fragmentation","random",22,1520,31,20,2,322,526,1
82,421,50,0.7,0.15,0.2,0.1,1,1,10,40,"post_fragmentation","random",22,1520,31,20,2,322,558,1
82,421,50,0.7,0.15,0.2,0.1,1,1,10,40,"post_fragmentation","random",22,1520,31,20,2,322,569,1
82,421,50,0.7,0.15,0.2,0.1,1,1,10,40,"post_fragmentation","random",22,1520,31,20,2,322,591,1
82,421,50,0.7,0.15,0.2,0.1,1,1,10,40,"post_fragmentation","random",22,1520,31,20,2,322,607,1
82,421,50,0.7,0.15,0.2,0.1,1,1,10,40,"post_fragmentation","random",22,1520,31,20,2,322,615,1
82,421,50,0.7,0.15,0.2,0.1,1,1,10,40,"post_fragmentation","random",22,1520,31,20,2,322,642,1
82,421,50,0.7,0.15,0.2,0.1,1,1,10,40,"post_fragmentation","random",22,1520,31,20,2,322,645,1
82,421,50,0.7,0.15,0.2,0.1,1,1,10,40,"post_fragmentation","random",22,1520,31,20,2,322,646,1
82,421,50,0.7,0.15,0.2,0.1,1,1,10,40,"post_fragmentation","random",22,1520,31,20,2,322,677,1
82,421,50,0.7,0.15,0.2,0.1,1,1,10,40,"post_fragmentation","random",23,1047,21,47,1,53,153,2
82,421,50,0.7,0.15,0.2,0.1,1,1,10,40,"post_fragmentation","random",23,1047,21,47,1,53,190,1
82,421,50,0.7,0.15,0.2,0.1,1,1,10,40,"post_fragmentation","random",23,1047,21,47,1,53,215,1
82,421,50,0.7,0.15,0.2,0.1,1,1,10,40,"post_fragmentation","random",23,1047,21,47,1,53,220,1
82,421,50,0.7,0.15,0.2,0.1,1,1,10,40,"post_fragmentation","random",23,1047,21,47,1,53,229,1
82,421,50,0.7,0.15,0.2,0.1,1,1,10,40,"post_fragmentation","random",23,1047,21,47,1,53,236,1
82,421,50,0.7,0.15,0.2,0.1,1,1,10,40,"post_fragmentation","random",23,1047,21,47,1,53,244,1
82,421,50,0.7,0.15,0.2,0.1,1,1,10,40,"post_fragmentation","random",23,1047,21,47,1,53,253,1
82,421,50,0.7,0.15,0.2,0.1,1,1,10,40,"post_fragmentation","random",23,1047,21,47,1,53,261,2
82,421,50,0.7,0.15,0.2,0.1,1,1,10,40,"post_fragmentation","random",23,1047,21,47,1,53,288,2
82,421,50,0.7,0.15,0.2,0.1,1,1,10,40,"post_fragmentation","random",23,1047,21,47,1,53,294,1
82,421,50,0.7,0.15,0.2,0.1,1,1,10,40,"post_fragmentation","random",23,1047,21,47,1,53,298,1
82,421,50,0.7,0.15,0.2,0.1,1,1,10,40,"post_fragmentation","random",23,1047,21,47,1,53,338,1
82,421,50,0.7,0.15,0.2,0.1,1,1,10,40,"post_fragmentation","random",23,1047,21,47,1,53,378,1
82,421,50,0.7,0.15,0.2,0.1,1,1,10,40,"post_fragmentation","random",23,1047,21,47,1,53,380,1
82,421,50,0.7,0.15,0.2,0.1,1,1,10,40,"post_fragmentation","random",24,1202,25,2,1,53,123,1
82,421,50,0.7,0.15,0.2,0.1,1,1,10,40,"post_fragmentation","random",24,1202,25,2,1,53,131,1
82,421,50,0.7,0.15,0.2,0.1,1,1,10,40,"post_fragmentation","random",24,1202,25,2,1,53,192,1
82,421,50,0.7,0.15,0.2,0.1,1,1,10,40,"post_fragmentation","random",24,1202,25,2,1,53,208,1
82,421,50,0.7,0.15,0.2,0.1,1,1,10,40,"post_fragmentation","random",25,1874,38,24,2,322,574,1
82,421,50,0.7,0.15,0.2,0.1,1,1,10,40,"post_fragmentation","random",25,1874,38,24,2,322,637,1
82,421,50,0.7,0.15,0.2,0.1,1,1,10,40,"post_fragmentation","random",25,1874,38,24,2,322,638,1
82,421,50,0.7,0.15,0.2,0.1,1,1,10,40,"post_fragmentation","random",25,1874,38,24,2,322,641,1
82,421,50,0.7,0.15,0.2,0.1,1,1,10,40,"post_fragmentation","random",25,1874,38,24,2,322,657,1
82,421,50,0.7,0.15,0.2,0.1,1,1,10,40,"post_fragmentation","random",25,1874,38,24,2,322,658,1
82,421,50,0.7,0.15,0.2,0.1,1,1,10,40,"post_fragmentation","random",25,1874,38,24,2,322,661,1
82,421,50,0.7,0.15,0.2,0.1,1,1,10,40,"post_fragmentation","random",25,1874,38,24,2,322,664,1
82,421,50,0.7,0.15,0.2,0.1,1,1,10,40,"post_fragmentation","random",25,1874,38,24,2,322,669,1
82,421,50,0.7,0.15,0.2,0.1,1,1,10,40,"post_fragmentation","random",25,1874,38,24,2,322,682,1
82,421,50,0.7,0.15,0.2,0.1,1,1,10,40,"post_fragmentation","random",25,1874,38,24,2,322,683,1
82,421,50,0.7,0.15,0.2,0.1,1,1,10,40,"post_fragmentation","random",25,1874,38,24,2,322,697,1
82,421,50,0.7,0.15,0.2,0.1,1,1,10,40,"post_fragmentation","random",25,1874,38,24,2,322,698,1
82,421,50,0.7,0.15,0.2,0.1,1,1,10,40,"post_fragmentation","random",25,1874,38,24,2,322,702,1
82,421,50,0.7,0.15,0.2,0.1,1,1,10,40,"post_fragmentation","random",25,1874,38,24,2,322,707,1
82,421,50,0.7,0.15,0.2,0.1,1,1,10,40,"post_fragmentation","random",25,1874,38,24,2,322,714,1
82,421,50,0.7,0.15,0.2,0.1,1,1,10,40,"post_fragmentation","random",25,1874,38,24,2,322,716,1
82,421,50,0.7,0.15,0.2,0.1,1,1,10,40,"post_fragmentation","random",25,1874,38,24,2,322,731,1
82,421,50,0.7,0.15,0.2,0.1,1,1,10,40,"post_fragmentation","random",25,1874,38,24,2,322,732,1
82,421,50,0.7,0.15,0.2,0.1,1,1,10,40,"post_fragmentation","random",25,1874,38,24,2,322,756,2
82,421,50,0.7,0.15,0.2,0.1,1,1,10,40,"post_fragmentation","random",25,1874,38,24,2,322,757,1
82,421,50,0.7,0.15,0.2,0.1,1,1,10,40,"post_fragmentation","random",25,1874,38,24,2,322,762,1
82,421,50,0.7,0.15,0.2,0.1,1,1,10,40,"post_fragmentation","random",25,1874,38,24,2,322,779,1
82,421,50,0.7,0.15,0.2,0.1,1,1,10,40,"post_fragmentation","random",25,1874,38,24,2,322,786,1
82,421,50,0.7,0.15,0.2,0.1,1,1,10,40,"post_fragmentation","random",25,1874,38,24,2,322,808,2
82,421,50,0.7,0.15,0.2,0.1,1,1,10,40,"post_fragmentation","random",25,1874,38,24,2,322,817,1
82,421,50,0.7,0.15,0.2,0.1,1,1,10,40,"post_fragmentation","random",26,1974,40,24,2,322,672,1
82,421,50,0.7,0.15,0.2,0.1,1,1,10,40,"post_fragmentation","random",26,1974,40,24,2,322,682,1
82,421,50,0.7,0.15,0.2,0.1,1,1,10,40,"post_fragmentation","random",26,1974,40,24,2,322,693,3
82,421,50,0.7,0.15,0.2,0.1,1,1,10,40,"post_fragmentation","random",26,1974,40,24,2,322,702,1
82,421,50,0.7,0.15,0.2,0.1,1,1,10,40,"post_fragmentation","random",26,1974,40,24,2,322,712,1
82,421,50,0.7,0.15,0.2,0.1,1,1,10,40,"post_fragmentation","random",26,1974,40,24,2,322,731,1
82,421,50,0.7,0.15,0.2,0.1,1,1,10,40,"post_fragmentation","random",26,1974,40,24,2,322,732,1
82,421,50,0.7,0.15,0.2,0.1,1,1,10,40,"post_fragmentation","random",26,1974,40,24,2,322,740,1
82,421,50,0.7,0.15,0.2,0.1,1,1,10,40,"post_fragmentation","random",26,1974,40,24,2,322,757,1
82,421,50,0.7,0.15,0.2,0.1,1,1,10,40,"post_fragmentation","random",26,1974,40,24,2,322,762,1
82,421,50,0.7,0.15,0.2,0.1,1,1,10,40,"post_fragmentation","random",26,1974,40,24,2,322,767,1
82,421,50,0.7,0.15,0.2,0.1,1,1,10,40,"post_fragmentation","random",26,1974,40,24,2,322,792,1
82,421,50,0.7,0.15,0.2,0.1,1,1,10,40,"post_fragmentation","random",26,1974,40,24,2,322,808,1
82,421,50,0.7,0.15,0.2,0.1,1,1,10,40,"post_fragmentation","random",26,1974,40,24,2,322,835,1
82,421,50,0.7,0.15,0.2,0.1,1,1,10,40,"post_fragmentation","random",26,1974,40,24,2,322,842,1
82,421,50,0.7,0.15,0.2,0.1,1,1,10,40,"post_fragmentation","random",26,1974,40,24,2,322,867,1
82,421,50,0.7,0.15,0.2,0.1,1,1,10,40,"post_fragmentation","random",27,1717,35,17,2,322,569,1
82,421,50,0.7,0.15,0.2,0.1,1,1,10,40,"post_fragmentation","random",27,1717,35,17,2,322,579,1
82,421,50,0.7,0.15,0.2,0.1,1,1,10,40,"post_fragmentation","random",27,1717,35,17,2,322,600,1
82,421,50,0.7,0.15,0.2,0.1,1,1,10,40,"post_fragmentation","random",27,1717,35,17,2,322,629,1
82,421,50,0.7,0.15,0.2,0.1,1,1,10,40,"post_fragmentation","random",27,1717,35,17,2,322,637,1
82,421,50,0.7,0.15,0.2,0.1,1,1,10,40,"post_fragmentation","random",27,1717,35,17,2,322,642,1
82,421,50,0.7,0.15,0.2,0.1,1,1,10,40,"post_fragmentation","random",27,1717,35,17,2,322,657,1
82,421,50,0.7,0.15,0.2,0.1,1,1,10,40,"post_fragmentation","random",27,1717,35,17,2,322,677,1
82,421,50,0.7,0.15,0.2,0.1,1,1,10,40,"post_fragmentation","random",27,1717,35,17,2,322,684,1
82,421,50,0.7,0.15,0.2,0.1,1,1,10,40,"post_fragmentation","random",27,1717,35,17,2,322,691,1
82,421,50,0.7,0.15,0.2,0.1,1,1,10,40,"post_fragmentation","random",27,1717,35,17,2,322,697,1
82,421,50,0.7,0.15,0.2,0.1,1,1,10,40,"post_fragmentation","random",27,1717,35,17,2,322,702,1
82,421,50,0.7,0.15,0.2,0.1,1,1,10,40,"post_fragmentation","random",27,1717,35,17,2,322,707,1
82,421,50,0.7,0.15,0.2,0.1,1,1,10,40,"post_fragmentation","random",27,1717,35,17,2,322,710,1
82,421,50,0.7,0.15,0.2,0.1,1,1,10,40,"post_fragmentation","random",27,1717,35,17,2,322,716,1
82,421,50,0.7,0.15,0.2,0.1,1,1,10,40,"post_fragmentation","random",27,1717,35,17,2,322,718,1
82,421,50,0.7,0.15,0.2,0.1,1,1,10,40,"post_fragmentation","random",27,1717,35,17,2,322,719,1
82,421,50,0.7,0.15,0.2,0.1,1,1,10,40,"post_fragmentation","random",27,1717,35,17,2,322,730,1
82,421,50,0.7,0.15,0.2,0.1,1,1,10,40,"post_fragmentation","random",27,1717,35,17,2,322,741,1
82,421,50,0.7,0.15,0.2,0.1,1,1,10,40,"post_fragmentation","random",27,1717,35,17,2,322,749,1
82,421,50,0.7,0.15,0.2,0.1,1,1,10,40,"post_fragmentation","random",27,1717,35,17,2,322,762,1
82,421,50,0.7,0.15,0.2,0.1,1,1,10,40,"post_fragmentation","random",28,2229,45,29,2,322,662,1
82,421,50,0.7,0.15,0.2,0.1,1,1,10,40,"post_fragmentation","random",28,2229,45,29,2,322,714,1
82,421,50,0.7,0.15,0.2,0.1,1,1,10,40,"post_fragmentation","random",28,2229,45,29,2,322,723,1
82,421,50,0.7,0.15,0.2,0.1,1,1,10,40,"post_fragmentation","random",28,2229,45,29,2,322,725,1
82,421,50,0.7,0.15,0.2,0.1,1,1,10,40,"post_fragmentation","random",28,2229,45,29,2,322,779,1
82,421,50,0.7,0.15,0.2,0.1,1,1,10,40,"post_fragmentation","random",28,2229,45,29,2,322,791,1
82,421,50,0.7,0.15,0.2,0.1,1,1,10,40,"post_fragmentation","random",28,2229,45,29,2,322,793,1
82,421,50,0.7,0.15,0.2,0.1,1,1,10,40,"post_fragmentation","random",28,2229,45,29,2,322,799,2
82,421,50,0.7,0.15,0.2,0.1,1,1,10,40,"post_fragmentation","random",28,2229,45,29,2,322,800,1
82,421,50,0.7,0.15,0.2,0.1,1,1,10,40,"post_fragmentation","random",28,2229,45,29,2,322,815,1
82,421,50,0.7,0.15,0.2,0.1,1,1,10,40,"post_fragmentation","random",28,2229,45,29,2,322,819,1
82,421,50,0.7,0.15,0.2,0.1,1,1,10,40,"post_fragmentation","random",28,2229,45,29,2,322,832,2
82,421,50,0.7,0.15,0.2,0.1,1,1,10,40,"post_fragmentation","random",28,2229,45,29,2,322,834,1
82,421,50,0.7,0.15,0.2,0.1,1,1,10,40,"post_fragmentation","random",28,2229,45,29,2,322,843,1
82,421,50,0.7,0.15,0.2,0.1,1,1,10,40,"post_fragmentation","random",28,2229,45,29,2,322,881,1
82,421,50,0.7,0.15,0.2,0.1,1,1,10,40,"post_fragmentation","random",28,2229,45,29,2,322,886,1
82,421,50,0.7,0.15,0.2,0.1,1,1,10,40,"post_fragmentation","random",28,2229,45,29,2,322,922,1
82,421,50,0.7,0.15,0.2,0.1,1,1,10,40,"post_fragmentation","random",28,2229,45,29,2,322,948,1
82,421,50,0.7,0.15,0.2,0.1,1,1,10,40,"post_fragmentation","random",29,1690,34,40,2,322,179,1
82,421,50,0.7,0.15,0.2,0.1,1,1,10,40,"post_fragmentation","random",29,1690,34,40,2,322,207,1
82,421,50,0.7,0.15,0.2,0.1,1,1,10,40,"post_fragmentation","random",29,1690,34,40,2,322,221,1
82,421,50,0.7,0.15,0.2,0.1,1,1,10,40,"post_fragmentation","random",29,1690,34,40,2,322,258,1
82,421,50,0.7,0.15,0.2,0.1,1,1,10,40,"post_fragmentation","random",29,1690,34,40,2,322,287,1
82,421,50,0.7,0.15,0.2,0.1,1,1,10,40,"post_fragmentation","random",29,1690,34,40,2,322,288,1
82,421,50,0.7,0.15,0.2,0.1,1,1,10,40,"post_fragmentation","random",29,1690,34,40,2,322,308,2
82,421,50,0.7,0.15,0.2,0.1,1,1,10,40,"post_fragmentation","random",29,1690,34,40,2,322,317,1
82,421,50,0.7,0.15,0.2,0.1,1,1,10,40,"post_fragmentation","random",29,1690,34,40,2,322,375,1
82,421,50,0.7,0.15,0.2,0.1,1,1,10,40,"post_fragmentation","random",29,1690,34,40,2,322,377,1
82,421,50,0.7,0.15,0.2,0.1,1,1,10,40,"post_fragmentation","random",29,1690,34,40,2,322,386,1
82,421,50,0.7,0.15,0.2,0.1,1,1,10,40,"post_fragmentation","random",29,1690,34,40,2,322,391,1
82,421,50,0.7,0.15,0.2,0.1,1,1,10,40,"post_fragmentation","random",29,1690,34,40,2,322,396,1
82,421,50,0.7,0.15,0.2,0.1,1,1,10,40,"post_fragmentation","random",29,1690,34,40,2,322,397,1
82,421,50,0.7,0.15,0.2,0.1,1,1,10,40,"post_fragmentation","random",29,1690,34,40,2,322,414,1
82,421,50,0.7,0.15,0.2,0.1,1,1,10,40,"post_fragmentation","random",29,1690,34,40,2,322,426,1
82,421,50,0.7,0.15,0.2,0.1,1,1,10,40,"post_fragmentation","random",29,1690,34,40,2,322,465,1
82,421,50,0.7,0.15,0.2,0.1,1,1,10,40,"post_fragmentation","random",29,1690,34,40,2,322,466,1
82,421,50,0.7,0.15,0.2,0.1,1,1,10,40,"post_fragmentation","random",30,1363,28,13,2,322,221,1
82,421,50,0.7,0.15,0.2,0.1,1,1,10,40,"post_fragmentation","random",30,1363,28,13,2,322,227,1
82,421,50,0.7,0.15,0.2,0.1,1,1,10,40,"post_fragmentation","random",30,1363,28,13,2,322,237,1
82,421,50,0.7,0.15,0.2,0.1,1,1,10,40,"post_fragmentation","random",30,1363,28,13,2,322,274,2
82,421,50,0.7,0.15,0.2,0.1,1,1,10,40,"post_fragmentation","random",30,1363,28,13,2,322,280,1
82,421,50,0.7,0.15,0.2,0.1,1,1,10,40,"post_fragmentation","random",30,1363,28,13,2,322,295,1
82,421,50,0.7,0.15,0.2,0.1,1,1,10,40,"post_fragmentation","random",30,1363,28,13,2,322,300,1
82,421,50,0.7,0.15,0.2,0.1,1,1,10,40,"post_fragmentation","random",30,1363,28,13,2,322,301,1
82,421,50,0.7,0.15,0.2,0.1,1,1,10,40,"post_fragmentation","random",30,1363,28,13,2,322,354,1
82,421,50,0.7,0.15,0.2,0.1,1,1,10,40,"post_fragmentation","random",30,1363,28,13,2,322,381,1
82,421,50,0.7,0.15,0.2,0.1,1,1,10,40,"post_fragmentation","random",30,1363,28,13,2,322,465,1
82,421,50,0.7,0.15,0.2,0.1,1,1,10,100,"final","random",1,1617,33,17,2,322,843,1
82,421,50,0.7,0.15,0.2,0.1,1,1,10,100,"final","random",2,1688,34,38,2,322,NA,NA
82,421,50,0.7,0.15,0.2,0.1,1,1,10,100,"final","random",3,1623,33,23,2,322,658,2
82,421,50,0.7,0.15,0.2,0.1,1,1,10,100,"final","random",3,1623,33,23,2,322,762,1
82,421,50,0.7,0.15,0.2,0.1,1,1,10,100,"final","random",4,1618,33,18,2,322,664,1
82,421,50,0.7,0.15,0.2,0.1,1,1,10,100,"final","random",4,1618,33,18,2,322,710,1
82,421,50,0.7,0.15,0.2,0.1,1,1,10,100,"final","random",4,1618,33,18,2,322,728,2
82,421,50,0.7,0.15,0.2,0.1,1,1,10,100,"final","random",5,1211,25,11,2,322,NA,NA
82,421,50,0.7,0.15,0.2,0.1,1,1,10,100,"final","random",6,1835,37,35,2,322,NA,NA
82,421,50,0.7,0.15,0.2,0.1,1,1,10,100,"final","random",7,1579,32,29,2,322,549,2
82,421,50,0.7,0.15,0.2,0.1,1,1,10,100,"final","random",7,1579,32,29,2,322,723,1
82,421,50,0.7,0.15,0.2,0.1,1,1,10,100,"final","random",7,1579,32,29,2,322,725,1
82,421,50,0.7,0.15,0.2,0.1,1,1,10,100,"final","random",8,2072,42,22,2,322,723,1
82,421,50,0.7,0.15,0.2,0.1,1,1,10,100,"final","random",8,2072,42,22,2,322,757,1
82,421,50,0.7,0.15,0.2,0.1,1,1,10,100,"final","random",8,2072,42,22,2,322,843,1
82,421,50,0.7,0.15,0.2,0.1,1,1,10,100,"final","random",9,1871,38,21,2,322,702,1
82,421,50,0.7,0.15,0.2,0.1,1,1,10,100,"final","random",9,1871,38,21,2,322,725,1
82,421,50,0.7,0.15,0.2,0.1,1,1,10,100,"final","random",9,1871,38,21,2,322,757,1
82,421,50,0.7,0.15,0.2,0.1,1,1,10,100,"final","random",9,1871,38,21,2,322,762,1
82,421,50,0.7,0.15,0.2,0.1,1,1,10,100,"final","random",9,1871,38,21,2,322,824,1
82,421,50,0.7,0.15,0.2,0.1,1,1,10,100,"final","random",10,2133,43,33,2,322,725,1
82,421,50,0.7,0.15,0.2,0.1,1,1,10,100,"final","random",10,2133,43,33,2,322,726,1
82,421,50,0.7,0.15,0.2,0.1,1,1,10,100,"final","random",10,2133,43,33,2,322,744,1
82,421,50,0.7,0.15,0.2,0.1,1,1,10,100,"final","random",11,1690,34,40,2,322,NA,NA
82,421,50,0.7,0.15,0.2,0.1,1,1,10,100,"final","random",12,1098,22,48,1,53,NA,NA
82,421,50,0.7,0.15,0.2,0.1,1,1,10,100,"final","random",13,1775,36,25,2,322,549,1
82,421,50,0.7,0.15,0.2,0.1,1,1,10,100,"final","random",13,1775,36,25,2,322,629,2
82,421,50,0.7,0.15,0.2,0.1,1,1,10,100,"final","random",13,1775,36,25,2,322,762,1
82,421,50,0.7,0.15,0.2,0.1,1,1,10,100,"final","random",14,1717,35,17,2,322,629,1
82,421,50,0.7,0.15,0.2,0.1,1,1,10,100,"final","random",14,1717,35,17,2,322,664,1
82,421,50,0.7,0.15,0.2,0.1,1,1,10,100,"final","random",15,1517,31,17,2,322,629,1
82,421,50,0.7,0.15,0.2,0.1,1,1,10,100,"final","random",16,902,19,2,1,53,NA,NA
82,421,50,0.7,0.15,0.2,0.1,1,1,10,100,"final","random",17,1570,32,20,2,322,NA,NA
82,421,50,0.7,0.15,0.2,0.1,1,1,10,100,"final","random",18,2174,44,24,2,322,629,1
82,421,50,0.7,0.15,0.2,0.1,1,1,10,100,"final","random",18,2174,44,24,2,322,710,1
82,421,50,0.7,0.15,0.2,0.1,1,1,10,100,"final","random",18,2174,44,24,2,322,723,2
82,421,50,0.7,0.15,0.2,0.1,1,1,10,100,"final","random",19,1985,40,35,2,322,693,1
82,421,50,0.7,0.15,0.2,0.1,1,1,10,100,"final","random",19,1985,40,35,2,322,718,1
82,421,50,0.7,0.15,0.2,0.1,1,1,10,100,"final","random",20,1840,37,40,2,322,NA,NA
82,421,50,0.7,0.15,0.2,0.1,1,1,10,100,"final","random",21,2081,42,31,2,322,672,1
82,421,50,0.7,0.15,0.2,0.1,1,1,10,100,"final","random",21,2081,42,31,2,322,718,1
82,421,50,0.7,0.15,0.2,0.1,1,1,10,100,"final","random",21,2081,42,31,2,322,725,1
82,421,50,0.7,0.15,0.2,0.1,1,1,10,100,"final","random",21,2081,42,31,2,322,752,1
82,421,50,0.7,0.15,0.2,0.1,1,1,10,100,"final","random",21,2081,42,31,2,322,757,1
82,421,50,0.7,0.15,0.2,0.1,1,1,10,100,"final","random",22,1866,38,16,2,322,693,1
82,421,50,0.7,0.15,0.2,0.1,1,1,10,100,"final","random",22,1866,38,16,2,322,725,1
82,421,50,0.7,0.15,0.2,0.1,1,1,10,100,"final","random",23,1926,39,26,2,322,723,5
82,421,50,0.7,0.15,0.2,0.1,1,1,10,100,"final","random",23,1926,39,26,2,322,726,1
82,421,50,0.7,0.15,0.2,0.1,1,1,10,100,"final","random",23,1926,39,26,2,322,752,2
82,421,50,0.7,0.15,0.2,0.1,1,1,10,100,"final","random",23,1926,39,26,2,322,762,1
82,421,50,0.7,0.15,0.2,0.1,1,1,10,100,"final","random",23,1926,39,26,2,322,824,1
82,421,50,0.7,0.15,0.2,0.1,1,1,10,100,"final","random",24,1920,39,20,2,322,710,1
82,421,50,0.7,0.15,0.2,0.1,1,1,10,100,"final","random",25,1727,35,27,2,322,594,1
82,421,50,0.7,0.15,0.2,0.1,1,1,10,100,"final","random",25,1727,35,27,2,322,664,1
82,421,50,0.7,0.15,0.2,0.1,1,1,10,100,"final","random",26,1938,39,38,2,322,NA,NA
82,421,50,0.7,0.15,0.2,0.1,1,1,10,100,"final","random",27,1531,31,31,2,322,NA,NA
82,421,50,0.7,0.15,0.2,0.1,1,1,10,100,"final","random",28,1588,32,38,2,322,NA,NA
82,421,50,0.7,0.15,0.2,0.1,1,1,10,100,"final","random",29,997,20,47,1,53,NA,NA
82,421,50,0.7,0.15,0.2,0.1,1,1,10,100,"final","random",30,1788,36,38,2,322,317,1
